"id","BP","FLCΣ","item","response","res"
4,1.1,1.95,"item1",2,0
4,1.1,1.95,"item2",3,0
4,1.1,1.95,"item3",3,0
4,1.1,1.95,"item4",2,0
4,1.1,1.95,"item5",2,0
4,1.1,1.95,"item6",2,0
4,1.1,1.95,"item7",1,0
4,1.1,1.95,"item8",1,0
4,1.1,1.95,"item9",2,0
4,1.1,1.95,"item10",2,0
4,1.1,1.95,"item11",2,0
4,1.1,1.95,"item12",1,0
4,1.1,1.95,"item13",2,0
4,1.1,1.95,"item14",2,0
4,1.1,1.95,"item15",1,0
4,1.1,1.95,"item16",1,0
4,1.1,1.95,"item17",1,0
4,1.1,1.95,"item18",1,0
6,0.76,0.64,"item1",2,0
6,0.76,0.64,"item2",2,0
6,0.76,0.64,"item3",2,0
6,0.76,0.64,"item4",3,0
6,0.76,0.64,"item5",4,1
6,0.76,0.64,"item6",3,0
6,0.76,0.64,"item7",3,0
6,0.76,0.64,"item8",3,0
6,0.76,0.64,"item9",3,0
6,0.76,0.64,"item10",4,1
6,0.76,0.64,"item11",4,1
6,0.76,0.64,"item12",3,0
6,0.76,0.64,"item13",3,0
6,0.76,0.64,"item14",3,0
6,0.76,0.64,"item15",3,0
6,0.76,0.64,"item16",3,0
6,0.76,0.64,"item17",1,0
6,0.76,0.64,"item18",1,0
7,1.69,2.58,"item1",2,0
7,1.69,2.58,"item2",2,0
7,1.69,2.58,"item3",2,0
7,1.69,2.58,"item4",2,0
7,1.69,2.58,"item5",2,0
7,1.69,2.58,"item6",2,0
7,1.69,2.58,"item7",2,0
7,1.69,2.58,"item8",2,0
7,1.69,2.58,"item9",2,0
7,1.69,2.58,"item10",2,0
7,1.69,2.58,"item11",2,0
7,1.69,2.58,"item12",2,0
7,1.69,2.58,"item13",2,0
7,1.69,2.58,"item14",1,0
7,1.69,2.58,"item15",1,0
7,1.69,2.58,"item16",1,0
7,1.69,2.58,"item17",1,0
7,1.69,2.58,"item18",1,0
8,0.56,0.55,"item1",3,0
8,0.56,0.55,"item2",3,0
8,0.56,0.55,"item3",3,0
8,0.56,0.55,"item4",1,0
8,0.56,0.55,"item5",1,0
8,0.56,0.55,"item6",1,0
8,0.56,0.55,"item7",2,0
8,0.56,0.55,"item8",1,0
8,0.56,0.55,"item9",1,0
8,0.56,0.55,"item10",2,0
8,0.56,0.55,"item11",1,0
8,0.56,0.55,"item12",1,0
8,0.56,0.55,"item13",1,0
8,0.56,0.55,"item14",1,0
8,0.56,0.55,"item15",1,0
8,0.56,0.55,"item16",1,0
8,0.56,0.55,"item17",1,0
8,0.56,0.55,"item18",1,0
10,0.52,0.64,"item1",2,0
10,0.52,0.64,"item2",2,0
10,0.52,0.64,"item3",2,0
10,0.52,0.64,"item4",2,0
10,0.52,0.64,"item5",2,0
10,0.52,0.64,"item6",2,0
10,0.52,0.64,"item7",2,0
10,0.52,0.64,"item8",2,0
10,0.52,0.64,"item9",2,0
10,0.52,0.64,"item10",2,0
10,0.52,0.64,"item11",2,0
10,0.52,0.64,"item12",2,0
10,0.52,0.64,"item13",2,0
10,0.52,0.64,"item14",2,0
10,0.52,0.64,"item15",2,0
10,0.52,0.64,"item16",2,0
10,0.52,0.64,"item17",2,0
10,0.52,0.64,"item18",2,0
11,0.89,2.64,"item1",2,0
11,0.89,2.64,"item2",2,0
11,0.89,2.64,"item3",2,0
11,0.89,2.64,"item4",1,0
11,0.89,2.64,"item5",1,0
11,0.89,2.64,"item6",2,0
11,0.89,2.64,"item7",1,0
11,0.89,2.64,"item8",1,0
11,0.89,2.64,"item9",2,0
11,0.89,2.64,"item10",1,0
11,0.89,2.64,"item11",1,0
11,0.89,2.64,"item12",1,0
11,0.89,2.64,"item13",1,0
11,0.89,2.64,"item14",1,0
11,0.89,2.64,"item15",1,0
11,0.89,2.64,"item16",1,0
11,0.89,2.64,"item17",1,0
11,0.89,2.64,"item18",1,0
12,0.74,0.21,"item1",2,0
12,0.74,0.21,"item2",3,0
12,0.74,0.21,"item3",3,0
12,0.74,0.21,"item4",1,0
12,0.74,0.21,"item5",2,0
12,0.74,0.21,"item6",2,0
12,0.74,0.21,"item7",4,1
12,0.74,0.21,"item8",4,1
12,0.74,0.21,"item9",3,0
12,0.74,0.21,"item10",2,0
12,0.74,0.21,"item11",2,0
12,0.74,0.21,"item12",1,0
12,0.74,0.21,"item13",2,0
12,0.74,0.21,"item14",3,0
12,0.74,0.21,"item15",2,0
12,0.74,0.21,"item16",2,0
12,0.74,0.21,"item17",1,0
12,0.74,0.21,"item18",1,0
13,0.71,4.69,"item1",2,0
13,0.71,4.69,"item2",2,0
13,0.71,4.69,"item3",2,0
13,0.71,4.69,"item4",2,0
13,0.71,4.69,"item5",1,0
13,0.71,4.69,"item6",1,0
13,0.71,4.69,"item7",1,0
13,0.71,4.69,"item8",1,0
13,0.71,4.69,"item9",1,0
13,0.71,4.69,"item10",1,0
13,0.71,4.69,"item11",1,0
13,0.71,4.69,"item12",1,0
13,0.71,4.69,"item13",1,0
13,0.71,4.69,"item14",1,0
13,0.71,4.69,"item15",1,0
13,0.71,4.69,"item16",2,0
13,0.71,4.69,"item17",1,0
13,0.71,4.69,"item18",1,0
14,0.51,1.61,"item1",3,0
14,0.51,1.61,"item2",2,0
14,0.51,1.61,"item3",2,0
14,0.51,1.61,"item4",1,0
14,0.51,1.61,"item5",1,0
14,0.51,1.61,"item6",1,0
14,0.51,1.61,"item7",1,0
14,0.51,1.61,"item8",1,0
14,0.51,1.61,"item9",1,0
14,0.51,1.61,"item10",1,0
14,0.51,1.61,"item11",1,0
14,0.51,1.61,"item12",1,0
14,0.51,1.61,"item13",1,0
14,0.51,1.61,"item14",1,0
14,0.51,1.61,"item15",1,0
14,0.51,1.61,"item16",1,0
14,0.51,1.61,"item17",1,0
14,0.51,1.61,"item18",1,0
15,0.54,0.43,"item1",1,0
15,0.54,0.43,"item2",1,0
15,0.54,0.43,"item3",1,0
15,0.54,0.43,"item4",4,1
15,0.54,0.43,"item5",4,1
15,0.54,0.43,"item6",4,1
15,0.54,0.43,"item7",4,1
15,0.54,0.43,"item8",2,0
15,0.54,0.43,"item9",3,0
15,0.54,0.43,"item10",2,0
15,0.54,0.43,"item11",3,0
15,0.54,0.43,"item12",4,1
15,0.54,0.43,"item13",4,1
15,0.54,0.43,"item14",4,1
15,0.54,0.43,"item15",3,0
15,0.54,0.43,"item16",4,1
15,0.54,0.43,"item17",2,0
15,0.54,0.43,"item18",3,0
16,0.68,0.16,"item1",4,1
16,0.68,0.16,"item2",4,1
16,0.68,0.16,"item3",4,1
16,0.68,0.16,"item4",3,0
16,0.68,0.16,"item5",2,0
16,0.68,0.16,"item6",2,0
16,0.68,0.16,"item7",2,0
16,0.68,0.16,"item8",2,0
16,0.68,0.16,"item9",2,0
16,0.68,0.16,"item10",3,0
16,0.68,0.16,"item11",2,0
16,0.68,0.16,"item12",3,0
16,0.68,0.16,"item13",1,0
16,0.68,0.16,"item14",1,0
16,0.68,0.16,"item15",2,0
16,0.68,0.16,"item16",1,0
16,0.68,0.16,"item17",2,0
16,0.68,0.16,"item18",1,0
20,0.87,1.7,"item1",2,0
20,0.87,1.7,"item2",2,0
20,0.87,1.7,"item3",2,0
20,0.87,1.7,"item4",1,0
20,0.87,1.7,"item5",1,0
20,0.87,1.7,"item6",1,0
20,0.87,1.7,"item7",2,0
20,0.87,1.7,"item8",2,0
20,0.87,1.7,"item9",2,0
20,0.87,1.7,"item10",2,0
20,0.87,1.7,"item11",2,0
20,0.87,1.7,"item12",1,0
20,0.87,1.7,"item13",1,0
20,0.87,1.7,"item14",1,0
20,0.87,1.7,"item15",1,0
20,0.87,1.7,"item16",1,0
20,0.87,1.7,"item17",1,0
20,0.87,1.7,"item18",1,0
22,0.52,1.75,"item1",3,0
22,0.52,1.75,"item2",3,0
22,0.52,1.75,"item3",3,0
22,0.52,1.75,"item4",2,0
22,0.52,1.75,"item5",2,0
22,0.52,1.75,"item6",2,0
22,0.52,1.75,"item7",1,0
22,0.52,1.75,"item8",1,0
22,0.52,1.75,"item9",1,0
22,0.52,1.75,"item10",2,0
22,0.52,1.75,"item11",2,0
22,0.52,1.75,"item12",1,0
22,0.52,1.75,"item13",2,0
22,0.52,1.75,"item14",1,0
22,0.52,1.75,"item15",1,0
22,0.52,1.75,"item16",1,0
22,0.52,1.75,"item17",1,0
22,0.52,1.75,"item18",1,0
23,0.75,1.56,"item1",2,0
23,0.75,1.56,"item2",2,0
23,0.75,1.56,"item3",2,0
23,0.75,1.56,"item4",2,0
23,0.75,1.56,"item5",1,0
23,0.75,1.56,"item6",1,0
23,0.75,1.56,"item7",1,0
23,0.75,1.56,"item8",1,0
23,0.75,1.56,"item9",2,0
23,0.75,1.56,"item10",1,0
23,0.75,1.56,"item11",1,0
23,0.75,1.56,"item12",1,0
23,0.75,1.56,"item13",1,0
23,0.75,1.56,"item14",2,0
23,0.75,1.56,"item15",1,0
23,0.75,1.56,"item16",1,0
23,0.75,1.56,"item17",1,0
23,0.75,1.56,"item18",1,0
24,0.41,2.6,"item1",3,0
24,0.41,2.6,"item2",2,0
24,0.41,2.6,"item3",2,0
24,0.41,2.6,"item4",1,0
24,0.41,2.6,"item5",1,0
24,0.41,2.6,"item6",1,0
24,0.41,2.6,"item7",1,0
24,0.41,2.6,"item8",1,0
24,0.41,2.6,"item9",1,0
24,0.41,2.6,"item10",1,0
24,0.41,2.6,"item11",1,0
24,0.41,2.6,"item12",1,0
24,0.41,2.6,"item13",1,0
24,0.41,2.6,"item14",1,0
24,0.41,2.6,"item15",1,0
24,0.41,2.6,"item16",1,0
24,0.41,2.6,"item17",1,0
24,0.41,2.6,"item18",1,0
26,0.51,0.94,"item1",2,0
26,0.51,0.94,"item2",2,0
26,0.51,0.94,"item3",2,0
26,0.51,0.94,"item4",3,0
26,0.51,0.94,"item5",2,0
26,0.51,0.94,"item6",2,0
26,0.51,0.94,"item7",3,0
26,0.51,0.94,"item8",2,0
26,0.51,0.94,"item9",3,0
26,0.51,0.94,"item10",1,0
26,0.51,0.94,"item11",1,0
26,0.51,0.94,"item12",1,0
26,0.51,0.94,"item13",2,0
26,0.51,0.94,"item14",2,0
26,0.51,0.94,"item15",1,0
26,0.51,0.94,"item16",2,0
26,0.51,0.94,"item17",1,0
26,0.51,0.94,"item18",1,0
28,0.75,0.63,"item1",4,1
28,0.75,0.63,"item2",4,1
28,0.75,0.63,"item3",4,1
28,0.75,0.63,"item4",2,0
28,0.75,0.63,"item5",2,0
28,0.75,0.63,"item6",2,0
28,0.75,0.63,"item7",3,0
28,0.75,0.63,"item8",3,0
28,0.75,0.63,"item9",1,0
28,0.75,0.63,"item10",3,0
28,0.75,0.63,"item11",1,0
28,0.75,0.63,"item12",2,0
28,0.75,0.63,"item13",1,0
28,0.75,0.63,"item14",1,0
28,0.75,0.63,"item15",1,0
28,0.75,0.63,"item16",1,0
28,0.75,0.63,"item17",1,0
28,0.75,0.63,"item18",1,0
30,1.09,1.41,"item1",2,0
30,1.09,1.41,"item2",3,0
30,1.09,1.41,"item3",3,0
30,1.09,1.41,"item4",1,0
30,1.09,1.41,"item5",1,0
30,1.09,1.41,"item6",1,0
30,1.09,1.41,"item7",1,0
30,1.09,1.41,"item8",1,0
30,1.09,1.41,"item9",1,0
30,1.09,1.41,"item10",1,0
30,1.09,1.41,"item11",1,0
30,1.09,1.41,"item12",1,0
30,1.09,1.41,"item13",1,0
30,1.09,1.41,"item14",1,0
30,1.09,1.41,"item15",1,0
30,1.09,1.41,"item16",1,0
30,1.09,1.41,"item17",1,0
30,1.09,1.41,"item18",1,0
31,0.65,1.99,"item1",1,0
31,0.65,1.99,"item2",4,1
31,0.65,1.99,"item3",4,1
31,0.65,1.99,"item4",1,0
31,0.65,1.99,"item5",1,0
31,0.65,1.99,"item6",1,0
31,0.65,1.99,"item7",2,0
31,0.65,1.99,"item8",2,0
31,0.65,1.99,"item9",1,0
31,0.65,1.99,"item10",1,0
31,0.65,1.99,"item11",1,0
31,0.65,1.99,"item12",1,0
31,0.65,1.99,"item13",1,0
31,0.65,1.99,"item14",1,0
31,0.65,1.99,"item15",1,0
31,0.65,1.99,"item16",1,0
31,0.65,1.99,"item17",1,0
31,0.65,1.99,"item18",1,0
34,0.82,0.54,"item1",2,0
34,0.82,0.54,"item2",3,0
34,0.82,0.54,"item3",2,0
34,0.82,0.54,"item4",3,0
34,0.82,0.54,"item5",3,0
34,0.82,0.54,"item6",3,0
34,0.82,0.54,"item7",2,0
34,0.82,0.54,"item8",1,0
34,0.82,0.54,"item9",1,0
34,0.82,0.54,"item10",1,0
34,0.82,0.54,"item11",2,0
34,0.82,0.54,"item12",1,0
34,0.82,0.54,"item13",3,0
34,0.82,0.54,"item14",1,0
34,0.82,0.54,"item15",1,0
34,0.82,0.54,"item16",2,0
34,0.82,0.54,"item17",1,0
34,0.82,0.54,"item18",2,0
35,0.65,1.17,"item1",1,0
35,0.65,1.17,"item2",1,0
35,0.65,1.17,"item3",1,0
35,0.65,1.17,"item4",3,0
35,0.65,1.17,"item5",4,1
35,0.65,1.17,"item6",4,1
35,0.65,1.17,"item7",4,1
35,0.65,1.17,"item8",4,1
35,0.65,1.17,"item9",4,1
35,0.65,1.17,"item10",1,0
35,0.65,1.17,"item11",4,1
35,0.65,1.17,"item12",1,0
35,0.65,1.17,"item13",4,1
35,0.65,1.17,"item14",4,1
35,0.65,1.17,"item15",4,1
35,0.65,1.17,"item16",4,1
35,0.65,1.17,"item17",3,0
35,0.65,1.17,"item18",3,0
36,1.22,1.01,"item1",2,0
36,1.22,1.01,"item2",2,0
36,1.22,1.01,"item3",2,0
36,1.22,1.01,"item4",1,0
36,1.22,1.01,"item5",1,0
36,1.22,1.01,"item6",1,0
36,1.22,1.01,"item7",1,0
36,1.22,1.01,"item8",1,0
36,1.22,1.01,"item9",1,0
36,1.22,1.01,"item10",1,0
36,1.22,1.01,"item11",1,0
36,1.22,1.01,"item12",1,0
36,1.22,1.01,"item13",1,0
36,1.22,1.01,"item14",1,0
36,1.22,1.01,"item15",1,0
36,1.22,1.01,"item16",1,0
36,1.22,1.01,"item17",1,0
36,1.22,1.01,"item18",1,0
37,0.78,1.12,"item1",2,0
37,0.78,1.12,"item2",2,0
37,0.78,1.12,"item3",2,0
37,0.78,1.12,"item4",2,0
37,0.78,1.12,"item5",2,0
37,0.78,1.12,"item6",2,0
37,0.78,1.12,"item7",2,0
37,0.78,1.12,"item8",2,0
37,0.78,1.12,"item9",2,0
37,0.78,1.12,"item10",2,0
37,0.78,1.12,"item11",2,0
37,0.78,1.12,"item12",2,0
37,0.78,1.12,"item13",2,0
37,0.78,1.12,"item14",2,0
37,0.78,1.12,"item15",1,0
37,0.78,1.12,"item16",1,0
37,0.78,1.12,"item17",1,0
37,0.78,1.12,"item18",1,0
39,0.84,1.36,"item1",1,0
39,0.84,1.36,"item2",2,0
39,0.84,1.36,"item3",2,0
39,0.84,1.36,"item4",1,0
39,0.84,1.36,"item5",1,0
39,0.84,1.36,"item6",1,0
39,0.84,1.36,"item7",2,0
39,0.84,1.36,"item8",1,0
39,0.84,1.36,"item9",1,0
39,0.84,1.36,"item10",1,0
39,0.84,1.36,"item11",2,0
39,0.84,1.36,"item12",1,0
39,0.84,1.36,"item13",1,0
39,0.84,1.36,"item14",1,0
39,0.84,1.36,"item15",2,0
39,0.84,1.36,"item16",1,0
39,0.84,1.36,"item17",1,0
39,0.84,1.36,"item18",1,0
41,0.87,4.3,"item1",1,0
41,0.87,4.3,"item2",1,0
41,0.87,4.3,"item3",1,0
41,0.87,4.3,"item4",2,0
41,0.87,4.3,"item5",2,0
41,0.87,4.3,"item6",2,0
41,0.87,4.3,"item7",1,0
41,0.87,4.3,"item8",1,0
41,0.87,4.3,"item9",2,0
41,0.87,4.3,"item10",1,0
41,0.87,4.3,"item11",1,0
41,0.87,4.3,"item12",1,0
41,0.87,4.3,"item13",1,0
41,0.87,4.3,"item14",2,0
41,0.87,4.3,"item15",1,0
41,0.87,4.3,"item16",2,0
41,0.87,4.3,"item17",1,0
41,0.87,4.3,"item18",1,0
43,1.14,1.53,"item1",2,0
43,1.14,1.53,"item2",2,0
43,1.14,1.53,"item3",2,0
43,1.14,1.53,"item4",1,0
43,1.14,1.53,"item5",1,0
43,1.14,1.53,"item6",1,0
43,1.14,1.53,"item7",2,0
43,1.14,1.53,"item8",2,0
43,1.14,1.53,"item9",1,0
43,1.14,1.53,"item10",2,0
43,1.14,1.53,"item11",2,0
43,1.14,1.53,"item12",1,0
43,1.14,1.53,"item13",1,0
43,1.14,1.53,"item14",1,0
43,1.14,1.53,"item15",1,0
43,1.14,1.53,"item16",1,0
43,1.14,1.53,"item17",1,0
43,1.14,1.53,"item18",1,0
45,0.97,0.39,"item1",2,0
45,0.97,0.39,"item2",2,0
45,0.97,0.39,"item3",2,0
45,0.97,0.39,"item4",2,0
45,0.97,0.39,"item5",2,0
45,0.97,0.39,"item6",1,0
45,0.97,0.39,"item7",1,0
45,0.97,0.39,"item8",1,0
45,0.97,0.39,"item9",1,0
45,0.97,0.39,"item10",1,0
45,0.97,0.39,"item11",1,0
45,0.97,0.39,"item12",1,0
45,0.97,0.39,"item13",1,0
45,0.97,0.39,"item14",1,0
45,0.97,0.39,"item15",1,0
45,0.97,0.39,"item16",1,0
45,0.97,0.39,"item17",1,0
45,0.97,0.39,"item18",1,0
46,0.54,0.36,"item1",2,0
46,0.54,0.36,"item2",1,0
46,0.54,0.36,"item3",1,0
46,0.54,0.36,"item4",3,0
46,0.54,0.36,"item5",2,0
46,0.54,0.36,"item6",1,0
46,0.54,0.36,"item7",2,0
46,0.54,0.36,"item8",2,0
46,0.54,0.36,"item9",4,1
46,0.54,0.36,"item10",2,0
46,0.54,0.36,"item11",3,0
46,0.54,0.36,"item12",2,0
46,0.54,0.36,"item13",3,0
46,0.54,0.36,"item14",3,0
46,0.54,0.36,"item15",2,0
46,0.54,0.36,"item16",3,0
46,0.54,0.36,"item17",2,0
46,0.54,0.36,"item18",2,0
51,0.6,1.07,"item1",3,0
51,0.6,1.07,"item2",2,0
51,0.6,1.07,"item3",3,0
51,0.6,1.07,"item4",1,0
51,0.6,1.07,"item5",1,0
51,0.6,1.07,"item6",1,0
51,0.6,1.07,"item7",1,0
51,0.6,1.07,"item8",1,0
51,0.6,1.07,"item9",1,0
51,0.6,1.07,"item10",1,0
51,0.6,1.07,"item11",1,0
51,0.6,1.07,"item12",1,0
51,0.6,1.07,"item13",1,0
51,0.6,1.07,"item14",1,0
51,0.6,1.07,"item15",1,0
51,0.6,1.07,"item16",1,0
51,0.6,1.07,"item17",1,0
51,0.6,1.07,"item18",1,0
52,1.01,3.44,"item1",2,0
52,1.01,3.44,"item2",2,0
52,1.01,3.44,"item3",2,0
52,1.01,3.44,"item4",2,0
52,1.01,3.44,"item5",2,0
52,1.01,3.44,"item6",2,0
52,1.01,3.44,"item7",3,0
52,1.01,3.44,"item8",3,0
52,1.01,3.44,"item9",2,0
52,1.01,3.44,"item10",2,0
52,1.01,3.44,"item11",2,0
52,1.01,3.44,"item12",2,0
52,1.01,3.44,"item13",2,0
52,1.01,3.44,"item14",2,0
52,1.01,3.44,"item15",3,0
52,1.01,3.44,"item16",2,0
52,1.01,3.44,"item17",1,0
52,1.01,3.44,"item18",2,0
53,0.93,0.95,"item1",1,0
53,0.93,0.95,"item2",1,0
53,0.93,0.95,"item3",1,0
53,0.93,0.95,"item4",1,0
53,0.93,0.95,"item5",1,0
53,0.93,0.95,"item6",1,0
53,0.93,0.95,"item7",2,0
53,0.93,0.95,"item8",1,0
53,0.93,0.95,"item9",2,0
53,0.93,0.95,"item10",2,0
53,0.93,0.95,"item11",2,0
53,0.93,0.95,"item12",1,0
53,0.93,0.95,"item13",3,0
53,0.93,0.95,"item14",3,0
53,0.93,0.95,"item15",1,0
53,0.93,0.95,"item16",2,0
53,0.93,0.95,"item17",1,0
53,0.93,0.95,"item18",1,0
59,0.89,1.14,"item1",3,0
59,0.89,1.14,"item2",2,0
59,0.89,1.14,"item3",1,0
59,0.89,1.14,"item4",2,0
59,0.89,1.14,"item5",1,0
59,0.89,1.14,"item6",2,0
59,0.89,1.14,"item7",2,0
59,0.89,1.14,"item8",1,0
59,0.89,1.14,"item9",1,0
59,0.89,1.14,"item10",2,0
59,0.89,1.14,"item11",1,0
59,0.89,1.14,"item12",1,0
59,0.89,1.14,"item13",2,0
59,0.89,1.14,"item14",1,0
59,0.89,1.14,"item15",1,0
59,0.89,1.14,"item16",1,0
59,0.89,1.14,"item17",1,0
59,0.89,1.14,"item18",1,0
60,1.12,0.7,"item1",1,0
60,1.12,0.7,"item2",1,0
60,1.12,0.7,"item3",1,0
60,1.12,0.7,"item4",2,0
60,1.12,0.7,"item5",2,0
60,1.12,0.7,"item6",2,0
60,1.12,0.7,"item7",2,0
60,1.12,0.7,"item8",1,0
60,1.12,0.7,"item9",3,0
60,1.12,0.7,"item10",2,0
60,1.12,0.7,"item11",2,0
60,1.12,0.7,"item12",1,0
60,1.12,0.7,"item13",4,1
60,1.12,0.7,"item14",3,0
60,1.12,0.7,"item15",1,0
60,1.12,0.7,"item16",2,0
60,1.12,0.7,"item17",1,0
60,1.12,0.7,"item18",1,0
61,1.33,2.63,"item1",3,0
61,1.33,2.63,"item2",3,0
61,1.33,2.63,"item3",2,0
61,1.33,2.63,"item4",2,0
61,1.33,2.63,"item5",2,0
61,1.33,2.63,"item6",2,0
61,1.33,2.63,"item7",2,0
61,1.33,2.63,"item8",1,0
61,1.33,2.63,"item9",1,0
61,1.33,2.63,"item10",1,0
61,1.33,2.63,"item11",1,0
61,1.33,2.63,"item12",1,0
61,1.33,2.63,"item13",1,0
61,1.33,2.63,"item14",2,0
61,1.33,2.63,"item15",1,0
61,1.33,2.63,"item16",1,0
61,1.33,2.63,"item17",1,0
61,1.33,2.63,"item18",1,0
63,1.06,2.7,"item1",2,0
63,1.06,2.7,"item2",3,0
63,1.06,2.7,"item3",3,0
63,1.06,2.7,"item4",2,0
63,1.06,2.7,"item5",2,0
63,1.06,2.7,"item6",2,0
63,1.06,2.7,"item7",1,0
63,1.06,2.7,"item8",1,0
63,1.06,2.7,"item9",1,0
63,1.06,2.7,"item10",1,0
63,1.06,2.7,"item11",1,0
63,1.06,2.7,"item12",2,0
63,1.06,2.7,"item13",1,0
63,1.06,2.7,"item14",2,0
63,1.06,2.7,"item15",2,0
63,1.06,2.7,"item16",1,0
63,1.06,2.7,"item17",1,0
63,1.06,2.7,"item18",1,0
64,1.15,4.16,"item1",3,0
64,1.15,4.16,"item2",3,0
64,1.15,4.16,"item3",3,0
64,1.15,4.16,"item4",2,0
64,1.15,4.16,"item5",2,0
64,1.15,4.16,"item6",2,0
64,1.15,4.16,"item7",2,0
64,1.15,4.16,"item8",2,0
64,1.15,4.16,"item9",1,0
64,1.15,4.16,"item10",3,0
64,1.15,4.16,"item11",2,0
64,1.15,4.16,"item12",2,0
64,1.15,4.16,"item13",2,0
64,1.15,4.16,"item14",2,0
64,1.15,4.16,"item15",2,0
64,1.15,4.16,"item16",2,0
64,1.15,4.16,"item17",1,0
64,1.15,4.16,"item18",2,0
66,1.21,3.6,"item1",4,1
66,1.21,3.6,"item2",4,1
66,1.21,3.6,"item3",4,1
66,1.21,3.6,"item4",1,0
66,1.21,3.6,"item5",1,0
66,1.21,3.6,"item6",1,0
66,1.21,3.6,"item7",1,0
66,1.21,3.6,"item8",1,0
66,1.21,3.6,"item9",1,0
66,1.21,3.6,"item10",1,0
66,1.21,3.6,"item11",1,0
66,1.21,3.6,"item12",1,0
66,1.21,3.6,"item13",1,0
66,1.21,3.6,"item14",1,0
66,1.21,3.6,"item15",1,0
66,1.21,3.6,"item16",1,0
66,1.21,3.6,"item17",1,0
66,1.21,3.6,"item18",1,0
68,0.6,2.6,"item1",2,0
68,0.6,2.6,"item2",2,0
68,0.6,2.6,"item3",2,0
68,0.6,2.6,"item4",1,0
68,0.6,2.6,"item5",2,0
68,0.6,2.6,"item6",2,0
68,0.6,2.6,"item7",2,0
68,0.6,2.6,"item8",1,0
68,0.6,2.6,"item9",2,0
68,0.6,2.6,"item10",3,0
68,0.6,2.6,"item11",2,0
68,0.6,2.6,"item12",1,0
68,0.6,2.6,"item13",1,0
68,0.6,2.6,"item14",1,0
68,0.6,2.6,"item15",1,0
68,0.6,2.6,"item16",1,0
68,0.6,2.6,"item17",1,0
68,0.6,2.6,"item18",1,0
71,0.7,0.72,"item1",3,0
71,0.7,0.72,"item2",3,0
71,0.7,0.72,"item3",3,0
71,0.7,0.72,"item4",2,0
71,0.7,0.72,"item5",2,0
71,0.7,0.72,"item6",2,0
71,0.7,0.72,"item7",2,0
71,0.7,0.72,"item8",2,0
71,0.7,0.72,"item9",2,0
71,0.7,0.72,"item10",1,0
71,0.7,0.72,"item11",2,0
71,0.7,0.72,"item12",1,0
71,0.7,0.72,"item13",1,0
71,0.7,0.72,"item14",1,0
71,0.7,0.72,"item15",1,0
71,0.7,0.72,"item16",1,0
71,0.7,0.72,"item17",1,0
71,0.7,0.72,"item18",1,0
72,0.46,1.31,"item1",1,0
72,0.46,1.31,"item2",1,0
72,0.46,1.31,"item3",1,0
72,0.46,1.31,"item4",2,0
72,0.46,1.31,"item5",1,0
72,0.46,1.31,"item6",2,0
72,0.46,1.31,"item7",2,0
72,0.46,1.31,"item8",1,0
72,0.46,1.31,"item9",2,0
72,0.46,1.31,"item10",1,0
72,0.46,1.31,"item11",1,0
72,0.46,1.31,"item12",1,0
72,0.46,1.31,"item13",1,0
72,0.46,1.31,"item14",1,0
72,0.46,1.31,"item15",1,0
72,0.46,1.31,"item16",1,0
72,0.46,1.31,"item17",1,0
72,0.46,1.31,"item18",1,0
73,0.84,2.94,"item1",3,0
73,0.84,2.94,"item2",3,0
73,0.84,2.94,"item3",3,0
73,0.84,2.94,"item4",2,0
73,0.84,2.94,"item5",2,0
73,0.84,2.94,"item6",2,0
73,0.84,2.94,"item7",2,0
73,0.84,2.94,"item8",2,0
73,0.84,2.94,"item9",2,0
73,0.84,2.94,"item10",2,0
73,0.84,2.94,"item11",2,0
73,0.84,2.94,"item12",2,0
73,0.84,2.94,"item13",1,0
73,0.84,2.94,"item14",2,0
73,0.84,2.94,"item15",1,0
73,0.84,2.94,"item16",1,0
73,0.84,2.94,"item17",1,0
73,0.84,2.94,"item18",1,0
74,1.09,0.71,"item1",2,0
74,1.09,0.71,"item2",2,0
74,1.09,0.71,"item3",2,0
74,1.09,0.71,"item4",3,0
74,1.09,0.71,"item5",3,0
74,1.09,0.71,"item6",4,1
74,1.09,0.71,"item7",3,0
74,1.09,0.71,"item8",2,0
74,1.09,0.71,"item9",2,0
74,1.09,0.71,"item10",1,0
74,1.09,0.71,"item11",2,0
74,1.09,0.71,"item12",1,0
74,1.09,0.71,"item13",1,0
74,1.09,0.71,"item14",1,0
74,1.09,0.71,"item15",1,0
74,1.09,0.71,"item16",2,0
74,1.09,0.71,"item17",1,0
74,1.09,0.71,"item18",1,0
75,1.55,2.81,"item1",1,0
75,1.55,2.81,"item2",1,0
75,1.55,2.81,"item3",1,0
75,1.55,2.81,"item4",1,0
75,1.55,2.81,"item5",1,0
75,1.55,2.81,"item6",NA,NA
75,1.55,2.81,"item7",2,0
75,1.55,2.81,"item8",2,0
75,1.55,2.81,"item9",2,0
75,1.55,2.81,"item10",1,0
75,1.55,2.81,"item11",2,0
75,1.55,2.81,"item12",1,0
75,1.55,2.81,"item13",2,0
75,1.55,2.81,"item14",1,0
75,1.55,2.81,"item15",2,0
75,1.55,2.81,"item16",2,0
75,1.55,2.81,"item17",2,0
75,1.55,2.81,"item18",1,0
76,0.73,0.88,"item1",2,0
76,0.73,0.88,"item2",2,0
76,0.73,0.88,"item3",2,0
76,0.73,0.88,"item4",3,0
76,0.73,0.88,"item5",3,0
76,0.73,0.88,"item6",2,0
76,0.73,0.88,"item7",1,0
76,0.73,0.88,"item8",1,0
76,0.73,0.88,"item9",1,0
76,0.73,0.88,"item10",2,0
76,0.73,0.88,"item11",2,0
76,0.73,0.88,"item12",2,0
76,0.73,0.88,"item13",1,0
76,0.73,0.88,"item14",1,0
76,0.73,0.88,"item15",1,0
76,0.73,0.88,"item16",1,0
76,0.73,0.88,"item17",1,0
76,0.73,0.88,"item18",2,0
77,0.94,5.92,"item1",3,0
77,0.94,5.92,"item2",3,0
77,0.94,5.92,"item3",3,0
77,0.94,5.92,"item4",2,0
77,0.94,5.92,"item5",2,0
77,0.94,5.92,"item6",1,0
77,0.94,5.92,"item7",1,0
77,0.94,5.92,"item8",1,0
77,0.94,5.92,"item9",2,0
77,0.94,5.92,"item10",2,0
77,0.94,5.92,"item11",1,0
77,0.94,5.92,"item12",1,0
77,0.94,5.92,"item13",1,0
77,0.94,5.92,"item14",1,0
77,0.94,5.92,"item15",1,0
77,0.94,5.92,"item16",1,0
77,0.94,5.92,"item17",1,0
77,0.94,5.92,"item18",1,0
79,0.4,0.49,"item1",3,0
79,0.4,0.49,"item2",3,0
79,0.4,0.49,"item3",3,0
79,0.4,0.49,"item4",2,0
79,0.4,0.49,"item5",2,0
79,0.4,0.49,"item6",2,0
79,0.4,0.49,"item7",2,0
79,0.4,0.49,"item8",2,0
79,0.4,0.49,"item9",2,0
79,0.4,0.49,"item10",2,0
79,0.4,0.49,"item11",2,0
79,0.4,0.49,"item12",2,0
79,0.4,0.49,"item13",2,0
79,0.4,0.49,"item14",3,0
79,0.4,0.49,"item15",2,0
79,0.4,0.49,"item16",2,0
79,0.4,0.49,"item17",1,0
79,0.4,0.49,"item18",2,0
82,1.03,1.04,"item1",2,0
82,1.03,1.04,"item2",2,0
82,1.03,1.04,"item3",3,0
82,1.03,1.04,"item4",3,0
82,1.03,1.04,"item5",2,0
82,1.03,1.04,"item6",2,0
82,1.03,1.04,"item7",3,0
82,1.03,1.04,"item8",2,0
82,1.03,1.04,"item9",3,0
82,1.03,1.04,"item10",3,0
82,1.03,1.04,"item11",3,0
82,1.03,1.04,"item12",3,0
82,1.03,1.04,"item13",3,0
82,1.03,1.04,"item14",3,0
82,1.03,1.04,"item15",3,0
82,1.03,1.04,"item16",2,0
82,1.03,1.04,"item17",3,0
82,1.03,1.04,"item18",2,0
87,0.56,0.83,"item1",2,0
87,0.56,0.83,"item2",2,0
87,0.56,0.83,"item3",2,0
87,0.56,0.83,"item4",2,0
87,0.56,0.83,"item5",2,0
87,0.56,0.83,"item6",2,0
87,0.56,0.83,"item7",2,0
87,0.56,0.83,"item8",2,0
87,0.56,0.83,"item9",2,0
87,0.56,0.83,"item10",2,0
87,0.56,0.83,"item11",2,0
87,0.56,0.83,"item12",2,0
87,0.56,0.83,"item13",2,0
87,0.56,0.83,"item14",2,0
87,0.56,0.83,"item15",2,0
87,0.56,0.83,"item16",2,0
87,0.56,0.83,"item17",1,0
87,0.56,0.83,"item18",1,0
88,0.41,1.27,"item1",2,0
88,0.41,1.27,"item2",2,0
88,0.41,1.27,"item3",2,0
88,0.41,1.27,"item4",2,0
88,0.41,1.27,"item5",2,0
88,0.41,1.27,"item6",1,0
88,0.41,1.27,"item7",2,0
88,0.41,1.27,"item8",1,0
88,0.41,1.27,"item9",1,0
88,0.41,1.27,"item10",1,0
88,0.41,1.27,"item11",2,0
88,0.41,1.27,"item12",1,0
88,0.41,1.27,"item13",1,0
88,0.41,1.27,"item14",1,0
88,0.41,1.27,"item15",1,0
88,0.41,1.27,"item16",1,0
88,0.41,1.27,"item17",1,0
88,0.41,1.27,"item18",2,0
91,0.57,1.51,"item1",2,0
91,0.57,1.51,"item2",2,0
91,0.57,1.51,"item3",2,0
91,0.57,1.51,"item4",2,0
91,0.57,1.51,"item5",2,0
91,0.57,1.51,"item6",2,0
91,0.57,1.51,"item7",3,0
91,0.57,1.51,"item8",3,0
91,0.57,1.51,"item9",2,0
91,0.57,1.51,"item10",3,0
91,0.57,1.51,"item11",3,0
91,0.57,1.51,"item12",3,0
91,0.57,1.51,"item13",3,0
91,0.57,1.51,"item14",2,0
91,0.57,1.51,"item15",2,0
91,0.57,1.51,"item16",2,0
91,0.57,1.51,"item17",2,0
91,0.57,1.51,"item18",2,0
94,0.43,0.37,"item1",2,0
94,0.43,0.37,"item2",3,0
94,0.43,0.37,"item3",3,0
94,0.43,0.37,"item4",2,0
94,0.43,0.37,"item5",2,0
94,0.43,0.37,"item6",1,0
94,0.43,0.37,"item7",1,0
94,0.43,0.37,"item8",1,0
94,0.43,0.37,"item9",1,0
94,0.43,0.37,"item10",1,0
94,0.43,0.37,"item11",1,0
94,0.43,0.37,"item12",1,0
94,0.43,0.37,"item13",1,0
94,0.43,0.37,"item14",1,0
94,0.43,0.37,"item15",1,0
94,0.43,0.37,"item16",1,0
94,0.43,0.37,"item17",1,0
94,0.43,0.37,"item18",1,0
96,0.58,0.73,"item1",2,0
96,0.58,0.73,"item2",2,0
96,0.58,0.73,"item3",1,0
96,0.58,0.73,"item4",2,0
96,0.58,0.73,"item5",2,0
96,0.58,0.73,"item6",1,0
96,0.58,0.73,"item7",3,0
96,0.58,0.73,"item8",3,0
96,0.58,0.73,"item9",4,1
96,0.58,0.73,"item10",2,0
96,0.58,0.73,"item11",1,0
96,0.58,0.73,"item12",1,0
96,0.58,0.73,"item13",2,0
96,0.58,0.73,"item14",2,0
96,0.58,0.73,"item15",1,0
96,0.58,0.73,"item16",2,0
96,0.58,0.73,"item17",1,0
96,0.58,0.73,"item18",1,0
100,0.71,1.23,"item1",2,0
100,0.71,1.23,"item2",2,0
100,0.71,1.23,"item3",2,0
100,0.71,1.23,"item4",2,0
100,0.71,1.23,"item5",2,0
100,0.71,1.23,"item6",2,0
100,0.71,1.23,"item7",3,0
100,0.71,1.23,"item8",2,0
100,0.71,1.23,"item9",2,0
100,0.71,1.23,"item10",2,0
100,0.71,1.23,"item11",2,0
100,0.71,1.23,"item12",2,0
100,0.71,1.23,"item13",2,0
100,0.71,1.23,"item14",2,0
100,0.71,1.23,"item15",2,0
100,0.71,1.23,"item16",2,0
100,0.71,1.23,"item17",2,0
100,0.71,1.23,"item18",2,0
101,0.69,1.33,"item1",2,0
101,0.69,1.33,"item2",2,0
101,0.69,1.33,"item3",2,0
101,0.69,1.33,"item4",2,0
101,0.69,1.33,"item5",2,0
101,0.69,1.33,"item6",2,0
101,0.69,1.33,"item7",2,0
101,0.69,1.33,"item8",2,0
101,0.69,1.33,"item9",2,0
101,0.69,1.33,"item10",2,0
101,0.69,1.33,"item11",2,0
101,0.69,1.33,"item12",2,0
101,0.69,1.33,"item13",2,0
101,0.69,1.33,"item14",2,0
101,0.69,1.33,"item15",2,0
101,0.69,1.33,"item16",2,0
101,0.69,1.33,"item17",2,0
101,0.69,1.33,"item18",1,0
104,0.96,2.5,"item1",1,0
104,0.96,2.5,"item2",1,0
104,0.96,2.5,"item3",1,0
104,0.96,2.5,"item4",1,0
104,0.96,2.5,"item5",2,0
104,0.96,2.5,"item6",2,0
104,0.96,2.5,"item7",2,0
104,0.96,2.5,"item8",1,0
104,0.96,2.5,"item9",2,0
104,0.96,2.5,"item10",2,0
104,0.96,2.5,"item11",1,0
104,0.96,2.5,"item12",1,0
104,0.96,2.5,"item13",1,0
104,0.96,2.5,"item14",1,0
104,0.96,2.5,"item15",1,0
104,0.96,2.5,"item16",1,0
104,0.96,2.5,"item17",1,0
104,0.96,2.5,"item18",1,0
108,0.91,0.38,"item1",2,0
108,0.91,0.38,"item2",3,0
108,0.91,0.38,"item3",3,0
108,0.91,0.38,"item4",2,0
108,0.91,0.38,"item5",1,0
108,0.91,0.38,"item6",1,0
108,0.91,0.38,"item7",3,0
108,0.91,0.38,"item8",3,0
108,0.91,0.38,"item9",3,0
108,0.91,0.38,"item10",1,0
108,0.91,0.38,"item11",1,0
108,0.91,0.38,"item12",1,0
108,0.91,0.38,"item13",1,0
108,0.91,0.38,"item14",1,0
108,0.91,0.38,"item15",1,0
108,0.91,0.38,"item16",1,0
108,0.91,0.38,"item17",1,0
108,0.91,0.38,"item18",1,0
109,0.87,2.87,"item1",2,0
109,0.87,2.87,"item2",1,0
109,0.87,2.87,"item3",1,0
109,0.87,2.87,"item4",1,0
109,0.87,2.87,"item5",1,0
109,0.87,2.87,"item6",1,0
109,0.87,2.87,"item7",3,0
109,0.87,2.87,"item8",2,0
109,0.87,2.87,"item9",4,1
109,0.87,2.87,"item10",1,0
109,0.87,2.87,"item11",1,0
109,0.87,2.87,"item12",1,0
109,0.87,2.87,"item13",1,0
109,0.87,2.87,"item14",4,1
109,0.87,2.87,"item15",2,0
109,0.87,2.87,"item16",1,0
109,0.87,2.87,"item17",1,0
109,0.87,2.87,"item18",1,0
110,0.76,2.23,"item1",2,0
110,0.76,2.23,"item2",2,0
110,0.76,2.23,"item3",2,0
110,0.76,2.23,"item4",3,0
110,0.76,2.23,"item5",2,0
110,0.76,2.23,"item6",3,0
110,0.76,2.23,"item7",3,0
110,0.76,2.23,"item8",3,0
110,0.76,2.23,"item9",3,0
110,0.76,2.23,"item10",2,0
110,0.76,2.23,"item11",1,0
110,0.76,2.23,"item12",1,0
110,0.76,2.23,"item13",2,0
110,0.76,2.23,"item14",1,0
110,0.76,2.23,"item15",1,0
110,0.76,2.23,"item16",1,0
110,0.76,2.23,"item17",1,0
110,0.76,2.23,"item18",1,0
111,0.9,0.46,"item1",2,0
111,0.9,0.46,"item2",2,0
111,0.9,0.46,"item3",2,0
111,0.9,0.46,"item4",2,0
111,0.9,0.46,"item5",2,0
111,0.9,0.46,"item6",2,0
111,0.9,0.46,"item7",3,0
111,0.9,0.46,"item8",3,0
111,0.9,0.46,"item9",3,0
111,0.9,0.46,"item10",2,0
111,0.9,0.46,"item11",2,0
111,0.9,0.46,"item12",2,0
111,0.9,0.46,"item13",2,0
111,0.9,0.46,"item14",2,0
111,0.9,0.46,"item15",2,0
111,0.9,0.46,"item16",2,0
111,0.9,0.46,"item17",2,0
111,0.9,0.46,"item18",1,0
112,NA,NA,"item1",3,0
112,NA,NA,"item2",3,0
112,NA,NA,"item3",3,0
112,NA,NA,"item4",2,0
112,NA,NA,"item5",2,0
112,NA,NA,"item6",2,0
112,NA,NA,"item7",3,0
112,NA,NA,"item8",3,0
112,NA,NA,"item9",3,0
112,NA,NA,"item10",3,0
112,NA,NA,"item11",2,0
112,NA,NA,"item12",3,0
112,NA,NA,"item13",3,0
112,NA,NA,"item14",3,0
112,NA,NA,"item15",3,0
112,NA,NA,"item16",3,0
112,NA,NA,"item17",3,0
112,NA,NA,"item18",3,0
114,0.53,1.27,"item1",1,0
114,0.53,1.27,"item2",2,0
114,0.53,1.27,"item3",2,0
114,0.53,1.27,"item4",2,0
114,0.53,1.27,"item5",2,0
114,0.53,1.27,"item6",2,0
114,0.53,1.27,"item7",2,0
114,0.53,1.27,"item8",2,0
114,0.53,1.27,"item9",2,0
114,0.53,1.27,"item10",2,0
114,0.53,1.27,"item11",2,0
114,0.53,1.27,"item12",2,0
114,0.53,1.27,"item13",2,0
114,0.53,1.27,"item14",2,0
114,0.53,1.27,"item15",2,0
114,0.53,1.27,"item16",2,0
114,0.53,1.27,"item17",1,0
114,0.53,1.27,"item18",1,0
115,0.96,1.11,"item1",1,0
115,0.96,1.11,"item2",1,0
115,0.96,1.11,"item3",1,0
115,0.96,1.11,"item4",2,0
115,0.96,1.11,"item5",2,0
115,0.96,1.11,"item6",2,0
115,0.96,1.11,"item7",3,0
115,0.96,1.11,"item8",3,0
115,0.96,1.11,"item9",3,0
115,0.96,1.11,"item10",3,0
115,0.96,1.11,"item11",3,0
115,0.96,1.11,"item12",3,0
115,0.96,1.11,"item13",3,0
115,0.96,1.11,"item14",3,0
115,0.96,1.11,"item15",3,0
115,0.96,1.11,"item16",3,0
115,0.96,1.11,"item17",3,0
115,0.96,1.11,"item18",2,0
117,0.43,2.5,"item1",2,0
117,0.43,2.5,"item2",2,0
117,0.43,2.5,"item3",2,0
117,0.43,2.5,"item4",3,0
117,0.43,2.5,"item5",2,0
117,0.43,2.5,"item6",2,0
117,0.43,2.5,"item7",2,0
117,0.43,2.5,"item8",2,0
117,0.43,2.5,"item9",2,0
117,0.43,2.5,"item10",2,0
117,0.43,2.5,"item11",3,0
117,0.43,2.5,"item12",2,0
117,0.43,2.5,"item13",2,0
117,0.43,2.5,"item14",2,0
117,0.43,2.5,"item15",2,0
117,0.43,2.5,"item16",2,0
117,0.43,2.5,"item17",2,0
117,0.43,2.5,"item18",2,0
118,0.88,1.02,"item1",2,0
118,0.88,1.02,"item2",2,0
118,0.88,1.02,"item3",2,0
118,0.88,1.02,"item4",2,0
118,0.88,1.02,"item5",2,0
118,0.88,1.02,"item6",2,0
118,0.88,1.02,"item7",2,0
118,0.88,1.02,"item8",2,0
118,0.88,1.02,"item9",2,0
118,0.88,1.02,"item10",2,0
118,0.88,1.02,"item11",3,0
118,0.88,1.02,"item12",3,0
118,0.88,1.02,"item13",2,0
118,0.88,1.02,"item14",2,0
118,0.88,1.02,"item15",3,0
118,0.88,1.02,"item16",2,0
118,0.88,1.02,"item17",2,0
118,0.88,1.02,"item18",2,0
119,0.39,1.86,"item1",2,0
119,0.39,1.86,"item2",2,0
119,0.39,1.86,"item3",2,0
119,0.39,1.86,"item4",3,0
119,0.39,1.86,"item5",2,0
119,0.39,1.86,"item6",2,0
119,0.39,1.86,"item7",3,0
119,0.39,1.86,"item8",3,0
119,0.39,1.86,"item9",2,0
119,0.39,1.86,"item10",4,1
119,0.39,1.86,"item11",4,1
119,0.39,1.86,"item12",4,1
119,0.39,1.86,"item13",3,0
119,0.39,1.86,"item14",4,1
119,0.39,1.86,"item15",2,0
119,0.39,1.86,"item16",2,0
119,0.39,1.86,"item17",2,0
119,0.39,1.86,"item18",2,0
120,0.7,0.92,"item1",3,0
120,0.7,0.92,"item2",3,0
120,0.7,0.92,"item3",3,0
120,0.7,0.92,"item4",3,0
120,0.7,0.92,"item5",1,0
120,0.7,0.92,"item6",1,0
120,0.7,0.92,"item7",2,0
120,0.7,0.92,"item8",2,0
120,0.7,0.92,"item9",2,0
120,0.7,0.92,"item10",2,0
120,0.7,0.92,"item11",2,0
120,0.7,0.92,"item12",1,0
120,0.7,0.92,"item13",2,0
120,0.7,0.92,"item14",1,0
120,0.7,0.92,"item15",2,0
120,0.7,0.92,"item16",2,0
120,0.7,0.92,"item17",2,0
120,0.7,0.92,"item18",2,0
122,0.37,2.05,"item1",1,0
122,0.37,2.05,"item2",1,0
122,0.37,2.05,"item3",1,0
122,0.37,2.05,"item4",1,0
122,0.37,2.05,"item5",2,0
122,0.37,2.05,"item6",2,0
122,0.37,2.05,"item7",3,0
122,0.37,2.05,"item8",3,0
122,0.37,2.05,"item9",1,0
122,0.37,2.05,"item10",2,0
122,0.37,2.05,"item11",1,0
122,0.37,2.05,"item12",1,0
122,0.37,2.05,"item13",1,0
122,0.37,2.05,"item14",1,0
122,0.37,2.05,"item15",1,0
122,0.37,2.05,"item16",1,0
122,0.37,2.05,"item17",1,0
122,0.37,2.05,"item18",1,0
131,0.49,1.69,"item1",3,0
131,0.49,1.69,"item2",3,0
131,0.49,1.69,"item3",2,0
131,0.49,1.69,"item4",2,0
131,0.49,1.69,"item5",2,0
131,0.49,1.69,"item6",2,0
131,0.49,1.69,"item7",3,0
131,0.49,1.69,"item8",2,0
131,0.49,1.69,"item9",1,0
131,0.49,1.69,"item10",3,0
131,0.49,1.69,"item11",1,0
131,0.49,1.69,"item12",1,0
131,0.49,1.69,"item13",1,0
131,0.49,1.69,"item14",1,0
131,0.49,1.69,"item15",1,0
131,0.49,1.69,"item16",1,0
131,0.49,1.69,"item17",1,0
131,0.49,1.69,"item18",1,0
132,0.64,1.2,"item1",2,0
132,0.64,1.2,"item2",2,0
132,0.64,1.2,"item3",2,0
132,0.64,1.2,"item4",2,0
132,0.64,1.2,"item5",2,0
132,0.64,1.2,"item6",2,0
132,0.64,1.2,"item7",2,0
132,0.64,1.2,"item8",2,0
132,0.64,1.2,"item9",1,0
132,0.64,1.2,"item10",2,0
132,0.64,1.2,"item11",1,0
132,0.64,1.2,"item12",1,0
132,0.64,1.2,"item13",1,0
132,0.64,1.2,"item14",1,0
132,0.64,1.2,"item15",1,0
132,0.64,1.2,"item16",1,0
132,0.64,1.2,"item17",1,0
132,0.64,1.2,"item18",2,0
133,0.49,1.15,"item1",2,0
133,0.49,1.15,"item2",2,0
133,0.49,1.15,"item3",2,0
133,0.49,1.15,"item4",1,0
133,0.49,1.15,"item5",1,0
133,0.49,1.15,"item6",1,0
133,0.49,1.15,"item7",1,0
133,0.49,1.15,"item8",1,0
133,0.49,1.15,"item9",1,0
133,0.49,1.15,"item10",1,0
133,0.49,1.15,"item11",1,0
133,0.49,1.15,"item12",1,0
133,0.49,1.15,"item13",1,0
133,0.49,1.15,"item14",1,0
133,0.49,1.15,"item15",1,0
133,0.49,1.15,"item16",1,0
133,0.49,1.15,"item17",1,0
133,0.49,1.15,"item18",1,0
134,0.49,0.83,"item1",4,1
134,0.49,0.83,"item2",3,0
134,0.49,0.83,"item3",3,0
134,0.49,0.83,"item4",2,0
134,0.49,0.83,"item5",2,0
134,0.49,0.83,"item6",2,0
134,0.49,0.83,"item7",2,0
134,0.49,0.83,"item8",2,0
134,0.49,0.83,"item9",2,0
134,0.49,0.83,"item10",1,0
134,0.49,0.83,"item11",2,0
134,0.49,0.83,"item12",1,0
134,0.49,0.83,"item13",1,0
134,0.49,0.83,"item14",1,0
134,0.49,0.83,"item15",2,0
134,0.49,0.83,"item16",2,0
134,0.49,0.83,"item17",1,0
134,0.49,0.83,"item18",1,0
135,0.78,0.29,"item1",3,0
135,0.78,0.29,"item2",3,0
135,0.78,0.29,"item3",3,0
135,0.78,0.29,"item4",3,0
135,0.78,0.29,"item5",2,0
135,0.78,0.29,"item6",2,0
135,0.78,0.29,"item7",2,0
135,0.78,0.29,"item8",2,0
135,0.78,0.29,"item9",2,0
135,0.78,0.29,"item10",2,0
135,0.78,0.29,"item11",2,0
135,0.78,0.29,"item12",2,0
135,0.78,0.29,"item13",2,0
135,0.78,0.29,"item14",2,0
135,0.78,0.29,"item15",2,0
135,0.78,0.29,"item16",2,0
135,0.78,0.29,"item17",1,0
135,0.78,0.29,"item18",1,0
139,0.57,0.78,"item1",2,0
139,0.57,0.78,"item2",2,0
139,0.57,0.78,"item3",2,0
139,0.57,0.78,"item4",2,0
139,0.57,0.78,"item5",1,0
139,0.57,0.78,"item6",2,0
139,0.57,0.78,"item7",3,0
139,0.57,0.78,"item8",2,0
139,0.57,0.78,"item9",2,0
139,0.57,0.78,"item10",2,0
139,0.57,0.78,"item11",2,0
139,0.57,0.78,"item12",2,0
139,0.57,0.78,"item13",1,0
139,0.57,0.78,"item14",2,0
139,0.57,0.78,"item15",2,0
139,0.57,0.78,"item16",2,0
139,0.57,0.78,"item17",1,0
139,0.57,0.78,"item18",2,0
143,0.55,0.77,"item1",2,0
143,0.55,0.77,"item2",2,0
143,0.55,0.77,"item3",2,0
143,0.55,0.77,"item4",2,0
143,0.55,0.77,"item5",2,0
143,0.55,0.77,"item6",2,0
143,0.55,0.77,"item7",2,0
143,0.55,0.77,"item8",2,0
143,0.55,0.77,"item9",2,0
143,0.55,0.77,"item10",3,0
143,0.55,0.77,"item11",3,0
143,0.55,0.77,"item12",2,0
143,0.55,0.77,"item13",3,0
143,0.55,0.77,"item14",4,1
143,0.55,0.77,"item15",3,0
143,0.55,0.77,"item16",2,0
143,0.55,0.77,"item17",1,0
143,0.55,0.77,"item18",2,0
144,0.81,0.78,"item1",2,0
144,0.81,0.78,"item2",3,0
144,0.81,0.78,"item3",3,0
144,0.81,0.78,"item4",1,0
144,0.81,0.78,"item5",2,0
144,0.81,0.78,"item6",2,0
144,0.81,0.78,"item7",2,0
144,0.81,0.78,"item8",2,0
144,0.81,0.78,"item9",1,0
144,0.81,0.78,"item10",1,0
144,0.81,0.78,"item11",1,0
144,0.81,0.78,"item12",1,0
144,0.81,0.78,"item13",1,0
144,0.81,0.78,"item14",1,0
144,0.81,0.78,"item15",1,0
144,0.81,0.78,"item16",1,0
144,0.81,0.78,"item17",1,0
144,0.81,0.78,"item18",1,0
145,0.75,2.58,"item1",1,0
145,0.75,2.58,"item2",1,0
145,0.75,2.58,"item3",1,0
145,0.75,2.58,"item4",2,0
145,0.75,2.58,"item5",2,0
145,0.75,2.58,"item6",2,0
145,0.75,2.58,"item7",3,0
145,0.75,2.58,"item8",3,0
145,0.75,2.58,"item9",3,0
145,0.75,2.58,"item10",3,0
145,0.75,2.58,"item11",3,0
145,0.75,2.58,"item12",3,0
145,0.75,2.58,"item13",3,0
145,0.75,2.58,"item14",2,0
145,0.75,2.58,"item15",1,0
145,0.75,2.58,"item16",3,0
145,0.75,2.58,"item17",1,0
145,0.75,2.58,"item18",3,0
146,0.42,3.65,"item1",2,0
146,0.42,3.65,"item2",3,0
146,0.42,3.65,"item3",2,0
146,0.42,3.65,"item4",3,0
146,0.42,3.65,"item5",3,0
146,0.42,3.65,"item6",2,0
146,0.42,3.65,"item7",3,0
146,0.42,3.65,"item8",3,0
146,0.42,3.65,"item9",3,0
146,0.42,3.65,"item10",1,0
146,0.42,3.65,"item11",1,0
146,0.42,3.65,"item12",1,0
146,0.42,3.65,"item13",1,0
146,0.42,3.65,"item14",2,0
146,0.42,3.65,"item15",2,0
146,0.42,3.65,"item16",2,0
146,0.42,3.65,"item17",1,0
146,0.42,3.65,"item18",1,0
149,1.19,0.31,"item1",3,0
149,1.19,0.31,"item2",3,0
149,1.19,0.31,"item3",3,0
149,1.19,0.31,"item4",2,0
149,1.19,0.31,"item5",2,0
149,1.19,0.31,"item6",2,0
149,1.19,0.31,"item7",2,0
149,1.19,0.31,"item8",2,0
149,1.19,0.31,"item9",2,0
149,1.19,0.31,"item10",3,0
149,1.19,0.31,"item11",2,0
149,1.19,0.31,"item12",2,0
149,1.19,0.31,"item13",2,0
149,1.19,0.31,"item14",2,0
149,1.19,0.31,"item15",3,0
149,1.19,0.31,"item16",1,0
149,1.19,0.31,"item17",2,0
149,1.19,0.31,"item18",1,0
150,0.47,2.73,"item1",2,0
150,0.47,2.73,"item2",2,0
150,0.47,2.73,"item3",2,0
150,0.47,2.73,"item4",1,0
150,0.47,2.73,"item5",1,0
150,0.47,2.73,"item6",1,0
150,0.47,2.73,"item7",3,0
150,0.47,2.73,"item8",1,0
150,0.47,2.73,"item9",2,0
150,0.47,2.73,"item10",1,0
150,0.47,2.73,"item11",2,0
150,0.47,2.73,"item12",1,0
150,0.47,2.73,"item13",1,0
150,0.47,2.73,"item14",1,0
150,0.47,2.73,"item15",1,0
150,0.47,2.73,"item16",1,0
150,0.47,2.73,"item17",1,0
150,0.47,2.73,"item18",1,0
151,0.43,1.16,"item1",4,1
151,0.43,1.16,"item2",4,1
151,0.43,1.16,"item3",4,1
151,0.43,1.16,"item4",2,0
151,0.43,1.16,"item5",2,0
151,0.43,1.16,"item6",1,0
151,0.43,1.16,"item7",1,0
151,0.43,1.16,"item8",1,0
151,0.43,1.16,"item9",1,0
151,0.43,1.16,"item10",1,0
151,0.43,1.16,"item11",1,0
151,0.43,1.16,"item12",1,0
151,0.43,1.16,"item13",1,0
151,0.43,1.16,"item14",1,0
151,0.43,1.16,"item15",1,0
151,0.43,1.16,"item16",1,0
151,0.43,1.16,"item17",1,0
151,0.43,1.16,"item18",1,0
153,0.7,0.67,"item1",3,0
153,0.7,0.67,"item2",3,0
153,0.7,0.67,"item3",3,0
153,0.7,0.67,"item4",1,0
153,0.7,0.67,"item5",1,0
153,0.7,0.67,"item6",1,0
153,0.7,0.67,"item7",1,0
153,0.7,0.67,"item8",1,0
153,0.7,0.67,"item9",1,0
153,0.7,0.67,"item10",1,0
153,0.7,0.67,"item11",1,0
153,0.7,0.67,"item12",1,0
153,0.7,0.67,"item13",1,0
153,0.7,0.67,"item14",1,0
153,0.7,0.67,"item15",1,0
153,0.7,0.67,"item16",1,0
153,0.7,0.67,"item17",1,0
153,0.7,0.67,"item18",1,0
158,0.9,1.84,"item1",2,0
158,0.9,1.84,"item2",2,0
158,0.9,1.84,"item3",2,0
158,0.9,1.84,"item4",2,0
158,0.9,1.84,"item5",2,0
158,0.9,1.84,"item6",2,0
158,0.9,1.84,"item7",2,0
158,0.9,1.84,"item8",2,0
158,0.9,1.84,"item9",2,0
158,0.9,1.84,"item10",2,0
158,0.9,1.84,"item11",3,0
158,0.9,1.84,"item12",1,0
158,0.9,1.84,"item13",2,0
158,0.9,1.84,"item14",3,0
158,0.9,1.84,"item15",2,0
158,0.9,1.84,"item16",2,0
158,0.9,1.84,"item17",2,0
158,0.9,1.84,"item18",1,0
159,0.63,0.3,"item1",3,0
159,0.63,0.3,"item2",2,0
159,0.63,0.3,"item3",2,0
159,0.63,0.3,"item4",3,0
159,0.63,0.3,"item5",2,0
159,0.63,0.3,"item6",3,0
159,0.63,0.3,"item7",2,0
159,0.63,0.3,"item8",1,0
159,0.63,0.3,"item9",3,0
159,0.63,0.3,"item10",1,0
159,0.63,0.3,"item11",1,0
159,0.63,0.3,"item12",1,0
159,0.63,0.3,"item13",1,0
159,0.63,0.3,"item14",1,0
159,0.63,0.3,"item15",1,0
159,0.63,0.3,"item16",1,0
159,0.63,0.3,"item17",1,0
159,0.63,0.3,"item18",1,0
163,0.75,1,"item1",3,0
163,0.75,1,"item2",3,0
163,0.75,1,"item3",3,0
163,0.75,1,"item4",2,0
163,0.75,1,"item5",2,0
163,0.75,1,"item6",1,0
163,0.75,1,"item7",2,0
163,0.75,1,"item8",1,0
163,0.75,1,"item9",1,0
163,0.75,1,"item10",1,0
163,0.75,1,"item11",1,0
163,0.75,1,"item12",1,0
163,0.75,1,"item13",1,0
163,0.75,1,"item14",1,0
163,0.75,1,"item15",1,0
163,0.75,1,"item16",1,0
163,0.75,1,"item17",1,0
163,0.75,1,"item18",1,0
165,0.58,0.79,"item1",2,0
165,0.58,0.79,"item2",2,0
165,0.58,0.79,"item3",2,0
165,0.58,0.79,"item4",2,0
165,0.58,0.79,"item5",2,0
165,0.58,0.79,"item6",2,0
165,0.58,0.79,"item7",2,0
165,0.58,0.79,"item8",2,0
165,0.58,0.79,"item9",2,0
165,0.58,0.79,"item10",2,0
165,0.58,0.79,"item11",2,0
165,0.58,0.79,"item12",2,0
165,0.58,0.79,"item13",3,0
165,0.58,0.79,"item14",2,0
165,0.58,0.79,"item15",2,0
165,0.58,0.79,"item16",2,0
165,0.58,0.79,"item17",2,0
165,0.58,0.79,"item18",1,0
167,0.93,0.6,"item1",4,1
167,0.93,0.6,"item2",4,1
167,0.93,0.6,"item3",4,1
167,0.93,0.6,"item4",1,0
167,0.93,0.6,"item5",1,0
167,0.93,0.6,"item6",1,0
167,0.93,0.6,"item7",1,0
167,0.93,0.6,"item8",1,0
167,0.93,0.6,"item9",1,0
167,0.93,0.6,"item10",1,0
167,0.93,0.6,"item11",1,0
167,0.93,0.6,"item12",1,0
167,0.93,0.6,"item13",1,0
167,0.93,0.6,"item14",1,0
167,0.93,0.6,"item15",1,0
167,0.93,0.6,"item16",1,0
167,0.93,0.6,"item17",1,0
167,0.93,0.6,"item18",1,0
168,0.83,0.94,"item1",3,0
168,0.83,0.94,"item2",3,0
168,0.83,0.94,"item3",3,0
168,0.83,0.94,"item4",2,0
168,0.83,0.94,"item5",2,0
168,0.83,0.94,"item6",2,0
168,0.83,0.94,"item7",3,0
168,0.83,0.94,"item8",3,0
168,0.83,0.94,"item9",2,0
168,0.83,0.94,"item10",3,0
168,0.83,0.94,"item11",2,0
168,0.83,0.94,"item12",2,0
168,0.83,0.94,"item13",2,0
168,0.83,0.94,"item14",2,0
168,0.83,0.94,"item15",2,0
168,0.83,0.94,"item16",2,0
168,0.83,0.94,"item17",2,0
168,0.83,0.94,"item18",1,0
173,1.19,1.57,"item1",3,0
173,1.19,1.57,"item2",3,0
173,1.19,1.57,"item3",3,0
173,1.19,1.57,"item4",2,0
173,1.19,1.57,"item5",2,0
173,1.19,1.57,"item6",2,0
173,1.19,1.57,"item7",2,0
173,1.19,1.57,"item8",1,0
173,1.19,1.57,"item9",1,0
173,1.19,1.57,"item10",1,0
173,1.19,1.57,"item11",1,0
173,1.19,1.57,"item12",1,0
173,1.19,1.57,"item13",1,0
173,1.19,1.57,"item14",1,0
173,1.19,1.57,"item15",1,0
173,1.19,1.57,"item16",1,0
173,1.19,1.57,"item17",1,0
173,1.19,1.57,"item18",1,0
178,0.5,0.79,"item1",2,0
178,0.5,0.79,"item2",2,0
178,0.5,0.79,"item3",2,0
178,0.5,0.79,"item4",4,1
178,0.5,0.79,"item5",4,1
178,0.5,0.79,"item6",4,1
178,0.5,0.79,"item7",3,0
178,0.5,0.79,"item8",1,0
178,0.5,0.79,"item9",1,0
178,0.5,0.79,"item10",1,0
178,0.5,0.79,"item11",1,0
178,0.5,0.79,"item12",1,0
178,0.5,0.79,"item13",1,0
178,0.5,0.79,"item14",1,0
178,0.5,0.79,"item15",1,0
178,0.5,0.79,"item16",1,0
178,0.5,0.79,"item17",1,0
178,0.5,0.79,"item18",1,0
183,0.72,1.87,"item1",2,0
183,0.72,1.87,"item2",3,0
183,0.72,1.87,"item3",3,0
183,0.72,1.87,"item4",2,0
183,0.72,1.87,"item5",1,0
183,0.72,1.87,"item6",2,0
183,0.72,1.87,"item7",2,0
183,0.72,1.87,"item8",2,0
183,0.72,1.87,"item9",2,0
183,0.72,1.87,"item10",2,0
183,0.72,1.87,"item11",1,0
183,0.72,1.87,"item12",1,0
183,0.72,1.87,"item13",1,0
183,0.72,1.87,"item14",1,0
183,0.72,1.87,"item15",1,0
183,0.72,1.87,"item16",1,0
183,0.72,1.87,"item17",1,0
183,0.72,1.87,"item18",1,0
185,0.58,1.37,"item1",3,0
185,0.58,1.37,"item2",3,0
185,0.58,1.37,"item3",3,0
185,0.58,1.37,"item4",2,0
185,0.58,1.37,"item5",1,0
185,0.58,1.37,"item6",2,0
185,0.58,1.37,"item7",2,0
185,0.58,1.37,"item8",1,0
185,0.58,1.37,"item9",1,0
185,0.58,1.37,"item10",2,0
185,0.58,1.37,"item11",2,0
185,0.58,1.37,"item12",2,0
185,0.58,1.37,"item13",1,0
185,0.58,1.37,"item14",1,0
185,0.58,1.37,"item15",1,0
185,0.58,1.37,"item16",1,0
185,0.58,1.37,"item17",1,0
185,0.58,1.37,"item18",1,0
186,0.4,1.68,"item1",4,1
186,0.4,1.68,"item2",4,1
186,0.4,1.68,"item3",3,0
186,0.4,1.68,"item4",1,0
186,0.4,1.68,"item5",1,0
186,0.4,1.68,"item6",1,0
186,0.4,1.68,"item7",3,0
186,0.4,1.68,"item8",1,0
186,0.4,1.68,"item9",1,0
186,0.4,1.68,"item10",1,0
186,0.4,1.68,"item11",1,0
186,0.4,1.68,"item12",1,0
186,0.4,1.68,"item13",1,0
186,0.4,1.68,"item14",1,0
186,0.4,1.68,"item15",1,0
186,0.4,1.68,"item16",1,0
186,0.4,1.68,"item17",1,0
186,0.4,1.68,"item18",1,0
190,0.74,1.36,"item1",2,0
190,0.74,1.36,"item2",2,0
190,0.74,1.36,"item3",2,0
190,0.74,1.36,"item4",2,0
190,0.74,1.36,"item5",2,0
190,0.74,1.36,"item6",2,0
190,0.74,1.36,"item7",2,0
190,0.74,1.36,"item8",2,0
190,0.74,1.36,"item9",1,0
190,0.74,1.36,"item10",1,0
190,0.74,1.36,"item11",1,0
190,0.74,1.36,"item12",1,0
190,0.74,1.36,"item13",1,0
190,0.74,1.36,"item14",1,0
190,0.74,1.36,"item15",1,0
190,0.74,1.36,"item16",1,0
190,0.74,1.36,"item17",1,0
190,0.74,1.36,"item18",1,0
193,0.49,0.54,"item1",3,0
193,0.49,0.54,"item2",4,1
193,0.49,0.54,"item3",3,0
193,0.49,0.54,"item4",2,0
193,0.49,0.54,"item5",2,0
193,0.49,0.54,"item6",1,0
193,0.49,0.54,"item7",1,0
193,0.49,0.54,"item8",1,0
193,0.49,0.54,"item9",1,0
193,0.49,0.54,"item10",1,0
193,0.49,0.54,"item11",2,0
193,0.49,0.54,"item12",1,0
193,0.49,0.54,"item13",2,0
193,0.49,0.54,"item14",1,0
193,0.49,0.54,"item15",1,0
193,0.49,0.54,"item16",1,0
193,0.49,0.54,"item17",1,0
193,0.49,0.54,"item18",3,0
194,0.93,5.2,"item1",1,0
194,0.93,5.2,"item2",1,0
194,0.93,5.2,"item3",1,0
194,0.93,5.2,"item4",1,0
194,0.93,5.2,"item5",1,0
194,0.93,5.2,"item6",1,0
194,0.93,5.2,"item7",2,0
194,0.93,5.2,"item8",2,0
194,0.93,5.2,"item9",1,0
194,0.93,5.2,"item10",2,0
194,0.93,5.2,"item11",1,0
194,0.93,5.2,"item12",1,0
194,0.93,5.2,"item13",1,0
194,0.93,5.2,"item14",1,0
194,0.93,5.2,"item15",1,0
194,0.93,5.2,"item16",1,0
194,0.93,5.2,"item17",1,0
194,0.93,5.2,"item18",1,0
195,0.63,3.07,"item1",2,0
195,0.63,3.07,"item2",2,0
195,0.63,3.07,"item3",4,1
195,0.63,3.07,"item4",1,0
195,0.63,3.07,"item5",1,0
195,0.63,3.07,"item6",1,0
195,0.63,3.07,"item7",1,0
195,0.63,3.07,"item8",1,0
195,0.63,3.07,"item9",1,0
195,0.63,3.07,"item10",1,0
195,0.63,3.07,"item11",1,0
195,0.63,3.07,"item12",1,0
195,0.63,3.07,"item13",1,0
195,0.63,3.07,"item14",4,1
195,0.63,3.07,"item15",1,0
195,0.63,3.07,"item16",1,0
195,0.63,3.07,"item17",1,0
195,0.63,3.07,"item18",1,0
196,0.48,1.91,"item1",2,0
196,0.48,1.91,"item2",2,0
196,0.48,1.91,"item3",2,0
196,0.48,1.91,"item4",3,0
196,0.48,1.91,"item5",3,0
196,0.48,1.91,"item6",3,0
196,0.48,1.91,"item7",3,0
196,0.48,1.91,"item8",3,0
196,0.48,1.91,"item9",3,0
196,0.48,1.91,"item10",1,0
196,0.48,1.91,"item11",1,0
196,0.48,1.91,"item12",1,0
196,0.48,1.91,"item13",2,0
196,0.48,1.91,"item14",2,0
196,0.48,1.91,"item15",1,0
196,0.48,1.91,"item16",2,0
196,0.48,1.91,"item17",1,0
196,0.48,1.91,"item18",1,0
198,0.58,1.04,"item1",2,0
198,0.58,1.04,"item2",2,0
198,0.58,1.04,"item3",2,0
198,0.58,1.04,"item4",4,1
198,0.58,1.04,"item5",3,0
198,0.58,1.04,"item6",3,0
198,0.58,1.04,"item7",3,0
198,0.58,1.04,"item8",2,0
198,0.58,1.04,"item9",1,0
198,0.58,1.04,"item10",4,1
198,0.58,1.04,"item11",4,1
198,0.58,1.04,"item12",3,0
198,0.58,1.04,"item13",3,0
198,0.58,1.04,"item14",2,0
198,0.58,1.04,"item15",2,0
198,0.58,1.04,"item16",3,0
198,0.58,1.04,"item17",3,0
198,0.58,1.04,"item18",3,0
199,0.78,2.7,"item1",2,0
199,0.78,2.7,"item2",2,0
199,0.78,2.7,"item3",2,0
199,0.78,2.7,"item4",3,0
199,0.78,2.7,"item5",3,0
199,0.78,2.7,"item6",3,0
199,0.78,2.7,"item7",2,0
199,0.78,2.7,"item8",1,0
199,0.78,2.7,"item9",2,0
199,0.78,2.7,"item10",2,0
199,0.78,2.7,"item11",1,0
199,0.78,2.7,"item12",1,0
199,0.78,2.7,"item13",2,0
199,0.78,2.7,"item14",2,0
199,0.78,2.7,"item15",2,0
199,0.78,2.7,"item16",3,0
199,0.78,2.7,"item17",1,0
199,0.78,2.7,"item18",1,0
200,0.49,2.77,"item1",4,1
200,0.49,2.77,"item2",4,1
200,0.49,2.77,"item3",4,1
200,0.49,2.77,"item4",2,0
200,0.49,2.77,"item5",2,0
200,0.49,2.77,"item6",1,0
200,0.49,2.77,"item7",1,0
200,0.49,2.77,"item8",1,0
200,0.49,2.77,"item9",1,0
200,0.49,2.77,"item10",2,0
200,0.49,2.77,"item11",1,0
200,0.49,2.77,"item12",1,0
200,0.49,2.77,"item13",1,0
200,0.49,2.77,"item14",1,0
200,0.49,2.77,"item15",1,0
200,0.49,2.77,"item16",1,0
200,0.49,2.77,"item17",1,0
200,0.49,2.77,"item18",1,0
202,0.96,0.75,"item1",3,0
202,0.96,0.75,"item2",3,0
202,0.96,0.75,"item3",3,0
202,0.96,0.75,"item4",1,0
202,0.96,0.75,"item5",1,0
202,0.96,0.75,"item6",1,0
202,0.96,0.75,"item7",1,0
202,0.96,0.75,"item8",1,0
202,0.96,0.75,"item9",1,0
202,0.96,0.75,"item10",1,0
202,0.96,0.75,"item11",1,0
202,0.96,0.75,"item12",1,0
202,0.96,0.75,"item13",1,0
202,0.96,0.75,"item14",1,0
202,0.96,0.75,"item15",1,0
202,0.96,0.75,"item16",1,0
202,0.96,0.75,"item17",1,0
202,0.96,0.75,"item18",1,0
203,0.94,4.56,"item1",4,1
203,0.94,4.56,"item2",4,1
203,0.94,4.56,"item3",4,1
203,0.94,4.56,"item4",1,0
203,0.94,4.56,"item5",2,0
203,0.94,4.56,"item6",1,0
203,0.94,4.56,"item7",2,0
203,0.94,4.56,"item8",2,0
203,0.94,4.56,"item9",2,0
203,0.94,4.56,"item10",3,0
203,0.94,4.56,"item11",4,1
203,0.94,4.56,"item12",2,0
203,0.94,4.56,"item13",2,0
203,0.94,4.56,"item14",1,0
203,0.94,4.56,"item15",1,0
203,0.94,4.56,"item16",1,0
203,0.94,4.56,"item17",1,0
203,0.94,4.56,"item18",1,0
205,0.84,1.51,"item1",3,0
205,0.84,1.51,"item2",3,0
205,0.84,1.51,"item3",3,0
205,0.84,1.51,"item4",2,0
205,0.84,1.51,"item5",2,0
205,0.84,1.51,"item6",2,0
205,0.84,1.51,"item7",2,0
205,0.84,1.51,"item8",2,0
205,0.84,1.51,"item9",2,0
205,0.84,1.51,"item10",2,0
205,0.84,1.51,"item11",2,0
205,0.84,1.51,"item12",1,0
205,0.84,1.51,"item13",1,0
205,0.84,1.51,"item14",1,0
205,0.84,1.51,"item15",1,0
205,0.84,1.51,"item16",1,0
205,0.84,1.51,"item17",1,0
205,0.84,1.51,"item18",2,0
208,1.66,11.12,"item1",1,0
208,1.66,11.12,"item2",2,0
208,1.66,11.12,"item3",2,0
208,1.66,11.12,"item4",2,0
208,1.66,11.12,"item5",2,0
208,1.66,11.12,"item6",2,0
208,1.66,11.12,"item7",2,0
208,1.66,11.12,"item8",1,0
208,1.66,11.12,"item9",3,0
208,1.66,11.12,"item10",2,0
208,1.66,11.12,"item11",2,0
208,1.66,11.12,"item12",2,0
208,1.66,11.12,"item13",2,0
208,1.66,11.12,"item14",3,0
208,1.66,11.12,"item15",2,0
208,1.66,11.12,"item16",2,0
208,1.66,11.12,"item17",1,0
208,1.66,11.12,"item18",1,0
209,0.69,1.05,"item1",2,0
209,0.69,1.05,"item2",2,0
209,0.69,1.05,"item3",2,0
209,0.69,1.05,"item4",1,0
209,0.69,1.05,"item5",1,0
209,0.69,1.05,"item6",2,0
209,0.69,1.05,"item7",1,0
209,0.69,1.05,"item8",1,0
209,0.69,1.05,"item9",1,0
209,0.69,1.05,"item10",2,0
209,0.69,1.05,"item11",2,0
209,0.69,1.05,"item12",1,0
209,0.69,1.05,"item13",2,0
209,0.69,1.05,"item14",1,0
209,0.69,1.05,"item15",2,0
209,0.69,1.05,"item16",2,0
209,0.69,1.05,"item17",1,0
209,0.69,1.05,"item18",2,0
216,0.84,0.4,"item1",1,0
216,0.84,0.4,"item2",1,0
216,0.84,0.4,"item3",1,0
216,0.84,0.4,"item4",2,0
216,0.84,0.4,"item5",2,0
216,0.84,0.4,"item6",2,0
216,0.84,0.4,"item7",2,0
216,0.84,0.4,"item8",2,0
216,0.84,0.4,"item9",2,0
216,0.84,0.4,"item10",2,0
216,0.84,0.4,"item11",2,0
216,0.84,0.4,"item12",2,0
216,0.84,0.4,"item13",2,0
216,0.84,0.4,"item14",2,0
216,0.84,0.4,"item15",2,0
216,0.84,0.4,"item16",2,0
216,0.84,0.4,"item17",2,0
216,0.84,0.4,"item18",1,0
217,0.96,5.79,"item1",3,0
217,0.96,5.79,"item2",3,0
217,0.96,5.79,"item3",3,0
217,0.96,5.79,"item4",2,0
217,0.96,5.79,"item5",2,0
217,0.96,5.79,"item6",2,0
217,0.96,5.79,"item7",3,0
217,0.96,5.79,"item8",3,0
217,0.96,5.79,"item9",2,0
217,0.96,5.79,"item10",2,0
217,0.96,5.79,"item11",3,0
217,0.96,5.79,"item12",1,0
217,0.96,5.79,"item13",1,0
217,0.96,5.79,"item14",1,0
217,0.96,5.79,"item15",1,0
217,0.96,5.79,"item16",1,0
217,0.96,5.79,"item17",1,0
217,0.96,5.79,"item18",1,0
218,0.9,1.06,"item1",3,0
218,0.9,1.06,"item2",3,0
218,0.9,1.06,"item3",2,0
218,0.9,1.06,"item4",2,0
218,0.9,1.06,"item5",2,0
218,0.9,1.06,"item6",2,0
218,0.9,1.06,"item7",2,0
218,0.9,1.06,"item8",2,0
218,0.9,1.06,"item9",2,0
218,0.9,1.06,"item10",1,0
218,0.9,1.06,"item11",2,0
218,0.9,1.06,"item12",1,0
218,0.9,1.06,"item13",2,0
218,0.9,1.06,"item14",1,0
218,0.9,1.06,"item15",1,0
218,0.9,1.06,"item16",2,0
218,0.9,1.06,"item17",1,0
218,0.9,1.06,"item18",2,0
219,0.49,0.83,"item1",2,0
219,0.49,0.83,"item2",3,0
219,0.49,0.83,"item3",4,1
219,0.49,0.83,"item4",2,0
219,0.49,0.83,"item5",2,0
219,0.49,0.83,"item6",2,0
219,0.49,0.83,"item7",4,1
219,0.49,0.83,"item8",4,1
219,0.49,0.83,"item9",3,0
219,0.49,0.83,"item10",3,0
219,0.49,0.83,"item11",2,0
219,0.49,0.83,"item12",1,0
219,0.49,0.83,"item13",2,0
219,0.49,0.83,"item14",2,0
219,0.49,0.83,"item15",2,0
219,0.49,0.83,"item16",2,0
219,0.49,0.83,"item17",1,0
219,0.49,0.83,"item18",1,0
221,0.69,0.46,"item1",2,0
221,0.69,0.46,"item2",3,0
221,0.69,0.46,"item3",3,0
221,0.69,0.46,"item4",2,0
221,0.69,0.46,"item5",3,0
221,0.69,0.46,"item6",3,0
221,0.69,0.46,"item7",4,1
221,0.69,0.46,"item8",3,0
221,0.69,0.46,"item9",3,0
221,0.69,0.46,"item10",3,0
221,0.69,0.46,"item11",2,0
221,0.69,0.46,"item12",2,0
221,0.69,0.46,"item13",3,0
221,0.69,0.46,"item14",2,0
221,0.69,0.46,"item15",2,0
221,0.69,0.46,"item16",2,0
221,0.69,0.46,"item17",2,0
221,0.69,0.46,"item18",1,0
222,2.05,2.5,"item1",1,0
222,2.05,2.5,"item2",1,0
222,2.05,2.5,"item3",1,0
222,2.05,2.5,"item4",4,1
222,2.05,2.5,"item5",4,1
222,2.05,2.5,"item6",4,1
222,2.05,2.5,"item7",4,1
222,2.05,2.5,"item8",4,1
222,2.05,2.5,"item9",4,1
222,2.05,2.5,"item10",4,1
222,2.05,2.5,"item11",3,0
222,2.05,2.5,"item12",3,0
222,2.05,2.5,"item13",3,0
222,2.05,2.5,"item14",3,0
222,2.05,2.5,"item15",2,0
222,2.05,2.5,"item16",2,0
222,2.05,2.5,"item17",2,0
222,2.05,2.5,"item18",2,0
223,1.01,1.71,"item1",1,0
223,1.01,1.71,"item2",2,0
223,1.01,1.71,"item3",1,0
223,1.01,1.71,"item4",1,0
223,1.01,1.71,"item5",1,0
223,1.01,1.71,"item6",2,0
223,1.01,1.71,"item7",2,0
223,1.01,1.71,"item8",1,0
223,1.01,1.71,"item9",2,0
223,1.01,1.71,"item10",1,0
223,1.01,1.71,"item11",1,0
223,1.01,1.71,"item12",1,0
223,1.01,1.71,"item13",1,0
223,1.01,1.71,"item14",1,0
223,1.01,1.71,"item15",1,0
223,1.01,1.71,"item16",1,0
223,1.01,1.71,"item17",1,0
223,1.01,1.71,"item18",1,0
224,0.52,0.74,"item1",3,0
224,0.52,0.74,"item2",2,0
224,0.52,0.74,"item3",2,0
224,0.52,0.74,"item4",2,0
224,0.52,0.74,"item5",3,0
224,0.52,0.74,"item6",2,0
224,0.52,0.74,"item7",3,0
224,0.52,0.74,"item8",2,0
224,0.52,0.74,"item9",2,0
224,0.52,0.74,"item10",2,0
224,0.52,0.74,"item11",1,0
224,0.52,0.74,"item12",1,0
224,0.52,0.74,"item13",2,0
224,0.52,0.74,"item14",1,0
224,0.52,0.74,"item15",1,0
224,0.52,0.74,"item16",2,0
224,0.52,0.74,"item17",1,0
224,0.52,0.74,"item18",1,0
226,0.78,3.66,"item1",3,0
226,0.78,3.66,"item2",2,0
226,0.78,3.66,"item3",2,0
226,0.78,3.66,"item4",2,0
226,0.78,3.66,"item5",3,0
226,0.78,3.66,"item6",2,0
226,0.78,3.66,"item7",2,0
226,0.78,3.66,"item8",2,0
226,0.78,3.66,"item9",2,0
226,0.78,3.66,"item10",1,0
226,0.78,3.66,"item11",2,0
226,0.78,3.66,"item12",1,0
226,0.78,3.66,"item13",1,0
226,0.78,3.66,"item14",3,0
226,0.78,3.66,"item15",2,0
226,0.78,3.66,"item16",2,0
226,0.78,3.66,"item17",2,0
226,0.78,3.66,"item18",1,0
228,0.81,0.38,"item1",2,0
228,0.81,0.38,"item2",3,0
228,0.81,0.38,"item3",3,0
228,0.81,0.38,"item4",3,0
228,0.81,0.38,"item5",2,0
228,0.81,0.38,"item6",2,0
228,0.81,0.38,"item7",3,0
228,0.81,0.38,"item8",3,0
228,0.81,0.38,"item9",3,0
228,0.81,0.38,"item10",2,0
228,0.81,0.38,"item11",3,0
228,0.81,0.38,"item12",2,0
228,0.81,0.38,"item13",2,0
228,0.81,0.38,"item14",2,0
228,0.81,0.38,"item15",2,0
228,0.81,0.38,"item16",2,0
228,0.81,0.38,"item17",1,0
228,0.81,0.38,"item18",2,0
230,1.25,1.77,"item1",2,0
230,1.25,1.77,"item2",2,0
230,1.25,1.77,"item3",2,0
230,1.25,1.77,"item4",2,0
230,1.25,1.77,"item5",2,0
230,1.25,1.77,"item6",2,0
230,1.25,1.77,"item7",2,0
230,1.25,1.77,"item8",2,0
230,1.25,1.77,"item9",1,0
230,1.25,1.77,"item10",1,0
230,1.25,1.77,"item11",1,0
230,1.25,1.77,"item12",1,0
230,1.25,1.77,"item13",1,0
230,1.25,1.77,"item14",1,0
230,1.25,1.77,"item15",1,0
230,1.25,1.77,"item16",1,0
230,1.25,1.77,"item17",1,0
230,1.25,1.77,"item18",1,0
231,0.48,0.88,"item1",1,0
231,0.48,0.88,"item2",1,0
231,0.48,0.88,"item3",1,0
231,0.48,0.88,"item4",3,0
231,0.48,0.88,"item5",3,0
231,0.48,0.88,"item6",1,0
231,0.48,0.88,"item7",1,0
231,0.48,0.88,"item8",1,0
231,0.48,0.88,"item9",1,0
231,0.48,0.88,"item10",1,0
231,0.48,0.88,"item11",1,0
231,0.48,0.88,"item12",1,0
231,0.48,0.88,"item13",1,0
231,0.48,0.88,"item14",1,0
231,0.48,0.88,"item15",1,0
231,0.48,0.88,"item16",1,0
231,0.48,0.88,"item17",1,0
231,0.48,0.88,"item18",1,0
234,0.94,0.95,"item1",3,0
234,0.94,0.95,"item2",3,0
234,0.94,0.95,"item3",3,0
234,0.94,0.95,"item4",2,0
234,0.94,0.95,"item5",2,0
234,0.94,0.95,"item6",2,0
234,0.94,0.95,"item7",1,0
234,0.94,0.95,"item8",1,0
234,0.94,0.95,"item9",1,0
234,0.94,0.95,"item10",1,0
234,0.94,0.95,"item11",1,0
234,0.94,0.95,"item12",1,0
234,0.94,0.95,"item13",1,0
234,0.94,0.95,"item14",1,0
234,0.94,0.95,"item15",1,0
234,0.94,0.95,"item16",1,0
234,0.94,0.95,"item17",1,0
234,0.94,0.95,"item18",1,0
236,0.46,1.86,"item1",3,0
236,0.46,1.86,"item2",3,0
236,0.46,1.86,"item3",3,0
236,0.46,1.86,"item4",1,0
236,0.46,1.86,"item5",1,0
236,0.46,1.86,"item6",1,0
236,0.46,1.86,"item7",2,0
236,0.46,1.86,"item8",1,0
236,0.46,1.86,"item9",2,0
236,0.46,1.86,"item10",2,0
236,0.46,1.86,"item11",1,0
236,0.46,1.86,"item12",2,0
236,0.46,1.86,"item13",1,0
236,0.46,1.86,"item14",2,0
236,0.46,1.86,"item15",1,0
236,0.46,1.86,"item16",1,0
236,0.46,1.86,"item17",1,0
236,0.46,1.86,"item18",1,0
237,0.74,0.44,"item1",3,0
237,0.74,0.44,"item2",3,0
237,0.74,0.44,"item3",3,0
237,0.74,0.44,"item4",1,0
237,0.74,0.44,"item5",1,0
237,0.74,0.44,"item6",1,0
237,0.74,0.44,"item7",3,0
237,0.74,0.44,"item8",3,0
237,0.74,0.44,"item9",2,0
237,0.74,0.44,"item10",2,0
237,0.74,0.44,"item11",1,0
237,0.74,0.44,"item12",1,0
237,0.74,0.44,"item13",1,0
237,0.74,0.44,"item14",2,0
237,0.74,0.44,"item15",1,0
237,0.74,0.44,"item16",1,0
237,0.74,0.44,"item17",1,0
237,0.74,0.44,"item18",1,0
238,1.33,5.31,"item1",1,0
238,1.33,5.31,"item2",1,0
238,1.33,5.31,"item3",1,0
238,1.33,5.31,"item4",1,0
238,1.33,5.31,"item5",1,0
238,1.33,5.31,"item6",4,1
238,1.33,5.31,"item7",4,1
238,1.33,5.31,"item8",4,1
238,1.33,5.31,"item9",4,1
238,1.33,5.31,"item10",4,1
238,1.33,5.31,"item11",4,1
238,1.33,5.31,"item12",4,1
238,1.33,5.31,"item13",4,1
238,1.33,5.31,"item14",4,1
238,1.33,5.31,"item15",4,1
238,1.33,5.31,"item16",4,1
238,1.33,5.31,"item17",4,1
238,1.33,5.31,"item18",1,0
241,0.7,2.21,"item1",3,0
241,0.7,2.21,"item2",3,0
241,0.7,2.21,"item3",2,0
241,0.7,2.21,"item4",3,0
241,0.7,2.21,"item5",3,0
241,0.7,2.21,"item6",3,0
241,0.7,2.21,"item7",2,0
241,0.7,2.21,"item8",2,0
241,0.7,2.21,"item9",2,0
241,0.7,2.21,"item10",1,0
241,0.7,2.21,"item11",1,0
241,0.7,2.21,"item12",1,0
241,0.7,2.21,"item13",1,0
241,0.7,2.21,"item14",1,0
241,0.7,2.21,"item15",1,0
241,0.7,2.21,"item16",2,0
241,0.7,2.21,"item17",1,0
241,0.7,2.21,"item18",1,0
242,0.52,0.84,"item1",3,0
242,0.52,0.84,"item2",3,0
242,0.52,0.84,"item3",3,0
242,0.52,0.84,"item4",1,0
242,0.52,0.84,"item5",2,0
242,0.52,0.84,"item6",1,0
242,0.52,0.84,"item7",2,0
242,0.52,0.84,"item8",2,0
242,0.52,0.84,"item9",2,0
242,0.52,0.84,"item10",2,0
242,0.52,0.84,"item11",1,0
242,0.52,0.84,"item12",1,0
242,0.52,0.84,"item13",1,0
242,0.52,0.84,"item14",2,0
242,0.52,0.84,"item15",1,0
242,0.52,0.84,"item16",1,0
242,0.52,0.84,"item17",1,0
242,0.52,0.84,"item18",1,0
245,0.55,2.04,"item1",2,0
245,0.55,2.04,"item2",1,0
245,0.55,2.04,"item3",2,0
245,0.55,2.04,"item4",3,0
245,0.55,2.04,"item5",3,0
245,0.55,2.04,"item6",2,0
245,0.55,2.04,"item7",2,0
245,0.55,2.04,"item8",2,0
245,0.55,2.04,"item9",3,0
245,0.55,2.04,"item10",2,0
245,0.55,2.04,"item11",3,0
245,0.55,2.04,"item12",3,0
245,0.55,2.04,"item13",2,0
245,0.55,2.04,"item14",2,0
245,0.55,2.04,"item15",2,0
245,0.55,2.04,"item16",2,0
245,0.55,2.04,"item17",2,0
245,0.55,2.04,"item18",2,0
251,0.71,3.32,"item1",2,0
251,0.71,3.32,"item2",2,0
251,0.71,3.32,"item3",2,0
251,0.71,3.32,"item4",1,0
251,0.71,3.32,"item5",1,0
251,0.71,3.32,"item6",2,0
251,0.71,3.32,"item7",2,0
251,0.71,3.32,"item8",2,0
251,0.71,3.32,"item9",1,0
251,0.71,3.32,"item10",1,0
251,0.71,3.32,"item11",2,0
251,0.71,3.32,"item12",2,0
251,0.71,3.32,"item13",1,0
251,0.71,3.32,"item14",3,0
251,0.71,3.32,"item15",2,0
251,0.71,3.32,"item16",2,0
251,0.71,3.32,"item17",1,0
251,0.71,3.32,"item18",1,0
253,0.95,2.18,"item1",3,0
253,0.95,2.18,"item2",3,0
253,0.95,2.18,"item3",3,0
253,0.95,2.18,"item4",2,0
253,0.95,2.18,"item5",2,0
253,0.95,2.18,"item6",2,0
253,0.95,2.18,"item7",2,0
253,0.95,2.18,"item8",2,0
253,0.95,2.18,"item9",1,0
253,0.95,2.18,"item10",1,0
253,0.95,2.18,"item11",1,0
253,0.95,2.18,"item12",1,0
253,0.95,2.18,"item13",1,0
253,0.95,2.18,"item14",1,0
253,0.95,2.18,"item15",1,0
253,0.95,2.18,"item16",1,0
253,0.95,2.18,"item17",1,0
253,0.95,2.18,"item18",1,0
254,0.94,0.99,"item1",2,0
254,0.94,0.99,"item2",2,0
254,0.94,0.99,"item3",2,0
254,0.94,0.99,"item4",3,0
254,0.94,0.99,"item5",3,0
254,0.94,0.99,"item6",2,0
254,0.94,0.99,"item7",1,0
254,0.94,0.99,"item8",1,0
254,0.94,0.99,"item9",1,0
254,0.94,0.99,"item10",1,0
254,0.94,0.99,"item11",1,0
254,0.94,0.99,"item12",1,0
254,0.94,0.99,"item13",1,0
254,0.94,0.99,"item14",1,0
254,0.94,0.99,"item15",1,0
254,0.94,0.99,"item16",1,0
254,0.94,0.99,"item17",1,0
254,0.94,0.99,"item18",1,0
255,1.51,3.88,"item1",2,0
255,1.51,3.88,"item2",1,0
255,1.51,3.88,"item3",2,0
255,1.51,3.88,"item4",2,0
255,1.51,3.88,"item5",2,0
255,1.51,3.88,"item6",2,0
255,1.51,3.88,"item7",3,0
255,1.51,3.88,"item8",3,0
255,1.51,3.88,"item9",4,1
255,1.51,3.88,"item10",2,0
255,1.51,3.88,"item11",2,0
255,1.51,3.88,"item12",2,0
255,1.51,3.88,"item13",1,0
255,1.51,3.88,"item14",3,0
255,1.51,3.88,"item15",2,0
255,1.51,3.88,"item16",2,0
255,1.51,3.88,"item17",1,0
255,1.51,3.88,"item18",1,0
258,0.59,2.73,"item1",2,0
258,0.59,2.73,"item2",2,0
258,0.59,2.73,"item3",2,0
258,0.59,2.73,"item4",2,0
258,0.59,2.73,"item5",2,0
258,0.59,2.73,"item6",2,0
258,0.59,2.73,"item7",2,0
258,0.59,2.73,"item8",2,0
258,0.59,2.73,"item9",2,0
258,0.59,2.73,"item10",2,0
258,0.59,2.73,"item11",2,0
258,0.59,2.73,"item12",2,0
258,0.59,2.73,"item13",1,0
258,0.59,2.73,"item14",2,0
258,0.59,2.73,"item15",2,0
258,0.59,2.73,"item16",2,0
258,0.59,2.73,"item17",2,0
258,0.59,2.73,"item18",2,0
259,NA,NA,"item1",2,0
259,NA,NA,"item2",2,0
259,NA,NA,"item3",2,0
259,NA,NA,"item4",3,0
259,NA,NA,"item5",3,0
259,NA,NA,"item6",3,0
259,NA,NA,"item7",3,0
259,NA,NA,"item8",3,0
259,NA,NA,"item9",3,0
259,NA,NA,"item10",3,0
259,NA,NA,"item11",3,0
259,NA,NA,"item12",2,0
259,NA,NA,"item13",3,0
259,NA,NA,"item14",3,0
259,NA,NA,"item15",2,0
259,NA,NA,"item16",2,0
259,NA,NA,"item17",2,0
259,NA,NA,"item18",3,0
262,0.55,1.43,"item1",2,0
262,0.55,1.43,"item2",2,0
262,0.55,1.43,"item3",2,0
262,0.55,1.43,"item4",2,0
262,0.55,1.43,"item5",3,0
262,0.55,1.43,"item6",2,0
262,0.55,1.43,"item7",1,0
262,0.55,1.43,"item8",1,0
262,0.55,1.43,"item9",1,0
262,0.55,1.43,"item10",1,0
262,0.55,1.43,"item11",1,0
262,0.55,1.43,"item12",1,0
262,0.55,1.43,"item13",2,0
262,0.55,1.43,"item14",1,0
262,0.55,1.43,"item15",1,0
262,0.55,1.43,"item16",1,0
262,0.55,1.43,"item17",1,0
262,0.55,1.43,"item18",1,0
266,0.56,0.54,"item1",2,0
266,0.56,0.54,"item2",2,0
266,0.56,0.54,"item3",2,0
266,0.56,0.54,"item4",2,0
266,0.56,0.54,"item5",2,0
266,0.56,0.54,"item6",3,0
266,0.56,0.54,"item7",3,0
266,0.56,0.54,"item8",3,0
266,0.56,0.54,"item9",4,1
266,0.56,0.54,"item10",2,0
266,0.56,0.54,"item11",3,0
266,0.56,0.54,"item12",2,0
266,0.56,0.54,"item13",3,0
266,0.56,0.54,"item14",3,0
266,0.56,0.54,"item15",2,0
266,0.56,0.54,"item16",2,0
266,0.56,0.54,"item17",1,0
266,0.56,0.54,"item18",1,0
267,4.26,0.25,"item1",2,0
267,4.26,0.25,"item2",1,0
267,4.26,0.25,"item3",2,0
267,4.26,0.25,"item4",3,0
267,4.26,0.25,"item5",3,0
267,4.26,0.25,"item6",2,0
267,4.26,0.25,"item7",2,0
267,4.26,0.25,"item8",1,0
267,4.26,0.25,"item9",3,0
267,4.26,0.25,"item10",3,0
267,4.26,0.25,"item11",2,0
267,4.26,0.25,"item12",1,0
267,4.26,0.25,"item13",2,0
267,4.26,0.25,"item14",3,0
267,4.26,0.25,"item15",2,0
267,4.26,0.25,"item16",2,0
267,4.26,0.25,"item17",2,0
267,4.26,0.25,"item18",2,0
268,1.56,8.24,"item1",2,0
268,1.56,8.24,"item2",3,0
268,1.56,8.24,"item3",2,0
268,1.56,8.24,"item4",3,0
268,1.56,8.24,"item5",2,0
268,1.56,8.24,"item6",2,0
268,1.56,8.24,"item7",2,0
268,1.56,8.24,"item8",2,0
268,1.56,8.24,"item9",2,0
268,1.56,8.24,"item10",2,0
268,1.56,8.24,"item11",2,0
268,1.56,8.24,"item12",1,0
268,1.56,8.24,"item13",1,0
268,1.56,8.24,"item14",2,0
268,1.56,8.24,"item15",2,0
268,1.56,8.24,"item16",2,0
268,1.56,8.24,"item17",1,0
268,1.56,8.24,"item18",1,0
270,0.34,1.23,"item1",2,0
270,0.34,1.23,"item2",1,0
270,0.34,1.23,"item3",1,0
270,0.34,1.23,"item4",1,0
270,0.34,1.23,"item5",1,0
270,0.34,1.23,"item6",1,0
270,0.34,1.23,"item7",1,0
270,0.34,1.23,"item8",1,0
270,0.34,1.23,"item9",1,0
270,0.34,1.23,"item10",1,0
270,0.34,1.23,"item11",1,0
270,0.34,1.23,"item12",1,0
270,0.34,1.23,"item13",1,0
270,0.34,1.23,"item14",1,0
270,0.34,1.23,"item15",1,0
270,0.34,1.23,"item16",1,0
270,0.34,1.23,"item17",1,0
270,0.34,1.23,"item18",1,0
272,0.72,0.69,"item1",3,0
272,0.72,0.69,"item2",3,0
272,0.72,0.69,"item3",3,0
272,0.72,0.69,"item4",1,0
272,0.72,0.69,"item5",1,0
272,0.72,0.69,"item6",1,0
272,0.72,0.69,"item7",1,0
272,0.72,0.69,"item8",1,0
272,0.72,0.69,"item9",1,0
272,0.72,0.69,"item10",1,0
272,0.72,0.69,"item11",1,0
272,0.72,0.69,"item12",1,0
272,0.72,0.69,"item13",1,0
272,0.72,0.69,"item14",1,0
272,0.72,0.69,"item15",1,0
272,0.72,0.69,"item16",1,0
272,0.72,0.69,"item17",1,0
272,0.72,0.69,"item18",1,0
274,0.93,2.52,"item1",2,0
274,0.93,2.52,"item2",2,0
274,0.93,2.52,"item3",2,0
274,0.93,2.52,"item4",2,0
274,0.93,2.52,"item5",2,0
274,0.93,2.52,"item6",2,0
274,0.93,2.52,"item7",3,0
274,0.93,2.52,"item8",3,0
274,0.93,2.52,"item9",2,0
274,0.93,2.52,"item10",1,0
274,0.93,2.52,"item11",2,0
274,0.93,2.52,"item12",1,0
274,0.93,2.52,"item13",1,0
274,0.93,2.52,"item14",2,0
274,0.93,2.52,"item15",2,0
274,0.93,2.52,"item16",1,0
274,0.93,2.52,"item17",1,0
274,0.93,2.52,"item18",1,0
278,0.73,0.93,"item1",2,0
278,0.73,0.93,"item2",2,0
278,0.73,0.93,"item3",2,0
278,0.73,0.93,"item4",3,0
278,0.73,0.93,"item5",3,0
278,0.73,0.93,"item6",3,0
278,0.73,0.93,"item7",3,0
278,0.73,0.93,"item8",3,0
278,0.73,0.93,"item9",3,0
278,0.73,0.93,"item10",3,0
278,0.73,0.93,"item11",3,0
278,0.73,0.93,"item12",2,0
278,0.73,0.93,"item13",2,0
278,0.73,0.93,"item14",1,0
278,0.73,0.93,"item15",1,0
278,0.73,0.93,"item16",1,0
278,0.73,0.93,"item17",1,0
278,0.73,0.93,"item18",1,0
280,0.49,0.92,"item1",2,0
280,0.49,0.92,"item2",2,0
280,0.49,0.92,"item3",3,0
280,0.49,0.92,"item4",1,0
280,0.49,0.92,"item5",1,0
280,0.49,0.92,"item6",2,0
280,0.49,0.92,"item7",1,0
280,0.49,0.92,"item8",1,0
280,0.49,0.92,"item9",2,0
280,0.49,0.92,"item10",1,0
280,0.49,0.92,"item11",1,0
280,0.49,0.92,"item12",1,0
280,0.49,0.92,"item13",1,0
280,0.49,0.92,"item14",1,0
280,0.49,0.92,"item15",1,0
280,0.49,0.92,"item16",1,0
280,0.49,0.92,"item17",1,0
280,0.49,0.92,"item18",1,0
283,0.43,0.65,"item1",2,0
283,0.43,0.65,"item2",2,0
283,0.43,0.65,"item3",2,0
283,0.43,0.65,"item4",1,0
283,0.43,0.65,"item5",1,0
283,0.43,0.65,"item6",1,0
283,0.43,0.65,"item7",2,0
283,0.43,0.65,"item8",2,0
283,0.43,0.65,"item9",2,0
283,0.43,0.65,"item10",3,0
283,0.43,0.65,"item11",2,0
283,0.43,0.65,"item12",1,0
283,0.43,0.65,"item13",1,0
283,0.43,0.65,"item14",1,0
283,0.43,0.65,"item15",1,0
283,0.43,0.65,"item16",1,0
283,0.43,0.65,"item17",1,0
283,0.43,0.65,"item18",1,0
284,0.59,1.27,"item1",2,0
284,0.59,1.27,"item2",2,0
284,0.59,1.27,"item3",2,0
284,0.59,1.27,"item4",3,0
284,0.59,1.27,"item5",3,0
284,0.59,1.27,"item6",3,0
284,0.59,1.27,"item7",2,0
284,0.59,1.27,"item8",1,0
284,0.59,1.27,"item9",2,0
284,0.59,1.27,"item10",2,0
284,0.59,1.27,"item11",2,0
284,0.59,1.27,"item12",2,0
284,0.59,1.27,"item13",2,0
284,0.59,1.27,"item14",2,0
284,0.59,1.27,"item15",1,0
284,0.59,1.27,"item16",2,0
284,0.59,1.27,"item17",2,0
284,0.59,1.27,"item18",2,0
286,0.75,1.05,"item1",2,0
286,0.75,1.05,"item2",2,0
286,0.75,1.05,"item3",NA,NA
286,0.75,1.05,"item4",1,0
286,0.75,1.05,"item5",1,0
286,0.75,1.05,"item6",1,0
286,0.75,1.05,"item7",1,0
286,0.75,1.05,"item8",1,0
286,0.75,1.05,"item9",1,0
286,0.75,1.05,"item10",1,0
286,0.75,1.05,"item11",1,0
286,0.75,1.05,"item12",1,0
286,0.75,1.05,"item13",1,0
286,0.75,1.05,"item14",1,0
286,0.75,1.05,"item15",1,0
286,0.75,1.05,"item16",1,0
286,0.75,1.05,"item17",1,0
286,0.75,1.05,"item18",1,0
293,0.46,1.36,"item1",3,0
293,0.46,1.36,"item2",3,0
293,0.46,1.36,"item3",3,0
293,0.46,1.36,"item4",2,0
293,0.46,1.36,"item5",1,0
293,0.46,1.36,"item6",1,0
293,0.46,1.36,"item7",1,0
293,0.46,1.36,"item8",1,0
293,0.46,1.36,"item9",1,0
293,0.46,1.36,"item10",1,0
293,0.46,1.36,"item11",1,0
293,0.46,1.36,"item12",1,0
293,0.46,1.36,"item13",1,0
293,0.46,1.36,"item14",1,0
293,0.46,1.36,"item15",2,0
293,0.46,1.36,"item16",1,0
293,0.46,1.36,"item17",1,0
293,0.46,1.36,"item18",1,0
294,0.4,1.75,"item1",2,0
294,0.4,1.75,"item2",2,0
294,0.4,1.75,"item3",2,0
294,0.4,1.75,"item4",2,0
294,0.4,1.75,"item5",3,0
294,0.4,1.75,"item6",3,0
294,0.4,1.75,"item7",3,0
294,0.4,1.75,"item8",2,0
294,0.4,1.75,"item9",3,0
294,0.4,1.75,"item10",1,0
294,0.4,1.75,"item11",3,0
294,0.4,1.75,"item12",1,0
294,0.4,1.75,"item13",1,0
294,0.4,1.75,"item14",3,0
294,0.4,1.75,"item15",1,0
294,0.4,1.75,"item16",2,0
294,0.4,1.75,"item17",1,0
294,0.4,1.75,"item18",1,0
295,1.77,1.55,"item1",1,0
295,1.77,1.55,"item2",2,0
295,1.77,1.55,"item3",2,0
295,1.77,1.55,"item4",1,0
295,1.77,1.55,"item5",1,0
295,1.77,1.55,"item6",1,0
295,1.77,1.55,"item7",3,0
295,1.77,1.55,"item8",2,0
295,1.77,1.55,"item9",2,0
295,1.77,1.55,"item10",1,0
295,1.77,1.55,"item11",1,0
295,1.77,1.55,"item12",1,0
295,1.77,1.55,"item13",1,0
295,1.77,1.55,"item14",1,0
295,1.77,1.55,"item15",2,0
295,1.77,1.55,"item16",1,0
295,1.77,1.55,"item17",1,0
295,1.77,1.55,"item18",1,0
303,1.02,3.79,"item1",2,0
303,1.02,3.79,"item2",2,0
303,1.02,3.79,"item3",2,0
303,1.02,3.79,"item4",2,0
303,1.02,3.79,"item5",2,0
303,1.02,3.79,"item6",2,0
303,1.02,3.79,"item7",2,0
303,1.02,3.79,"item8",1,0
303,1.02,3.79,"item9",2,0
303,1.02,3.79,"item10",1,0
303,1.02,3.79,"item11",1,0
303,1.02,3.79,"item12",1,0
303,1.02,3.79,"item13",1,0
303,1.02,3.79,"item14",1,0
303,1.02,3.79,"item15",1,0
303,1.02,3.79,"item16",1,0
303,1.02,3.79,"item17",1,0
303,1.02,3.79,"item18",1,0
306,0.93,2.13,"item1",3,0
306,0.93,2.13,"item2",3,0
306,0.93,2.13,"item3",3,0
306,0.93,2.13,"item4",2,0
306,0.93,2.13,"item5",2,0
306,0.93,2.13,"item6",2,0
306,0.93,2.13,"item7",2,0
306,0.93,2.13,"item8",2,0
306,0.93,2.13,"item9",2,0
306,0.93,2.13,"item10",3,0
306,0.93,2.13,"item11",1,0
306,0.93,2.13,"item12",2,0
306,0.93,2.13,"item13",2,0
306,0.93,2.13,"item14",2,0
306,0.93,2.13,"item15",2,0
306,0.93,2.13,"item16",2,0
306,0.93,2.13,"item17",2,0
306,0.93,2.13,"item18",1,0
308,0.74,3.68,"item1",2,0
308,0.74,3.68,"item2",2,0
308,0.74,3.68,"item3",2,0
308,0.74,3.68,"item4",1,0
308,0.74,3.68,"item5",1,0
308,0.74,3.68,"item6",1,0
308,0.74,3.68,"item7",1,0
308,0.74,3.68,"item8",1,0
308,0.74,3.68,"item9",1,0
308,0.74,3.68,"item10",1,0
308,0.74,3.68,"item11",1,0
308,0.74,3.68,"item12",1,0
308,0.74,3.68,"item13",1,0
308,0.74,3.68,"item14",1,0
308,0.74,3.68,"item15",1,0
308,0.74,3.68,"item16",1,0
308,0.74,3.68,"item17",1,0
308,0.74,3.68,"item18",1,0
310,0.6,1.19,"item1",2,0
310,0.6,1.19,"item2",1,0
310,0.6,1.19,"item3",1,0
310,0.6,1.19,"item4",3,0
310,0.6,1.19,"item5",3,0
310,0.6,1.19,"item6",2,0
310,0.6,1.19,"item7",3,0
310,0.6,1.19,"item8",4,1
310,0.6,1.19,"item9",1,0
310,0.6,1.19,"item10",1,0
310,0.6,1.19,"item11",1,0
310,0.6,1.19,"item12",1,0
310,0.6,1.19,"item13",1,0
310,0.6,1.19,"item14",1,0
310,0.6,1.19,"item15",1,0
310,0.6,1.19,"item16",1,0
310,0.6,1.19,"item17",1,0
310,0.6,1.19,"item18",1,0
311,1.01,1.14,"item1",1,0
311,1.01,1.14,"item2",1,0
311,1.01,1.14,"item3",1,0
311,1.01,1.14,"item4",3,0
311,1.01,1.14,"item5",3,0
311,1.01,1.14,"item6",3,0
311,1.01,1.14,"item7",3,0
311,1.01,1.14,"item8",1,0
311,1.01,1.14,"item9",3,0
311,1.01,1.14,"item10",1,0
311,1.01,1.14,"item11",1,0
311,1.01,1.14,"item12",1,0
311,1.01,1.14,"item13",1,0
311,1.01,1.14,"item14",2,0
311,1.01,1.14,"item15",2,0
311,1.01,1.14,"item16",2,0
311,1.01,1.14,"item17",2,0
311,1.01,1.14,"item18",1,0
312,0.91,4.72,"item1",3,0
312,0.91,4.72,"item2",2,0
312,0.91,4.72,"item3",2,0
312,0.91,4.72,"item4",2,0
312,0.91,4.72,"item5",2,0
312,0.91,4.72,"item6",2,0
312,0.91,4.72,"item7",3,0
312,0.91,4.72,"item8",2,0
312,0.91,4.72,"item9",2,0
312,0.91,4.72,"item10",2,0
312,0.91,4.72,"item11",3,0
312,0.91,4.72,"item12",2,0
312,0.91,4.72,"item13",2,0
312,0.91,4.72,"item14",2,0
312,0.91,4.72,"item15",2,0
312,0.91,4.72,"item16",2,0
312,0.91,4.72,"item17",2,0
312,0.91,4.72,"item18",2,0
316,0.83,4.76,"item1",3,0
316,0.83,4.76,"item2",2,0
316,0.83,4.76,"item3",2,0
316,0.83,4.76,"item4",1,0
316,0.83,4.76,"item5",1,0
316,0.83,4.76,"item6",1,0
316,0.83,4.76,"item7",1,0
316,0.83,4.76,"item8",1,0
316,0.83,4.76,"item9",2,0
316,0.83,4.76,"item10",1,0
316,0.83,4.76,"item11",1,0
316,0.83,4.76,"item12",1,0
316,0.83,4.76,"item13",1,0
316,0.83,4.76,"item14",1,0
316,0.83,4.76,"item15",1,0
316,0.83,4.76,"item16",1,0
316,0.83,4.76,"item17",1,0
316,0.83,4.76,"item18",1,0
318,0.65,1.44,"item1",2,0
318,0.65,1.44,"item2",3,0
318,0.65,1.44,"item3",3,0
318,0.65,1.44,"item4",2,0
318,0.65,1.44,"item5",2,0
318,0.65,1.44,"item6",2,0
318,0.65,1.44,"item7",2,0
318,0.65,1.44,"item8",2,0
318,0.65,1.44,"item9",3,0
318,0.65,1.44,"item10",2,0
318,0.65,1.44,"item11",1,0
318,0.65,1.44,"item12",1,0
318,0.65,1.44,"item13",1,0
318,0.65,1.44,"item14",1,0
318,0.65,1.44,"item15",1,0
318,0.65,1.44,"item16",1,0
318,0.65,1.44,"item17",1,0
318,0.65,1.44,"item18",1,0
321,0.83,0.6,"item1",3,0
321,0.83,0.6,"item2",3,0
321,0.83,0.6,"item3",3,0
321,0.83,0.6,"item4",3,0
321,0.83,0.6,"item5",3,0
321,0.83,0.6,"item6",3,0
321,0.83,0.6,"item7",2,0
321,0.83,0.6,"item8",1,0
321,0.83,0.6,"item9",1,0
321,0.83,0.6,"item10",1,0
321,0.83,0.6,"item11",2,0
321,0.83,0.6,"item12",2,0
321,0.83,0.6,"item13",2,0
321,0.83,0.6,"item14",2,0
321,0.83,0.6,"item15",2,0
321,0.83,0.6,"item16",2,0
321,0.83,0.6,"item17",1,0
321,0.83,0.6,"item18",2,0
322,0.71,2.66,"item1",2,0
322,0.71,2.66,"item2",2,0
322,0.71,2.66,"item3",2,0
322,0.71,2.66,"item4",1,0
322,0.71,2.66,"item5",1,0
322,0.71,2.66,"item6",1,0
322,0.71,2.66,"item7",1,0
322,0.71,2.66,"item8",1,0
322,0.71,2.66,"item9",1,0
322,0.71,2.66,"item10",1,0
322,0.71,2.66,"item11",1,0
322,0.71,2.66,"item12",1,0
322,0.71,2.66,"item13",1,0
322,0.71,2.66,"item14",1,0
322,0.71,2.66,"item15",1,0
322,0.71,2.66,"item16",1,0
322,0.71,2.66,"item17",1,0
322,0.71,2.66,"item18",1,0
323,0.79,1.93,"item1",2,0
323,0.79,1.93,"item2",3,0
323,0.79,1.93,"item3",2,0
323,0.79,1.93,"item4",1,0
323,0.79,1.93,"item5",1,0
323,0.79,1.93,"item6",1,0
323,0.79,1.93,"item7",2,0
323,0.79,1.93,"item8",1,0
323,0.79,1.93,"item9",1,0
323,0.79,1.93,"item10",1,0
323,0.79,1.93,"item11",2,0
323,0.79,1.93,"item12",1,0
323,0.79,1.93,"item13",2,0
323,0.79,1.93,"item14",1,0
323,0.79,1.93,"item15",2,0
323,0.79,1.93,"item16",2,0
323,0.79,1.93,"item17",2,0
323,0.79,1.93,"item18",1,0
327,0.52,2.06,"item1",1,0
327,0.52,2.06,"item2",1,0
327,0.52,2.06,"item3",1,0
327,0.52,2.06,"item4",3,0
327,0.52,2.06,"item5",3,0
327,0.52,2.06,"item6",3,0
327,0.52,2.06,"item7",3,0
327,0.52,2.06,"item8",2,0
327,0.52,2.06,"item9",2,0
327,0.52,2.06,"item10",2,0
327,0.52,2.06,"item11",3,0
327,0.52,2.06,"item12",2,0
327,0.52,2.06,"item13",2,0
327,0.52,2.06,"item14",2,0
327,0.52,2.06,"item15",2,0
327,0.52,2.06,"item16",2,0
327,0.52,2.06,"item17",2,0
327,0.52,2.06,"item18",3,0
329,0.71,1.29,"item1",1,0
329,0.71,1.29,"item2",1,0
329,0.71,1.29,"item3",1,0
329,0.71,1.29,"item4",2,0
329,0.71,1.29,"item5",2,0
329,0.71,1.29,"item6",2,0
329,0.71,1.29,"item7",2,0
329,0.71,1.29,"item8",2,0
329,0.71,1.29,"item9",3,0
329,0.71,1.29,"item10",2,0
329,0.71,1.29,"item11",3,0
329,0.71,1.29,"item12",2,0
329,0.71,1.29,"item13",2,0
329,0.71,1.29,"item14",3,0
329,0.71,1.29,"item15",2,0
329,0.71,1.29,"item16",2,0
329,0.71,1.29,"item17",1,0
329,0.71,1.29,"item18",2,0
330,1,0.81,"item1",2,0
330,1,0.81,"item2",1,0
330,1,0.81,"item3",1,0
330,1,0.81,"item4",2,0
330,1,0.81,"item5",2,0
330,1,0.81,"item6",2,0
330,1,0.81,"item7",4,1
330,1,0.81,"item8",4,1
330,1,0.81,"item9",4,1
330,1,0.81,"item10",2,0
330,1,0.81,"item11",1,0
330,1,0.81,"item12",1,0
330,1,0.81,"item13",1,0
330,1,0.81,"item14",2,0
330,1,0.81,"item15",1,0
330,1,0.81,"item16",1,0
330,1,0.81,"item17",1,0
330,1,0.81,"item18",1,0
331,0.92,3.2,"item1",2,0
331,0.92,3.2,"item2",2,0
331,0.92,3.2,"item3",2,0
331,0.92,3.2,"item4",3,0
331,0.92,3.2,"item5",3,0
331,0.92,3.2,"item6",3,0
331,0.92,3.2,"item7",3,0
331,0.92,3.2,"item8",1,0
331,0.92,3.2,"item9",2,0
331,0.92,3.2,"item10",1,0
331,0.92,3.2,"item11",1,0
331,0.92,3.2,"item12",1,0
331,0.92,3.2,"item13",1,0
331,0.92,3.2,"item14",2,0
331,0.92,3.2,"item15",1,0
331,0.92,3.2,"item16",1,0
331,0.92,3.2,"item17",1,0
331,0.92,3.2,"item18",1,0
333,0.55,1.32,"item1",2,0
333,0.55,1.32,"item2",2,0
333,0.55,1.32,"item3",2,0
333,0.55,1.32,"item4",2,0
333,0.55,1.32,"item5",2,0
333,0.55,1.32,"item6",3,0
333,0.55,1.32,"item7",3,0
333,0.55,1.32,"item8",3,0
333,0.55,1.32,"item9",3,0
333,0.55,1.32,"item10",2,0
333,0.55,1.32,"item11",2,0
333,0.55,1.32,"item12",2,0
333,0.55,1.32,"item13",2,0
333,0.55,1.32,"item14",2,0
333,0.55,1.32,"item15",1,0
333,0.55,1.32,"item16",2,0
333,0.55,1.32,"item17",1,0
333,0.55,1.32,"item18",1,0
335,0.3,2.55,"item1",2,0
335,0.3,2.55,"item2",2,0
335,0.3,2.55,"item3",2,0
335,0.3,2.55,"item4",2,0
335,0.3,2.55,"item5",2,0
335,0.3,2.55,"item6",2,0
335,0.3,2.55,"item7",1,0
335,0.3,2.55,"item8",1,0
335,0.3,2.55,"item9",1,0
335,0.3,2.55,"item10",1,0
335,0.3,2.55,"item11",1,0
335,0.3,2.55,"item12",1,0
335,0.3,2.55,"item13",1,0
335,0.3,2.55,"item14",1,0
335,0.3,2.55,"item15",1,0
335,0.3,2.55,"item16",1,0
335,0.3,2.55,"item17",1,0
335,0.3,2.55,"item18",1,0
336,0.58,2.51,"item1",3,0
336,0.58,2.51,"item2",3,0
336,0.58,2.51,"item3",3,0
336,0.58,2.51,"item4",1,0
336,0.58,2.51,"item5",1,0
336,0.58,2.51,"item6",1,0
336,0.58,2.51,"item7",2,0
336,0.58,2.51,"item8",1,0
336,0.58,2.51,"item9",1,0
336,0.58,2.51,"item10",1,0
336,0.58,2.51,"item11",1,0
336,0.58,2.51,"item12",1,0
336,0.58,2.51,"item13",1,0
336,0.58,2.51,"item14",1,0
336,0.58,2.51,"item15",1,0
336,0.58,2.51,"item16",1,0
336,0.58,2.51,"item17",1,0
336,0.58,2.51,"item18",1,0
337,0.59,1.49,"item1",2,0
337,0.59,1.49,"item2",2,0
337,0.59,1.49,"item3",2,0
337,0.59,1.49,"item4",2,0
337,0.59,1.49,"item5",2,0
337,0.59,1.49,"item6",2,0
337,0.59,1.49,"item7",2,0
337,0.59,1.49,"item8",2,0
337,0.59,1.49,"item9",2,0
337,0.59,1.49,"item10",1,0
337,0.59,1.49,"item11",1,0
337,0.59,1.49,"item12",1,0
337,0.59,1.49,"item13",1,0
337,0.59,1.49,"item14",1,0
337,0.59,1.49,"item15",1,0
337,0.59,1.49,"item16",1,0
337,0.59,1.49,"item17",1,0
337,0.59,1.49,"item18",1,0
338,0.59,2.75,"item1",2,0
338,0.59,2.75,"item2",3,0
338,0.59,2.75,"item3",3,0
338,0.59,2.75,"item4",1,0
338,0.59,2.75,"item5",2,0
338,0.59,2.75,"item6",1,0
338,0.59,2.75,"item7",3,0
338,0.59,2.75,"item8",2,0
338,0.59,2.75,"item9",1,0
338,0.59,2.75,"item10",2,0
338,0.59,2.75,"item11",2,0
338,0.59,2.75,"item12",1,0
338,0.59,2.75,"item13",1,0
338,0.59,2.75,"item14",1,0
338,0.59,2.75,"item15",1,0
338,0.59,2.75,"item16",1,0
338,0.59,2.75,"item17",1,0
338,0.59,2.75,"item18",1,0
339,0.67,2.31,"item1",2,0
339,0.67,2.31,"item2",2,0
339,0.67,2.31,"item3",2,0
339,0.67,2.31,"item4",3,0
339,0.67,2.31,"item5",3,0
339,0.67,2.31,"item6",4,1
339,0.67,2.31,"item7",4,1
339,0.67,2.31,"item8",4,1
339,0.67,2.31,"item9",3,0
339,0.67,2.31,"item10",4,1
339,0.67,2.31,"item11",3,0
339,0.67,2.31,"item12",3,0
339,0.67,2.31,"item13",3,0
339,0.67,2.31,"item14",3,0
339,0.67,2.31,"item15",3,0
339,0.67,2.31,"item16",3,0
339,0.67,2.31,"item17",2,0
339,0.67,2.31,"item18",3,0
342,1.31,5.5,"item1",4,1
342,1.31,5.5,"item2",4,1
342,1.31,5.5,"item3",4,1
342,1.31,5.5,"item4",1,0
342,1.31,5.5,"item5",1,0
342,1.31,5.5,"item6",1,0
342,1.31,5.5,"item7",1,0
342,1.31,5.5,"item8",1,0
342,1.31,5.5,"item9",1,0
342,1.31,5.5,"item10",1,0
342,1.31,5.5,"item11",1,0
342,1.31,5.5,"item12",1,0
342,1.31,5.5,"item13",1,0
342,1.31,5.5,"item14",1,0
342,1.31,5.5,"item15",1,0
342,1.31,5.5,"item16",1,0
342,1.31,5.5,"item17",1,0
342,1.31,5.5,"item18",1,0
346,0.67,1.28,"item1",3,0
346,0.67,1.28,"item2",2,0
346,0.67,1.28,"item3",3,0
346,0.67,1.28,"item4",3,0
346,0.67,1.28,"item5",4,1
346,0.67,1.28,"item6",4,1
346,0.67,1.28,"item7",3,0
346,0.67,1.28,"item8",2,0
346,0.67,1.28,"item9",2,0
346,0.67,1.28,"item10",1,0
346,0.67,1.28,"item11",1,0
346,0.67,1.28,"item12",1,0
346,0.67,1.28,"item13",1,0
346,0.67,1.28,"item14",1,0
346,0.67,1.28,"item15",1,0
346,0.67,1.28,"item16",1,0
346,0.67,1.28,"item17",1,0
346,0.67,1.28,"item18",1,0
347,0.57,2.04,"item1",3,0
347,0.57,2.04,"item2",3,0
347,0.57,2.04,"item3",3,0
347,0.57,2.04,"item4",2,0
347,0.57,2.04,"item5",2,0
347,0.57,2.04,"item6",2,0
347,0.57,2.04,"item7",3,0
347,0.57,2.04,"item8",2,0
347,0.57,2.04,"item9",2,0
347,0.57,2.04,"item10",2,0
347,0.57,2.04,"item11",3,0
347,0.57,2.04,"item12",2,0
347,0.57,2.04,"item13",1,0
347,0.57,2.04,"item14",2,0
347,0.57,2.04,"item15",2,0
347,0.57,2.04,"item16",2,0
347,0.57,2.04,"item17",1,0
347,0.57,2.04,"item18",1,0
353,0.79,0.68,"item1",2,0
353,0.79,0.68,"item2",2,0
353,0.79,0.68,"item3",2,0
353,0.79,0.68,"item4",1,0
353,0.79,0.68,"item5",1,0
353,0.79,0.68,"item6",2,0
353,0.79,0.68,"item7",2,0
353,0.79,0.68,"item8",2,0
353,0.79,0.68,"item9",1,0
353,0.79,0.68,"item10",2,0
353,0.79,0.68,"item11",2,0
353,0.79,0.68,"item12",1,0
353,0.79,0.68,"item13",1,0
353,0.79,0.68,"item14",1,0
353,0.79,0.68,"item15",1,0
353,0.79,0.68,"item16",1,0
353,0.79,0.68,"item17",1,0
353,0.79,0.68,"item18",1,0
354,0.9,1.41,"item1",3,0
354,0.9,1.41,"item2",4,1
354,0.9,1.41,"item3",4,1
354,0.9,1.41,"item4",3,0
354,0.9,1.41,"item5",3,0
354,0.9,1.41,"item6",2,0
354,0.9,1.41,"item7",1,0
354,0.9,1.41,"item8",2,0
354,0.9,1.41,"item9",2,0
354,0.9,1.41,"item10",2,0
354,0.9,1.41,"item11",2,0
354,0.9,1.41,"item12",2,0
354,0.9,1.41,"item13",2,0
354,0.9,1.41,"item14",1,0
354,0.9,1.41,"item15",1,0
354,0.9,1.41,"item16",1,0
354,0.9,1.41,"item17",1,0
354,0.9,1.41,"item18",1,0
356,0.84,1.47,"item1",1,0
356,0.84,1.47,"item2",2,0
356,0.84,1.47,"item3",2,0
356,0.84,1.47,"item4",2,0
356,0.84,1.47,"item5",2,0
356,0.84,1.47,"item6",2,0
356,0.84,1.47,"item7",2,0
356,0.84,1.47,"item8",2,0
356,0.84,1.47,"item9",1,0
356,0.84,1.47,"item10",1,0
356,0.84,1.47,"item11",1,0
356,0.84,1.47,"item12",1,0
356,0.84,1.47,"item13",1,0
356,0.84,1.47,"item14",1,0
356,0.84,1.47,"item15",1,0
356,0.84,1.47,"item16",1,0
356,0.84,1.47,"item17",1,0
356,0.84,1.47,"item18",1,0
362,0.9,1.26,"item1",1,0
362,0.9,1.26,"item2",2,0
362,0.9,1.26,"item3",2,0
362,0.9,1.26,"item4",2,0
362,0.9,1.26,"item5",1,0
362,0.9,1.26,"item6",3,0
362,0.9,1.26,"item7",2,0
362,0.9,1.26,"item8",2,0
362,0.9,1.26,"item9",2,0
362,0.9,1.26,"item10",3,0
362,0.9,1.26,"item11",4,1
362,0.9,1.26,"item12",2,0
362,0.9,1.26,"item13",4,1
362,0.9,1.26,"item14",2,0
362,0.9,1.26,"item15",2,0
362,0.9,1.26,"item16",3,0
362,0.9,1.26,"item17",2,0
362,0.9,1.26,"item18",3,0
363,0.4,3.11,"item1",2,0
363,0.4,3.11,"item2",2,0
363,0.4,3.11,"item3",2,0
363,0.4,3.11,"item4",1,0
363,0.4,3.11,"item5",2,0
363,0.4,3.11,"item6",2,0
363,0.4,3.11,"item7",2,0
363,0.4,3.11,"item8",2,0
363,0.4,3.11,"item9",2,0
363,0.4,3.11,"item10",2,0
363,0.4,3.11,"item11",2,0
363,0.4,3.11,"item12",1,0
363,0.4,3.11,"item13",1,0
363,0.4,3.11,"item14",1,0
363,0.4,3.11,"item15",2,0
363,0.4,3.11,"item16",2,0
363,0.4,3.11,"item17",1,0
363,0.4,3.11,"item18",1,0
365,2.03,2.59,"item1",2,0
365,2.03,2.59,"item2",2,0
365,2.03,2.59,"item3",2,0
365,2.03,2.59,"item4",3,0
365,2.03,2.59,"item5",2,0
365,2.03,2.59,"item6",2,0
365,2.03,2.59,"item7",2,0
365,2.03,2.59,"item8",2,0
365,2.03,2.59,"item9",3,0
365,2.03,2.59,"item10",2,0
365,2.03,2.59,"item11",3,0
365,2.03,2.59,"item12",2,0
365,2.03,2.59,"item13",1,0
365,2.03,2.59,"item14",1,0
365,2.03,2.59,"item15",2,0
365,2.03,2.59,"item16",2,0
365,2.03,2.59,"item17",2,0
365,2.03,2.59,"item18",3,0
367,0.59,0.62,"item1",3,0
367,0.59,0.62,"item2",3,0
367,0.59,0.62,"item3",3,0
367,0.59,0.62,"item4",3,0
367,0.59,0.62,"item5",3,0
367,0.59,0.62,"item6",2,0
367,0.59,0.62,"item7",3,0
367,0.59,0.62,"item8",3,0
367,0.59,0.62,"item9",1,0
367,0.59,0.62,"item10",3,0
367,0.59,0.62,"item11",2,0
367,0.59,0.62,"item12",2,0
367,0.59,0.62,"item13",3,0
367,0.59,0.62,"item14",1,0
367,0.59,0.62,"item15",2,0
367,0.59,0.62,"item16",3,0
367,0.59,0.62,"item17",2,0
367,0.59,0.62,"item18",2,0
368,0.65,2.62,"item1",2,0
368,0.65,2.62,"item2",2,0
368,0.65,2.62,"item3",2,0
368,0.65,2.62,"item4",2,0
368,0.65,2.62,"item5",2,0
368,0.65,2.62,"item6",2,0
368,0.65,2.62,"item7",2,0
368,0.65,2.62,"item8",1,0
368,0.65,2.62,"item9",1,0
368,0.65,2.62,"item10",1,0
368,0.65,2.62,"item11",1,0
368,0.65,2.62,"item12",1,0
368,0.65,2.62,"item13",1,0
368,0.65,2.62,"item14",1,0
368,0.65,2.62,"item15",1,0
368,0.65,2.62,"item16",1,0
368,0.65,2.62,"item17",1,0
368,0.65,2.62,"item18",1,0
371,1.76,0.14,"item1",1,0
371,1.76,0.14,"item2",1,0
371,1.76,0.14,"item3",1,0
371,1.76,0.14,"item4",1,0
371,1.76,0.14,"item5",1,0
371,1.76,0.14,"item6",1,0
371,1.76,0.14,"item7",1,0
371,1.76,0.14,"item8",1,0
371,1.76,0.14,"item9",1,0
371,1.76,0.14,"item10",1,0
371,1.76,0.14,"item11",1,0
371,1.76,0.14,"item12",1,0
371,1.76,0.14,"item13",2,0
371,1.76,0.14,"item14",1,0
371,1.76,0.14,"item15",1,0
371,1.76,0.14,"item16",1,0
371,1.76,0.14,"item17",1,0
371,1.76,0.14,"item18",1,0
372,0.69,0.38,"item1",3,0
372,0.69,0.38,"item2",3,0
372,0.69,0.38,"item3",3,0
372,0.69,0.38,"item4",2,0
372,0.69,0.38,"item5",2,0
372,0.69,0.38,"item6",2,0
372,0.69,0.38,"item7",1,0
372,0.69,0.38,"item8",1,0
372,0.69,0.38,"item9",1,0
372,0.69,0.38,"item10",1,0
372,0.69,0.38,"item11",1,0
372,0.69,0.38,"item12",1,0
372,0.69,0.38,"item13",1,0
372,0.69,0.38,"item14",1,0
372,0.69,0.38,"item15",1,0
372,0.69,0.38,"item16",1,0
372,0.69,0.38,"item17",1,0
372,0.69,0.38,"item18",1,0
377,0.68,1.23,"item1",4,1
377,0.68,1.23,"item2",4,1
377,0.68,1.23,"item3",4,1
377,0.68,1.23,"item4",2,0
377,0.68,1.23,"item5",3,0
377,0.68,1.23,"item6",1,0
377,0.68,1.23,"item7",2,0
377,0.68,1.23,"item8",1,0
377,0.68,1.23,"item9",1,0
377,0.68,1.23,"item10",1,0
377,0.68,1.23,"item11",2,0
377,0.68,1.23,"item12",1,0
377,0.68,1.23,"item13",1,0
377,0.68,1.23,"item14",2,0
377,0.68,1.23,"item15",2,0
377,0.68,1.23,"item16",1,0
377,0.68,1.23,"item17",1,0
377,0.68,1.23,"item18",2,0
379,0.76,0.69,"item1",2,0
379,0.76,0.69,"item2",2,0
379,0.76,0.69,"item3",2,0
379,0.76,0.69,"item4",3,0
379,0.76,0.69,"item5",2,0
379,0.76,0.69,"item6",2,0
379,0.76,0.69,"item7",3,0
379,0.76,0.69,"item8",3,0
379,0.76,0.69,"item9",3,0
379,0.76,0.69,"item10",3,0
379,0.76,0.69,"item11",2,0
379,0.76,0.69,"item12",2,0
379,0.76,0.69,"item13",2,0
379,0.76,0.69,"item14",2,0
379,0.76,0.69,"item15",2,0
379,0.76,0.69,"item16",2,0
379,0.76,0.69,"item17",1,0
379,0.76,0.69,"item18",1,0
380,1,0.58,"item1",2,0
380,1,0.58,"item2",2,0
380,1,0.58,"item3",2,0
380,1,0.58,"item4",2,0
380,1,0.58,"item5",2,0
380,1,0.58,"item6",2,0
380,1,0.58,"item7",2,0
380,1,0.58,"item8",2,0
380,1,0.58,"item9",1,0
380,1,0.58,"item10",1,0
380,1,0.58,"item11",2,0
380,1,0.58,"item12",1,0
380,1,0.58,"item13",1,0
380,1,0.58,"item14",2,0
380,1,0.58,"item15",1,0
380,1,0.58,"item16",2,0
380,1,0.58,"item17",1,0
380,1,0.58,"item18",1,0
381,0.87,0.5,"item1",2,0
381,0.87,0.5,"item2",3,0
381,0.87,0.5,"item3",3,0
381,0.87,0.5,"item4",2,0
381,0.87,0.5,"item5",3,0
381,0.87,0.5,"item6",2,0
381,0.87,0.5,"item7",2,0
381,0.87,0.5,"item8",2,0
381,0.87,0.5,"item9",2,0
381,0.87,0.5,"item10",3,0
381,0.87,0.5,"item11",3,0
381,0.87,0.5,"item12",2,0
381,0.87,0.5,"item13",3,0
381,0.87,0.5,"item14",2,0
381,0.87,0.5,"item15",2,0
381,0.87,0.5,"item16",3,0
381,0.87,0.5,"item17",2,0
381,0.87,0.5,"item18",3,0
384,0.77,2.88,"item1",3,0
384,0.77,2.88,"item2",3,0
384,0.77,2.88,"item3",2,0
384,0.77,2.88,"item4",2,0
384,0.77,2.88,"item5",2,0
384,0.77,2.88,"item6",2,0
384,0.77,2.88,"item7",2,0
384,0.77,2.88,"item8",1,0
384,0.77,2.88,"item9",2,0
384,0.77,2.88,"item10",2,0
384,0.77,2.88,"item11",2,0
384,0.77,2.88,"item12",2,0
384,0.77,2.88,"item13",2,0
384,0.77,2.88,"item14",2,0
384,0.77,2.88,"item15",2,0
384,0.77,2.88,"item16",2,0
384,0.77,2.88,"item17",2,0
384,0.77,2.88,"item18",2,0
386,0.8,1.59,"item1",4,1
386,0.8,1.59,"item2",4,1
386,0.8,1.59,"item3",4,1
386,0.8,1.59,"item4",3,0
386,0.8,1.59,"item5",1,0
386,0.8,1.59,"item6",1,0
386,0.8,1.59,"item7",1,0
386,0.8,1.59,"item8",1,0
386,0.8,1.59,"item9",1,0
386,0.8,1.59,"item10",1,0
386,0.8,1.59,"item11",1,0
386,0.8,1.59,"item12",1,0
386,0.8,1.59,"item13",1,0
386,0.8,1.59,"item14",1,0
386,0.8,1.59,"item15",1,0
386,0.8,1.59,"item16",1,0
386,0.8,1.59,"item17",1,0
386,0.8,1.59,"item18",1,0
388,0.76,0.73,"item1",2,0
388,0.76,0.73,"item2",2,0
388,0.76,0.73,"item3",2,0
388,0.76,0.73,"item4",3,0
388,0.76,0.73,"item5",3,0
388,0.76,0.73,"item6",2,0
388,0.76,0.73,"item7",3,0
388,0.76,0.73,"item8",3,0
388,0.76,0.73,"item9",2,0
388,0.76,0.73,"item10",1,0
388,0.76,0.73,"item11",1,0
388,0.76,0.73,"item12",1,0
388,0.76,0.73,"item13",3,0
388,0.76,0.73,"item14",2,0
388,0.76,0.73,"item15",1,0
388,0.76,0.73,"item16",2,0
388,0.76,0.73,"item17",1,0
388,0.76,0.73,"item18",1,0
389,1.27,2.35,"item1",2,0
389,1.27,2.35,"item2",2,0
389,1.27,2.35,"item3",2,0
389,1.27,2.35,"item4",1,0
389,1.27,2.35,"item5",1,0
389,1.27,2.35,"item6",2,0
389,1.27,2.35,"item7",1,0
389,1.27,2.35,"item8",1,0
389,1.27,2.35,"item9",1,0
389,1.27,2.35,"item10",1,0
389,1.27,2.35,"item11",1,0
389,1.27,2.35,"item12",1,0
389,1.27,2.35,"item13",1,0
389,1.27,2.35,"item14",1,0
389,1.27,2.35,"item15",1,0
389,1.27,2.35,"item16",1,0
389,1.27,2.35,"item17",1,0
389,1.27,2.35,"item18",1,0
390,0.64,1.21,"item1",2,0
390,0.64,1.21,"item2",2,0
390,0.64,1.21,"item3",2,0
390,0.64,1.21,"item4",2,0
390,0.64,1.21,"item5",1,0
390,0.64,1.21,"item6",2,0
390,0.64,1.21,"item7",2,0
390,0.64,1.21,"item8",2,0
390,0.64,1.21,"item9",2,0
390,0.64,1.21,"item10",3,0
390,0.64,1.21,"item11",2,0
390,0.64,1.21,"item12",1,0
390,0.64,1.21,"item13",1,0
390,0.64,1.21,"item14",1,0
390,0.64,1.21,"item15",2,0
390,0.64,1.21,"item16",2,0
390,0.64,1.21,"item17",1,0
390,0.64,1.21,"item18",2,0
391,0.83,2.82,"item1",2,0
391,0.83,2.82,"item2",2,0
391,0.83,2.82,"item3",2,0
391,0.83,2.82,"item4",1,0
391,0.83,2.82,"item5",1,0
391,0.83,2.82,"item6",2,0
391,0.83,2.82,"item7",1,0
391,0.83,2.82,"item8",1,0
391,0.83,2.82,"item9",1,0
391,0.83,2.82,"item10",2,0
391,0.83,2.82,"item11",1,0
391,0.83,2.82,"item12",1,0
391,0.83,2.82,"item13",1,0
391,0.83,2.82,"item14",2,0
391,0.83,2.82,"item15",2,0
391,0.83,2.82,"item16",2,0
391,0.83,2.82,"item17",1,0
391,0.83,2.82,"item18",1,0
392,0.87,0.35,"item1",1,0
392,0.87,0.35,"item2",2,0
392,0.87,0.35,"item3",2,0
392,0.87,0.35,"item4",1,0
392,0.87,0.35,"item5",1,0
392,0.87,0.35,"item6",2,0
392,0.87,0.35,"item7",1,0
392,0.87,0.35,"item8",1,0
392,0.87,0.35,"item9",1,0
392,0.87,0.35,"item10",2,0
392,0.87,0.35,"item11",1,0
392,0.87,0.35,"item12",1,0
392,0.87,0.35,"item13",1,0
392,0.87,0.35,"item14",3,0
392,0.87,0.35,"item15",3,0
392,0.87,0.35,"item16",3,0
392,0.87,0.35,"item17",1,0
392,0.87,0.35,"item18",1,0
395,0.58,0.74,"item1",2,0
395,0.58,0.74,"item2",2,0
395,0.58,0.74,"item3",2,0
395,0.58,0.74,"item4",4,1
395,0.58,0.74,"item5",4,1
395,0.58,0.74,"item6",4,1
395,0.58,0.74,"item7",3,0
395,0.58,0.74,"item8",3,0
395,0.58,0.74,"item9",3,0
395,0.58,0.74,"item10",2,0
395,0.58,0.74,"item11",2,0
395,0.58,0.74,"item12",2,0
395,0.58,0.74,"item13",2,0
395,0.58,0.74,"item14",4,1
395,0.58,0.74,"item15",1,0
395,0.58,0.74,"item16",2,0
395,0.58,0.74,"item17",1,0
395,0.58,0.74,"item18",2,0
396,0.73,2.28,"item1",3,0
396,0.73,2.28,"item2",3,0
396,0.73,2.28,"item3",3,0
396,0.73,2.28,"item4",2,0
396,0.73,2.28,"item5",2,0
396,0.73,2.28,"item6",1,0
396,0.73,2.28,"item7",2,0
396,0.73,2.28,"item8",2,0
396,0.73,2.28,"item9",2,0
396,0.73,2.28,"item10",1,0
396,0.73,2.28,"item11",1,0
396,0.73,2.28,"item12",1,0
396,0.73,2.28,"item13",1,0
396,0.73,2.28,"item14",1,0
396,0.73,2.28,"item15",1,0
396,0.73,2.28,"item16",1,0
396,0.73,2.28,"item17",1,0
396,0.73,2.28,"item18",1,0
398,0.93,1.82,"item1",2,0
398,0.93,1.82,"item2",3,0
398,0.93,1.82,"item3",3,0
398,0.93,1.82,"item4",1,0
398,0.93,1.82,"item5",1,0
398,0.93,1.82,"item6",1,0
398,0.93,1.82,"item7",1,0
398,0.93,1.82,"item8",1,0
398,0.93,1.82,"item9",1,0
398,0.93,1.82,"item10",1,0
398,0.93,1.82,"item11",1,0
398,0.93,1.82,"item12",1,0
398,0.93,1.82,"item13",1,0
398,0.93,1.82,"item14",1,0
398,0.93,1.82,"item15",1,0
398,0.93,1.82,"item16",1,0
398,0.93,1.82,"item17",1,0
398,0.93,1.82,"item18",1,0
402,0.7,4.93,"item1",3,0
402,0.7,4.93,"item2",3,0
402,0.7,4.93,"item3",3,0
402,0.7,4.93,"item4",2,0
402,0.7,4.93,"item5",1,0
402,0.7,4.93,"item6",1,0
402,0.7,4.93,"item7",2,0
402,0.7,4.93,"item8",2,0
402,0.7,4.93,"item9",1,0
402,0.7,4.93,"item10",1,0
402,0.7,4.93,"item11",2,0
402,0.7,4.93,"item12",1,0
402,0.7,4.93,"item13",1,0
402,0.7,4.93,"item14",1,0
402,0.7,4.93,"item15",1,0
402,0.7,4.93,"item16",1,0
402,0.7,4.93,"item17",1,0
402,0.7,4.93,"item18",1,0
403,0.89,2.69,"item1",2,0
403,0.89,2.69,"item2",2,0
403,0.89,2.69,"item3",2,0
403,0.89,2.69,"item4",2,0
403,0.89,2.69,"item5",2,0
403,0.89,2.69,"item6",2,0
403,0.89,2.69,"item7",2,0
403,0.89,2.69,"item8",1,0
403,0.89,2.69,"item9",1,0
403,0.89,2.69,"item10",2,0
403,0.89,2.69,"item11",2,0
403,0.89,2.69,"item12",1,0
403,0.89,2.69,"item13",1,0
403,0.89,2.69,"item14",2,0
403,0.89,2.69,"item15",1,0
403,0.89,2.69,"item16",1,0
403,0.89,2.69,"item17",1,0
403,0.89,2.69,"item18",1,0
404,0.75,2,"item1",3,0
404,0.75,2,"item2",2,0
404,0.75,2,"item3",3,0
404,0.75,2,"item4",2,0
404,0.75,2,"item5",1,0
404,0.75,2,"item6",3,0
404,0.75,2,"item7",1,0
404,0.75,2,"item8",1,0
404,0.75,2,"item9",1,0
404,0.75,2,"item10",1,0
404,0.75,2,"item11",2,0
404,0.75,2,"item12",1,0
404,0.75,2,"item13",1,0
404,0.75,2,"item14",1,0
404,0.75,2,"item15",1,0
404,0.75,2,"item16",1,0
404,0.75,2,"item17",1,0
404,0.75,2,"item18",1,0
406,0.73,0.79,"item1",3,0
406,0.73,0.79,"item2",2,0
406,0.73,0.79,"item3",2,0
406,0.73,0.79,"item4",2,0
406,0.73,0.79,"item5",2,0
406,0.73,0.79,"item6",1,0
406,0.73,0.79,"item7",2,0
406,0.73,0.79,"item8",2,0
406,0.73,0.79,"item9",1,0
406,0.73,0.79,"item10",1,0
406,0.73,0.79,"item11",2,0
406,0.73,0.79,"item12",1,0
406,0.73,0.79,"item13",1,0
406,0.73,0.79,"item14",1,0
406,0.73,0.79,"item15",1,0
406,0.73,0.79,"item16",1,0
406,0.73,0.79,"item17",1,0
406,0.73,0.79,"item18",1,0
409,1.46,3.25,"item1",2,0
409,1.46,3.25,"item2",2,0
409,1.46,3.25,"item3",2,0
409,1.46,3.25,"item4",3,0
409,1.46,3.25,"item5",3,0
409,1.46,3.25,"item6",2,0
409,1.46,3.25,"item7",1,0
409,1.46,3.25,"item8",1,0
409,1.46,3.25,"item9",2,0
409,1.46,3.25,"item10",1,0
409,1.46,3.25,"item11",1,0
409,1.46,3.25,"item12",1,0
409,1.46,3.25,"item13",1,0
409,1.46,3.25,"item14",1,0
409,1.46,3.25,"item15",1,0
409,1.46,3.25,"item16",1,0
409,1.46,3.25,"item17",1,0
409,1.46,3.25,"item18",1,0
411,1.04,3.15,"item1",2,0
411,1.04,3.15,"item2",2,0
411,1.04,3.15,"item3",2,0
411,1.04,3.15,"item4",1,0
411,1.04,3.15,"item5",1,0
411,1.04,3.15,"item6",1,0
411,1.04,3.15,"item7",1,0
411,1.04,3.15,"item8",2,0
411,1.04,3.15,"item9",3,0
411,1.04,3.15,"item10",1,0
411,1.04,3.15,"item11",1,0
411,1.04,3.15,"item12",1,0
411,1.04,3.15,"item13",1,0
411,1.04,3.15,"item14",2,0
411,1.04,3.15,"item15",2,0
411,1.04,3.15,"item16",1,0
411,1.04,3.15,"item17",1,0
411,1.04,3.15,"item18",1,0
413,0.59,1.15,"item1",2,0
413,0.59,1.15,"item2",2,0
413,0.59,1.15,"item3",2,0
413,0.59,1.15,"item4",1,0
413,0.59,1.15,"item5",2,0
413,0.59,1.15,"item6",2,0
413,0.59,1.15,"item7",2,0
413,0.59,1.15,"item8",2,0
413,0.59,1.15,"item9",2,0
413,0.59,1.15,"item10",2,0
413,0.59,1.15,"item11",2,0
413,0.59,1.15,"item12",2,0
413,0.59,1.15,"item13",2,0
413,0.59,1.15,"item14",2,0
413,0.59,1.15,"item15",2,0
413,0.59,1.15,"item16",2,0
413,0.59,1.15,"item17",2,0
413,0.59,1.15,"item18",2,0
416,0.95,0.53,"item1",2,0
416,0.95,0.53,"item2",2,0
416,0.95,0.53,"item3",2,0
416,0.95,0.53,"item4",2,0
416,0.95,0.53,"item5",2,0
416,0.95,0.53,"item6",2,0
416,0.95,0.53,"item7",2,0
416,0.95,0.53,"item8",3,0
416,0.95,0.53,"item9",2,0
416,0.95,0.53,"item10",1,0
416,0.95,0.53,"item11",1,0
416,0.95,0.53,"item12",1,0
416,0.95,0.53,"item13",1,0
416,0.95,0.53,"item14",2,0
416,0.95,0.53,"item15",1,0
416,0.95,0.53,"item16",1,0
416,0.95,0.53,"item17",1,0
416,0.95,0.53,"item18",1,0
417,1.24,1,"item1",4,1
417,1.24,1,"item2",2,0
417,1.24,1,"item3",2,0
417,1.24,1,"item4",3,0
417,1.24,1,"item5",3,0
417,1.24,1,"item6",3,0
417,1.24,1,"item7",4,1
417,1.24,1,"item8",4,1
417,1.24,1,"item9",4,1
417,1.24,1,"item10",4,1
417,1.24,1,"item11",4,1
417,1.24,1,"item12",4,1
417,1.24,1,"item13",4,1
417,1.24,1,"item14",3,0
417,1.24,1,"item15",4,1
417,1.24,1,"item16",4,1
417,1.24,1,"item17",4,1
417,1.24,1,"item18",4,1
419,1.09,2.54,"item1",3,0
419,1.09,2.54,"item2",3,0
419,1.09,2.54,"item3",3,0
419,1.09,2.54,"item4",1,0
419,1.09,2.54,"item5",1,0
419,1.09,2.54,"item6",2,0
419,1.09,2.54,"item7",2,0
419,1.09,2.54,"item8",2,0
419,1.09,2.54,"item9",2,0
419,1.09,2.54,"item10",1,0
419,1.09,2.54,"item11",1,0
419,1.09,2.54,"item12",1,0
419,1.09,2.54,"item13",1,0
419,1.09,2.54,"item14",2,0
419,1.09,2.54,"item15",2,0
419,1.09,2.54,"item16",2,0
419,1.09,2.54,"item17",2,0
419,1.09,2.54,"item18",1,0
420,2.5,3.46,"item1",1,0
420,2.5,3.46,"item2",2,0
420,2.5,3.46,"item3",2,0
420,2.5,3.46,"item4",3,0
420,2.5,3.46,"item5",3,0
420,2.5,3.46,"item6",3,0
420,2.5,3.46,"item7",3,0
420,2.5,3.46,"item8",2,0
420,2.5,3.46,"item9",2,0
420,2.5,3.46,"item10",3,0
420,2.5,3.46,"item11",4,1
420,2.5,3.46,"item12",4,1
420,2.5,3.46,"item13",4,1
420,2.5,3.46,"item14",3,0
420,2.5,3.46,"item15",3,0
420,2.5,3.46,"item16",3,0
420,2.5,3.46,"item17",3,0
420,2.5,3.46,"item18",3,0
421,0.55,0.55,"item1",2,0
421,0.55,0.55,"item2",2,0
421,0.55,0.55,"item3",2,0
421,0.55,0.55,"item4",2,0
421,0.55,0.55,"item5",2,0
421,0.55,0.55,"item6",2,0
421,0.55,0.55,"item7",2,0
421,0.55,0.55,"item8",2,0
421,0.55,0.55,"item9",2,0
421,0.55,0.55,"item10",2,0
421,0.55,0.55,"item11",2,0
421,0.55,0.55,"item12",2,0
421,0.55,0.55,"item13",2,0
421,0.55,0.55,"item14",1,0
421,0.55,0.55,"item15",2,0
421,0.55,0.55,"item16",2,0
421,0.55,0.55,"item17",2,0
421,0.55,0.55,"item18",2,0
422,0.85,0.74,"item1",2,0
422,0.85,0.74,"item2",2,0
422,0.85,0.74,"item3",2,0
422,0.85,0.74,"item4",2,0
422,0.85,0.74,"item5",2,0
422,0.85,0.74,"item6",1,0
422,0.85,0.74,"item7",2,0
422,0.85,0.74,"item8",2,0
422,0.85,0.74,"item9",1,0
422,0.85,0.74,"item10",1,0
422,0.85,0.74,"item11",1,0
422,0.85,0.74,"item12",1,0
422,0.85,0.74,"item13",1,0
422,0.85,0.74,"item14",2,0
422,0.85,0.74,"item15",1,0
422,0.85,0.74,"item16",1,0
422,0.85,0.74,"item17",1,0
422,0.85,0.74,"item18",1,0
423,1.52,0.68,"item1",3,0
423,1.52,0.68,"item2",3,0
423,1.52,0.68,"item3",3,0
423,1.52,0.68,"item4",1,0
423,1.52,0.68,"item5",1,0
423,1.52,0.68,"item6",1,0
423,1.52,0.68,"item7",2,0
423,1.52,0.68,"item8",1,0
423,1.52,0.68,"item9",2,0
423,1.52,0.68,"item10",1,0
423,1.52,0.68,"item11",1,0
423,1.52,0.68,"item12",1,0
423,1.52,0.68,"item13",1,0
423,1.52,0.68,"item14",1,0
423,1.52,0.68,"item15",1,0
423,1.52,0.68,"item16",1,0
423,1.52,0.68,"item17",1,0
423,1.52,0.68,"item18",1,0
424,1.51,1.2,"item1",2,0
424,1.51,1.2,"item2",2,0
424,1.51,1.2,"item3",3,0
424,1.51,1.2,"item4",3,0
424,1.51,1.2,"item5",3,0
424,1.51,1.2,"item6",2,0
424,1.51,1.2,"item7",3,0
424,1.51,1.2,"item8",2,0
424,1.51,1.2,"item9",3,0
424,1.51,1.2,"item10",4,1
424,1.51,1.2,"item11",3,0
424,1.51,1.2,"item12",1,0
424,1.51,1.2,"item13",1,0
424,1.51,1.2,"item14",1,0
424,1.51,1.2,"item15",1,0
424,1.51,1.2,"item16",1,0
424,1.51,1.2,"item17",1,0
424,1.51,1.2,"item18",1,0
427,0.51,0.7,"item1",2,0
427,0.51,0.7,"item2",2,0
427,0.51,0.7,"item3",2,0
427,0.51,0.7,"item4",1,0
427,0.51,0.7,"item5",2,0
427,0.51,0.7,"item6",2,0
427,0.51,0.7,"item7",3,0
427,0.51,0.7,"item8",3,0
427,0.51,0.7,"item9",3,0
427,0.51,0.7,"item10",3,0
427,0.51,0.7,"item11",1,0
427,0.51,0.7,"item12",1,0
427,0.51,0.7,"item13",1,0
427,0.51,0.7,"item14",2,0
427,0.51,0.7,"item15",2,0
427,0.51,0.7,"item16",2,0
427,0.51,0.7,"item17",2,0
427,0.51,0.7,"item18",1,0
428,0.5,0.77,"item1",1,0
428,0.5,0.77,"item2",2,0
428,0.5,0.77,"item3",1,0
428,0.5,0.77,"item4",2,0
428,0.5,0.77,"item5",2,0
428,0.5,0.77,"item6",2,0
428,0.5,0.77,"item7",2,0
428,0.5,0.77,"item8",2,0
428,0.5,0.77,"item9",2,0
428,0.5,0.77,"item10",3,0
428,0.5,0.77,"item11",1,0
428,0.5,0.77,"item12",2,0
428,0.5,0.77,"item13",3,0
428,0.5,0.77,"item14",2,0
428,0.5,0.77,"item15",2,0
428,0.5,0.77,"item16",3,0
428,0.5,0.77,"item17",2,0
428,0.5,0.77,"item18",3,0
429,0.71,0.35,"item1",1,0
429,0.71,0.35,"item2",1,0
429,0.71,0.35,"item3",1,0
429,0.71,0.35,"item4",1,0
429,0.71,0.35,"item5",2,0
429,0.71,0.35,"item6",2,0
429,0.71,0.35,"item7",2,0
429,0.71,0.35,"item8",1,0
429,0.71,0.35,"item9",2,0
429,0.71,0.35,"item10",3,0
429,0.71,0.35,"item11",2,0
429,0.71,0.35,"item12",1,0
429,0.71,0.35,"item13",2,0
429,0.71,0.35,"item14",4,1
429,0.71,0.35,"item15",2,0
429,0.71,0.35,"item16",2,0
429,0.71,0.35,"item17",1,0
429,0.71,0.35,"item18",1,0
430,0.58,0.98,"item1",2,0
430,0.58,0.98,"item2",2,0
430,0.58,0.98,"item3",2,0
430,0.58,0.98,"item4",3,0
430,0.58,0.98,"item5",3,0
430,0.58,0.98,"item6",4,1
430,0.58,0.98,"item7",4,1
430,0.58,0.98,"item8",4,1
430,0.58,0.98,"item9",4,1
430,0.58,0.98,"item10",3,0
430,0.58,0.98,"item11",3,0
430,0.58,0.98,"item12",2,0
430,0.58,0.98,"item13",2,0
430,0.58,0.98,"item14",4,1
430,0.58,0.98,"item15",2,0
430,0.58,0.98,"item16",2,0
430,0.58,0.98,"item17",1,0
430,0.58,0.98,"item18",1,0
431,1.04,2.91,"item1",2,0
431,1.04,2.91,"item2",3,0
431,1.04,2.91,"item3",2,0
431,1.04,2.91,"item4",1,0
431,1.04,2.91,"item5",1,0
431,1.04,2.91,"item6",1,0
431,1.04,2.91,"item7",2,0
431,1.04,2.91,"item8",1,0
431,1.04,2.91,"item9",2,0
431,1.04,2.91,"item10",1,0
431,1.04,2.91,"item11",1,0
431,1.04,2.91,"item12",1,0
431,1.04,2.91,"item13",1,0
431,1.04,2.91,"item14",1,0
431,1.04,2.91,"item15",1,0
431,1.04,2.91,"item16",1,0
431,1.04,2.91,"item17",1,0
431,1.04,2.91,"item18",1,0
432,0.85,2.92,"item1",3,0
432,0.85,2.92,"item2",3,0
432,0.85,2.92,"item3",3,0
432,0.85,2.92,"item4",1,0
432,0.85,2.92,"item5",2,0
432,0.85,2.92,"item6",1,0
432,0.85,2.92,"item7",2,0
432,0.85,2.92,"item8",1,0
432,0.85,2.92,"item9",1,0
432,0.85,2.92,"item10",1,0
432,0.85,2.92,"item11",1,0
432,0.85,2.92,"item12",1,0
432,0.85,2.92,"item13",1,0
432,0.85,2.92,"item14",1,0
432,0.85,2.92,"item15",2,0
432,0.85,2.92,"item16",1,0
432,0.85,2.92,"item17",2,0
432,0.85,2.92,"item18",1,0
434,0.6,0.89,"item1",3,0
434,0.6,0.89,"item2",3,0
434,0.6,0.89,"item3",4,1
434,0.6,0.89,"item4",4,1
434,0.6,0.89,"item5",3,0
434,0.6,0.89,"item6",3,0
434,0.6,0.89,"item7",2,0
434,0.6,0.89,"item8",2,0
434,0.6,0.89,"item9",2,0
434,0.6,0.89,"item10",3,0
434,0.6,0.89,"item11",3,0
434,0.6,0.89,"item12",3,0
434,0.6,0.89,"item13",3,0
434,0.6,0.89,"item14",1,0
434,0.6,0.89,"item15",1,0
434,0.6,0.89,"item16",1,0
434,0.6,0.89,"item17",1,0
434,0.6,0.89,"item18",2,0
435,0.72,0.73,"item1",3,0
435,0.72,0.73,"item2",3,0
435,0.72,0.73,"item3",3,0
435,0.72,0.73,"item4",2,0
435,0.72,0.73,"item5",2,0
435,0.72,0.73,"item6",2,0
435,0.72,0.73,"item7",2,0
435,0.72,0.73,"item8",2,0
435,0.72,0.73,"item9",2,0
435,0.72,0.73,"item10",2,0
435,0.72,0.73,"item11",2,0
435,0.72,0.73,"item12",1,0
435,0.72,0.73,"item13",2,0
435,0.72,0.73,"item14",1,0
435,0.72,0.73,"item15",1,0
435,0.72,0.73,"item16",1,0
435,0.72,0.73,"item17",1,0
435,0.72,0.73,"item18",1,0
436,0.52,0.33,"item1",2,0
436,0.52,0.33,"item2",2,0
436,0.52,0.33,"item3",2,0
436,0.52,0.33,"item4",1,0
436,0.52,0.33,"item5",1,0
436,0.52,0.33,"item6",1,0
436,0.52,0.33,"item7",1,0
436,0.52,0.33,"item8",1,0
436,0.52,0.33,"item9",1,0
436,0.52,0.33,"item10",1,0
436,0.52,0.33,"item11",2,0
436,0.52,0.33,"item12",1,0
436,0.52,0.33,"item13",1,0
436,0.52,0.33,"item14",2,0
436,0.52,0.33,"item15",1,0
436,0.52,0.33,"item16",1,0
436,0.52,0.33,"item17",1,0
436,0.52,0.33,"item18",1,0
439,NA,NA,"item1",2,0
439,NA,NA,"item2",2,0
439,NA,NA,"item3",2,0
439,NA,NA,"item4",2,0
439,NA,NA,"item5",2,0
439,NA,NA,"item6",2,0
439,NA,NA,"item7",2,0
439,NA,NA,"item8",2,0
439,NA,NA,"item9",2,0
439,NA,NA,"item10",2,0
439,NA,NA,"item11",2,0
439,NA,NA,"item12",2,0
439,NA,NA,"item13",2,0
439,NA,NA,"item14",2,0
439,NA,NA,"item15",2,0
439,NA,NA,"item16",2,0
439,NA,NA,"item17",2,0
439,NA,NA,"item18",2,0
440,0.95,5.23,"item1",4,1
440,0.95,5.23,"item2",4,1
440,0.95,5.23,"item3",4,1
440,0.95,5.23,"item4",1,0
440,0.95,5.23,"item5",1,0
440,0.95,5.23,"item6",1,0
440,0.95,5.23,"item7",1,0
440,0.95,5.23,"item8",1,0
440,0.95,5.23,"item9",1,0
440,0.95,5.23,"item10",1,0
440,0.95,5.23,"item11",1,0
440,0.95,5.23,"item12",1,0
440,0.95,5.23,"item13",1,0
440,0.95,5.23,"item14",1,0
440,0.95,5.23,"item15",2,0
440,0.95,5.23,"item16",1,0
440,0.95,5.23,"item17",1,0
440,0.95,5.23,"item18",1,0
442,0.73,0.92,"item1",3,0
442,0.73,0.92,"item2",3,0
442,0.73,0.92,"item3",4,1
442,0.73,0.92,"item4",1,0
442,0.73,0.92,"item5",1,0
442,0.73,0.92,"item6",1,0
442,0.73,0.92,"item7",2,0
442,0.73,0.92,"item8",2,0
442,0.73,0.92,"item9",1,0
442,0.73,0.92,"item10",1,0
442,0.73,0.92,"item11",1,0
442,0.73,0.92,"item12",1,0
442,0.73,0.92,"item13",1,0
442,0.73,0.92,"item14",1,0
442,0.73,0.92,"item15",1,0
442,0.73,0.92,"item16",1,0
442,0.73,0.92,"item17",1,0
442,0.73,0.92,"item18",1,0
443,0.39,0.41,"item1",1,0
443,0.39,0.41,"item2",1,0
443,0.39,0.41,"item3",1,0
443,0.39,0.41,"item4",2,0
443,0.39,0.41,"item5",3,0
443,0.39,0.41,"item6",3,0
443,0.39,0.41,"item7",3,0
443,0.39,0.41,"item8",2,0
443,0.39,0.41,"item9",3,0
443,0.39,0.41,"item10",2,0
443,0.39,0.41,"item11",3,0
443,0.39,0.41,"item12",1,0
443,0.39,0.41,"item13",2,0
443,0.39,0.41,"item14",2,0
443,0.39,0.41,"item15",1,0
443,0.39,0.41,"item16",3,0
443,0.39,0.41,"item17",2,0
443,0.39,0.41,"item18",2,0
448,0.71,0.66,"item1",2,0
448,0.71,0.66,"item2",2,0
448,0.71,0.66,"item3",2,0
448,0.71,0.66,"item4",1,0
448,0.71,0.66,"item5",1,0
448,0.71,0.66,"item6",1,0
448,0.71,0.66,"item7",1,0
448,0.71,0.66,"item8",1,0
448,0.71,0.66,"item9",1,0
448,0.71,0.66,"item10",1,0
448,0.71,0.66,"item11",1,0
448,0.71,0.66,"item12",1,0
448,0.71,0.66,"item13",1,0
448,0.71,0.66,"item14",1,0
448,0.71,0.66,"item15",1,0
448,0.71,0.66,"item16",1,0
448,0.71,0.66,"item17",1,0
448,0.71,0.66,"item18",1,0
449,0.61,0.81,"item1",4,1
449,0.61,0.81,"item2",4,1
449,0.61,0.81,"item3",4,1
449,0.61,0.81,"item4",1,0
449,0.61,0.81,"item5",1,0
449,0.61,0.81,"item6",2,0
449,0.61,0.81,"item7",3,0
449,0.61,0.81,"item8",3,0
449,0.61,0.81,"item9",2,0
449,0.61,0.81,"item10",3,0
449,0.61,0.81,"item11",2,0
449,0.61,0.81,"item12",1,0
449,0.61,0.81,"item13",1,0
449,0.61,0.81,"item14",1,0
449,0.61,0.81,"item15",1,0
449,0.61,0.81,"item16",1,0
449,0.61,0.81,"item17",1,0
449,0.61,0.81,"item18",1,0
452,1.13,2.76,"item1",2,0
452,1.13,2.76,"item2",2,0
452,1.13,2.76,"item3",2,0
452,1.13,2.76,"item4",2,0
452,1.13,2.76,"item5",2,0
452,1.13,2.76,"item6",2,0
452,1.13,2.76,"item7",2,0
452,1.13,2.76,"item8",2,0
452,1.13,2.76,"item9",2,0
452,1.13,2.76,"item10",1,0
452,1.13,2.76,"item11",1,0
452,1.13,2.76,"item12",1,0
452,1.13,2.76,"item13",2,0
452,1.13,2.76,"item14",2,0
452,1.13,2.76,"item15",2,0
452,1.13,2.76,"item16",2,0
452,1.13,2.76,"item17",2,0
452,1.13,2.76,"item18",1,0
453,0.86,1.23,"item1",1,0
453,0.86,1.23,"item2",1,0
453,0.86,1.23,"item3",1,0
453,0.86,1.23,"item4",3,0
453,0.86,1.23,"item5",3,0
453,0.86,1.23,"item6",4,1
453,0.86,1.23,"item7",4,1
453,0.86,1.23,"item8",4,1
453,0.86,1.23,"item9",4,1
453,0.86,1.23,"item10",4,1
453,0.86,1.23,"item11",4,1
453,0.86,1.23,"item12",4,1
453,0.86,1.23,"item13",3,0
453,0.86,1.23,"item14",4,1
453,0.86,1.23,"item15",3,0
453,0.86,1.23,"item16",3,0
453,0.86,1.23,"item17",2,0
453,0.86,1.23,"item18",3,0
454,0.73,0.55,"item1",2,0
454,0.73,0.55,"item2",2,0
454,0.73,0.55,"item3",2,0
454,0.73,0.55,"item4",2,0
454,0.73,0.55,"item5",3,0
454,0.73,0.55,"item6",2,0
454,0.73,0.55,"item7",2,0
454,0.73,0.55,"item8",2,0
454,0.73,0.55,"item9",1,0
454,0.73,0.55,"item10",2,0
454,0.73,0.55,"item11",3,0
454,0.73,0.55,"item12",2,0
454,0.73,0.55,"item13",1,0
454,0.73,0.55,"item14",2,0
454,0.73,0.55,"item15",2,0
454,0.73,0.55,"item16",2,0
454,0.73,0.55,"item17",2,0
454,0.73,0.55,"item18",2,0
457,1.26,0.9,"item1",2,0
457,1.26,0.9,"item2",3,0
457,1.26,0.9,"item3",2,0
457,1.26,0.9,"item4",1,0
457,1.26,0.9,"item5",1,0
457,1.26,0.9,"item6",1,0
457,1.26,0.9,"item7",2,0
457,1.26,0.9,"item8",2,0
457,1.26,0.9,"item9",2,0
457,1.26,0.9,"item10",1,0
457,1.26,0.9,"item11",2,0
457,1.26,0.9,"item12",1,0
457,1.26,0.9,"item13",1,0
457,1.26,0.9,"item14",2,0
457,1.26,0.9,"item15",1,0
457,1.26,0.9,"item16",1,0
457,1.26,0.9,"item17",2,0
457,1.26,0.9,"item18",1,0
458,1.08,2.23,"item1",2,0
458,1.08,2.23,"item2",2,0
458,1.08,2.23,"item3",2,0
458,1.08,2.23,"item4",1,0
458,1.08,2.23,"item5",1,0
458,1.08,2.23,"item6",1,0
458,1.08,2.23,"item7",2,0
458,1.08,2.23,"item8",2,0
458,1.08,2.23,"item9",1,0
458,1.08,2.23,"item10",2,0
458,1.08,2.23,"item11",1,0
458,1.08,2.23,"item12",1,0
458,1.08,2.23,"item13",1,0
458,1.08,2.23,"item14",1,0
458,1.08,2.23,"item15",1,0
458,1.08,2.23,"item16",2,0
458,1.08,2.23,"item17",1,0
458,1.08,2.23,"item18",1,0
460,0.54,0.86,"item1",3,0
460,0.54,0.86,"item2",3,0
460,0.54,0.86,"item3",3,0
460,0.54,0.86,"item4",3,0
460,0.54,0.86,"item5",3,0
460,0.54,0.86,"item6",3,0
460,0.54,0.86,"item7",2,0
460,0.54,0.86,"item8",2,0
460,0.54,0.86,"item9",1,0
460,0.54,0.86,"item10",2,0
460,0.54,0.86,"item11",3,0
460,0.54,0.86,"item12",3,0
460,0.54,0.86,"item13",3,0
460,0.54,0.86,"item14",1,0
460,0.54,0.86,"item15",1,0
460,0.54,0.86,"item16",1,0
460,0.54,0.86,"item17",1,0
460,0.54,0.86,"item18",1,0
461,0.68,1.16,"item1",2,0
461,0.68,1.16,"item2",2,0
461,0.68,1.16,"item3",2,0
461,0.68,1.16,"item4",2,0
461,0.68,1.16,"item5",2,0
461,0.68,1.16,"item6",2,0
461,0.68,1.16,"item7",2,0
461,0.68,1.16,"item8",2,0
461,0.68,1.16,"item9",2,0
461,0.68,1.16,"item10",2,0
461,0.68,1.16,"item11",2,0
461,0.68,1.16,"item12",2,0
461,0.68,1.16,"item13",2,0
461,0.68,1.16,"item14",2,0
461,0.68,1.16,"item15",2,0
461,0.68,1.16,"item16",2,0
461,0.68,1.16,"item17",2,0
461,0.68,1.16,"item18",2,0
463,0.67,0.84,"item1",2,0
463,0.67,0.84,"item2",2,0
463,0.67,0.84,"item3",2,0
463,0.67,0.84,"item4",1,0
463,0.67,0.84,"item5",1,0
463,0.67,0.84,"item6",1,0
463,0.67,0.84,"item7",2,0
463,0.67,0.84,"item8",2,0
463,0.67,0.84,"item9",2,0
463,0.67,0.84,"item10",1,0
463,0.67,0.84,"item11",1,0
463,0.67,0.84,"item12",1,0
463,0.67,0.84,"item13",1,0
463,0.67,0.84,"item14",1,0
463,0.67,0.84,"item15",1,0
463,0.67,0.84,"item16",1,0
463,0.67,0.84,"item17",1,0
463,0.67,0.84,"item18",1,0
464,0.67,0.41,"item1",2,0
464,0.67,0.41,"item2",2,0
464,0.67,0.41,"item3",2,0
464,0.67,0.41,"item4",2,0
464,0.67,0.41,"item5",1,0
464,0.67,0.41,"item6",3,0
464,0.67,0.41,"item7",3,0
464,0.67,0.41,"item8",2,0
464,0.67,0.41,"item9",3,0
464,0.67,0.41,"item10",2,0
464,0.67,0.41,"item11",1,0
464,0.67,0.41,"item12",1,0
464,0.67,0.41,"item13",1,0
464,0.67,0.41,"item14",2,0
464,0.67,0.41,"item15",1,0
464,0.67,0.41,"item16",2,0
464,0.67,0.41,"item17",1,0
464,0.67,0.41,"item18",1,0
465,0.83,0.64,"item1",2,0
465,0.83,0.64,"item2",3,0
465,0.83,0.64,"item3",2,0
465,0.83,0.64,"item4",2,0
465,0.83,0.64,"item5",2,0
465,0.83,0.64,"item6",2,0
465,0.83,0.64,"item7",2,0
465,0.83,0.64,"item8",1,0
465,0.83,0.64,"item9",1,0
465,0.83,0.64,"item10",1,0
465,0.83,0.64,"item11",1,0
465,0.83,0.64,"item12",1,0
465,0.83,0.64,"item13",1,0
465,0.83,0.64,"item14",1,0
465,0.83,0.64,"item15",1,0
465,0.83,0.64,"item16",1,0
465,0.83,0.64,"item17",1,0
465,0.83,0.64,"item18",1,0
466,0.75,3.47,"item1",3,0
466,0.75,3.47,"item2",3,0
466,0.75,3.47,"item3",3,0
466,0.75,3.47,"item4",3,0
466,0.75,3.47,"item5",2,0
466,0.75,3.47,"item6",2,0
466,0.75,3.47,"item7",2,0
466,0.75,3.47,"item8",2,0
466,0.75,3.47,"item9",2,0
466,0.75,3.47,"item10",2,0
466,0.75,3.47,"item11",2,0
466,0.75,3.47,"item12",2,0
466,0.75,3.47,"item13",1,0
466,0.75,3.47,"item14",2,0
466,0.75,3.47,"item15",2,0
466,0.75,3.47,"item16",1,0
466,0.75,3.47,"item17",1,0
466,0.75,3.47,"item18",1,0
468,0.29,0.63,"item1",2,0
468,0.29,0.63,"item2",2,0
468,0.29,0.63,"item3",2,0
468,0.29,0.63,"item4",2,0
468,0.29,0.63,"item5",2,0
468,0.29,0.63,"item6",2,0
468,0.29,0.63,"item7",2,0
468,0.29,0.63,"item8",2,0
468,0.29,0.63,"item9",2,0
468,0.29,0.63,"item10",1,0
468,0.29,0.63,"item11",2,0
468,0.29,0.63,"item12",2,0
468,0.29,0.63,"item13",2,0
468,0.29,0.63,"item14",2,0
468,0.29,0.63,"item15",3,0
468,0.29,0.63,"item16",2,0
468,0.29,0.63,"item17",2,0
468,0.29,0.63,"item18",3,0
469,0.69,1.12,"item1",2,0
469,0.69,1.12,"item2",3,0
469,0.69,1.12,"item3",1,0
469,0.69,1.12,"item4",2,0
469,0.69,1.12,"item5",4,1
469,0.69,1.12,"item6",3,0
469,0.69,1.12,"item7",2,0
469,0.69,1.12,"item8",3,0
469,0.69,1.12,"item9",2,0
469,0.69,1.12,"item10",2,0
469,0.69,1.12,"item11",3,0
469,0.69,1.12,"item12",3,0
469,0.69,1.12,"item13",3,0
469,0.69,1.12,"item14",1,0
469,0.69,1.12,"item15",1,0
469,0.69,1.12,"item16",1,0
469,0.69,1.12,"item17",1,0
469,0.69,1.12,"item18",2,0
470,0.83,0.94,"item1",4,1
470,0.83,0.94,"item2",4,1
470,0.83,0.94,"item3",4,1
470,0.83,0.94,"item4",2,0
470,0.83,0.94,"item5",1,0
470,0.83,0.94,"item6",1,0
470,0.83,0.94,"item7",2,0
470,0.83,0.94,"item8",2,0
470,0.83,0.94,"item9",2,0
470,0.83,0.94,"item10",3,0
470,0.83,0.94,"item11",1,0
470,0.83,0.94,"item12",1,0
470,0.83,0.94,"item13",1,0
470,0.83,0.94,"item14",1,0
470,0.83,0.94,"item15",1,0
470,0.83,0.94,"item16",2,0
470,0.83,0.94,"item17",1,0
470,0.83,0.94,"item18",1,0
472,0.74,2.96,"item1",2,0
472,0.74,2.96,"item2",2,0
472,0.74,2.96,"item3",2,0
472,0.74,2.96,"item4",2,0
472,0.74,2.96,"item5",2,0
472,0.74,2.96,"item6",2,0
472,0.74,2.96,"item7",2,0
472,0.74,2.96,"item8",2,0
472,0.74,2.96,"item9",2,0
472,0.74,2.96,"item10",2,0
472,0.74,2.96,"item11",2,0
472,0.74,2.96,"item12",2,0
472,0.74,2.96,"item13",2,0
472,0.74,2.96,"item14",2,0
472,0.74,2.96,"item15",2,0
472,0.74,2.96,"item16",2,0
472,0.74,2.96,"item17",2,0
472,0.74,2.96,"item18",2,0
473,0.79,0.97,"item1",3,0
473,0.79,0.97,"item2",3,0
473,0.79,0.97,"item3",3,0
473,0.79,0.97,"item4",2,0
473,0.79,0.97,"item5",3,0
473,0.79,0.97,"item6",3,0
473,0.79,0.97,"item7",1,0
473,0.79,0.97,"item8",1,0
473,0.79,0.97,"item9",2,0
473,0.79,0.97,"item10",2,0
473,0.79,0.97,"item11",3,0
473,0.79,0.97,"item12",2,0
473,0.79,0.97,"item13",2,0
473,0.79,0.97,"item14",1,0
473,0.79,0.97,"item15",1,0
473,0.79,0.97,"item16",2,0
473,0.79,0.97,"item17",2,0
473,0.79,0.97,"item18",1,0
474,0.64,1.16,"item1",3,0
474,0.64,1.16,"item2",3,0
474,0.64,1.16,"item3",3,0
474,0.64,1.16,"item4",2,0
474,0.64,1.16,"item5",3,0
474,0.64,1.16,"item6",2,0
474,0.64,1.16,"item7",2,0
474,0.64,1.16,"item8",1,0
474,0.64,1.16,"item9",2,0
474,0.64,1.16,"item10",1,0
474,0.64,1.16,"item11",2,0
474,0.64,1.16,"item12",1,0
474,0.64,1.16,"item13",1,0
474,0.64,1.16,"item14",1,0
474,0.64,1.16,"item15",1,0
474,0.64,1.16,"item16",1,0
474,0.64,1.16,"item17",1,0
474,0.64,1.16,"item18",1,0
475,0.74,1.62,"item1",1,0
475,0.74,1.62,"item2",2,0
475,0.74,1.62,"item3",1,0
475,0.74,1.62,"item4",4,1
475,0.74,1.62,"item5",4,1
475,0.74,1.62,"item6",4,1
475,0.74,1.62,"item7",2,0
475,0.74,1.62,"item8",1,0
475,0.74,1.62,"item9",1,0
475,0.74,1.62,"item10",1,0
475,0.74,1.62,"item11",2,0
475,0.74,1.62,"item12",1,0
475,0.74,1.62,"item13",1,0
475,0.74,1.62,"item14",1,0
475,0.74,1.62,"item15",1,0
475,0.74,1.62,"item16",1,0
475,0.74,1.62,"item17",1,0
475,0.74,1.62,"item18",1,0
478,0.68,0.79,"item1",4,1
478,0.68,0.79,"item2",4,1
478,0.68,0.79,"item3",4,1
478,0.68,0.79,"item4",2,0
478,0.68,0.79,"item5",2,0
478,0.68,0.79,"item6",2,0
478,0.68,0.79,"item7",3,0
478,0.68,0.79,"item8",3,0
478,0.68,0.79,"item9",2,0
478,0.68,0.79,"item10",2,0
478,0.68,0.79,"item11",2,0
478,0.68,0.79,"item12",1,0
478,0.68,0.79,"item13",1,0
478,0.68,0.79,"item14",2,0
478,0.68,0.79,"item15",1,0
478,0.68,0.79,"item16",1,0
478,0.68,0.79,"item17",1,0
478,0.68,0.79,"item18",1,0
480,0.68,0.72,"item1",2,0
480,0.68,0.72,"item2",2,0
480,0.68,0.72,"item3",2,0
480,0.68,0.72,"item4",3,0
480,0.68,0.72,"item5",3,0
480,0.68,0.72,"item6",1,0
480,0.68,0.72,"item7",2,0
480,0.68,0.72,"item8",2,0
480,0.68,0.72,"item9",2,0
480,0.68,0.72,"item10",4,1
480,0.68,0.72,"item11",2,0
480,0.68,0.72,"item12",1,0
480,0.68,0.72,"item13",2,0
480,0.68,0.72,"item14",1,0
480,0.68,0.72,"item15",2,0
480,0.68,0.72,"item16",2,0
480,0.68,0.72,"item17",1,0
480,0.68,0.72,"item18",2,0
481,0.58,1.19,"item1",1,0
481,0.58,1.19,"item2",1,0
481,0.58,1.19,"item3",1,0
481,0.58,1.19,"item4",2,0
481,0.58,1.19,"item5",1,0
481,0.58,1.19,"item6",2,0
481,0.58,1.19,"item7",1,0
481,0.58,1.19,"item8",1,0
481,0.58,1.19,"item9",1,0
481,0.58,1.19,"item10",1,0
481,0.58,1.19,"item11",1,0
481,0.58,1.19,"item12",1,0
481,0.58,1.19,"item13",1,0
481,0.58,1.19,"item14",1,0
481,0.58,1.19,"item15",1,0
481,0.58,1.19,"item16",1,0
481,0.58,1.19,"item17",1,0
481,0.58,1.19,"item18",1,0
484,0.62,3.61,"item1",3,0
484,0.62,3.61,"item2",3,0
484,0.62,3.61,"item3",2,0
484,0.62,3.61,"item4",3,0
484,0.62,3.61,"item5",3,0
484,0.62,3.61,"item6",3,0
484,0.62,3.61,"item7",3,0
484,0.62,3.61,"item8",3,0
484,0.62,3.61,"item9",3,0
484,0.62,3.61,"item10",3,0
484,0.62,3.61,"item11",3,0
484,0.62,3.61,"item12",3,0
484,0.62,3.61,"item13",3,0
484,0.62,3.61,"item14",3,0
484,0.62,3.61,"item15",3,0
484,0.62,3.61,"item16",3,0
484,0.62,3.61,"item17",2,0
484,0.62,3.61,"item18",2,0
485,1.08,1.75,"item1",2,0
485,1.08,1.75,"item2",2,0
485,1.08,1.75,"item3",2,0
485,1.08,1.75,"item4",1,0
485,1.08,1.75,"item5",1,0
485,1.08,1.75,"item6",1,0
485,1.08,1.75,"item7",2,0
485,1.08,1.75,"item8",2,0
485,1.08,1.75,"item9",2,0
485,1.08,1.75,"item10",2,0
485,1.08,1.75,"item11",1,0
485,1.08,1.75,"item12",2,0
485,1.08,1.75,"item13",1,0
485,1.08,1.75,"item14",2,0
485,1.08,1.75,"item15",1,0
485,1.08,1.75,"item16",1,0
485,1.08,1.75,"item17",1,0
485,1.08,1.75,"item18",1,0
486,0.77,1.33,"item1",2,0
486,0.77,1.33,"item2",2,0
486,0.77,1.33,"item3",2,0
486,0.77,1.33,"item4",1,0
486,0.77,1.33,"item5",2,0
486,0.77,1.33,"item6",1,0
486,0.77,1.33,"item7",2,0
486,0.77,1.33,"item8",1,0
486,0.77,1.33,"item9",1,0
486,0.77,1.33,"item10",1,0
486,0.77,1.33,"item11",1,0
486,0.77,1.33,"item12",1,0
486,0.77,1.33,"item13",1,0
486,0.77,1.33,"item14",1,0
486,0.77,1.33,"item15",1,0
486,0.77,1.33,"item16",1,0
486,0.77,1.33,"item17",1,0
486,0.77,1.33,"item18",1,0
487,1.77,1.9,"item1",1,0
487,1.77,1.9,"item2",3,0
487,1.77,1.9,"item3",3,0
487,1.77,1.9,"item4",2,0
487,1.77,1.9,"item5",1,0
487,1.77,1.9,"item6",2,0
487,1.77,1.9,"item7",2,0
487,1.77,1.9,"item8",2,0
487,1.77,1.9,"item9",1,0
487,1.77,1.9,"item10",1,0
487,1.77,1.9,"item11",1,0
487,1.77,1.9,"item12",1,0
487,1.77,1.9,"item13",1,0
487,1.77,1.9,"item14",1,0
487,1.77,1.9,"item15",1,0
487,1.77,1.9,"item16",1,0
487,1.77,1.9,"item17",1,0
487,1.77,1.9,"item18",1,0
488,0.61,1.07,"item1",2,0
488,0.61,1.07,"item2",2,0
488,0.61,1.07,"item3",2,0
488,0.61,1.07,"item4",3,0
488,0.61,1.07,"item5",3,0
488,0.61,1.07,"item6",3,0
488,0.61,1.07,"item7",3,0
488,0.61,1.07,"item8",2,0
488,0.61,1.07,"item9",2,0
488,0.61,1.07,"item10",2,0
488,0.61,1.07,"item11",2,0
488,0.61,1.07,"item12",2,0
488,0.61,1.07,"item13",1,0
488,0.61,1.07,"item14",2,0
488,0.61,1.07,"item15",2,0
488,0.61,1.07,"item16",1,0
488,0.61,1.07,"item17",1,0
488,0.61,1.07,"item18",1,0
490,0.71,1.59,"item1",2,0
490,0.71,1.59,"item2",1,0
490,0.71,1.59,"item3",2,0
490,0.71,1.59,"item4",2,0
490,0.71,1.59,"item5",2,0
490,0.71,1.59,"item6",2,0
490,0.71,1.59,"item7",3,0
490,0.71,1.59,"item8",3,0
490,0.71,1.59,"item9",2,0
490,0.71,1.59,"item10",2,0
490,0.71,1.59,"item11",1,0
490,0.71,1.59,"item12",1,0
490,0.71,1.59,"item13",1,0
490,0.71,1.59,"item14",2,0
490,0.71,1.59,"item15",1,0
490,0.71,1.59,"item16",2,0
490,0.71,1.59,"item17",1,0
490,0.71,1.59,"item18",1,0
491,0.74,6.87,"item1",2,0
491,0.74,6.87,"item2",3,0
491,0.74,6.87,"item3",2,0
491,0.74,6.87,"item4",2,0
491,0.74,6.87,"item5",2,0
491,0.74,6.87,"item6",2,0
491,0.74,6.87,"item7",3,0
491,0.74,6.87,"item8",2,0
491,0.74,6.87,"item9",2,0
491,0.74,6.87,"item10",2,0
491,0.74,6.87,"item11",3,0
491,0.74,6.87,"item12",2,0
491,0.74,6.87,"item13",2,0
491,0.74,6.87,"item14",2,0
491,0.74,6.87,"item15",2,0
491,0.74,6.87,"item16",2,0
491,0.74,6.87,"item17",2,0
491,0.74,6.87,"item18",2,0
492,0.88,1.87,"item1",2,0
492,0.88,1.87,"item2",2,0
492,0.88,1.87,"item3",2,0
492,0.88,1.87,"item4",2,0
492,0.88,1.87,"item5",2,0
492,0.88,1.87,"item6",3,0
492,0.88,1.87,"item7",3,0
492,0.88,1.87,"item8",3,0
492,0.88,1.87,"item9",3,0
492,0.88,1.87,"item10",2,0
492,0.88,1.87,"item11",3,0
492,0.88,1.87,"item12",3,0
492,0.88,1.87,"item13",3,0
492,0.88,1.87,"item14",2,0
492,0.88,1.87,"item15",2,0
492,0.88,1.87,"item16",2,0
492,0.88,1.87,"item17",2,0
492,0.88,1.87,"item18",2,0
493,4.18,3.13,"item1",2,0
493,4.18,3.13,"item2",3,0
493,4.18,3.13,"item3",3,0
493,4.18,3.13,"item4",2,0
493,4.18,3.13,"item5",1,0
493,4.18,3.13,"item6",1,0
493,4.18,3.13,"item7",1,0
493,4.18,3.13,"item8",1,0
493,4.18,3.13,"item9",1,0
493,4.18,3.13,"item10",2,0
493,4.18,3.13,"item11",2,0
493,4.18,3.13,"item12",1,0
493,4.18,3.13,"item13",1,0
493,4.18,3.13,"item14",1,0
493,4.18,3.13,"item15",3,0
493,4.18,3.13,"item16",1,0
493,4.18,3.13,"item17",1,0
493,4.18,3.13,"item18",1,0
494,0.54,1.63,"item1",3,0
494,0.54,1.63,"item2",3,0
494,0.54,1.63,"item3",3,0
494,0.54,1.63,"item4",2,0
494,0.54,1.63,"item5",2,0
494,0.54,1.63,"item6",2,0
494,0.54,1.63,"item7",2,0
494,0.54,1.63,"item8",2,0
494,0.54,1.63,"item9",2,0
494,0.54,1.63,"item10",2,0
494,0.54,1.63,"item11",2,0
494,0.54,1.63,"item12",2,0
494,0.54,1.63,"item13",2,0
494,0.54,1.63,"item14",2,0
494,0.54,1.63,"item15",2,0
494,0.54,1.63,"item16",2,0
494,0.54,1.63,"item17",1,0
494,0.54,1.63,"item18",2,0
496,0.83,1.29,"item1",1,0
496,0.83,1.29,"item2",2,0
496,0.83,1.29,"item3",2,0
496,0.83,1.29,"item4",3,0
496,0.83,1.29,"item5",2,0
496,0.83,1.29,"item6",2,0
496,0.83,1.29,"item7",1,0
496,0.83,1.29,"item8",1,0
496,0.83,1.29,"item9",1,0
496,0.83,1.29,"item10",1,0
496,0.83,1.29,"item11",1,0
496,0.83,1.29,"item12",1,0
496,0.83,1.29,"item13",1,0
496,0.83,1.29,"item14",1,0
496,0.83,1.29,"item15",1,0
496,0.83,1.29,"item16",1,0
496,0.83,1.29,"item17",1,0
496,0.83,1.29,"item18",1,0
497,2.1,2.02,"item1",3,0
497,2.1,2.02,"item2",2,0
497,2.1,2.02,"item3",2,0
497,2.1,2.02,"item4",2,0
497,2.1,2.02,"item5",2,0
497,2.1,2.02,"item6",1,0
497,2.1,2.02,"item7",3,0
497,2.1,2.02,"item8",3,0
497,2.1,2.02,"item9",2,0
497,2.1,2.02,"item10",2,0
497,2.1,2.02,"item11",2,0
497,2.1,2.02,"item12",2,0
497,2.1,2.02,"item13",2,0
497,2.1,2.02,"item14",2,0
497,2.1,2.02,"item15",2,0
497,2.1,2.02,"item16",2,0
497,2.1,2.02,"item17",2,0
497,2.1,2.02,"item18",1,0
500,1.56,2.67,"item1",2,0
500,1.56,2.67,"item2",4,1
500,1.56,2.67,"item3",4,1
500,1.56,2.67,"item4",1,0
500,1.56,2.67,"item5",1,0
500,1.56,2.67,"item6",1,0
500,1.56,2.67,"item7",1,0
500,1.56,2.67,"item8",1,0
500,1.56,2.67,"item9",1,0
500,1.56,2.67,"item10",1,0
500,1.56,2.67,"item11",1,0
500,1.56,2.67,"item12",1,0
500,1.56,2.67,"item13",1,0
500,1.56,2.67,"item14",1,0
500,1.56,2.67,"item15",1,0
500,1.56,2.67,"item16",1,0
500,1.56,2.67,"item17",1,0
500,1.56,2.67,"item18",1,0
501,1.28,6.58,"item1",2,0
501,1.28,6.58,"item2",2,0
501,1.28,6.58,"item3",2,0
501,1.28,6.58,"item4",2,0
501,1.28,6.58,"item5",2,0
501,1.28,6.58,"item6",1,0
501,1.28,6.58,"item7",1,0
501,1.28,6.58,"item8",1,0
501,1.28,6.58,"item9",1,0
501,1.28,6.58,"item10",2,0
501,1.28,6.58,"item11",1,0
501,1.28,6.58,"item12",1,0
501,1.28,6.58,"item13",1,0
501,1.28,6.58,"item14",1,0
501,1.28,6.58,"item15",1,0
501,1.28,6.58,"item16",1,0
501,1.28,6.58,"item17",1,0
501,1.28,6.58,"item18",1,0
502,1.25,1.02,"item1",2,0
502,1.25,1.02,"item2",2,0
502,1.25,1.02,"item3",2,0
502,1.25,1.02,"item4",2,0
502,1.25,1.02,"item5",2,0
502,1.25,1.02,"item6",2,0
502,1.25,1.02,"item7",1,0
502,1.25,1.02,"item8",1,0
502,1.25,1.02,"item9",2,0
502,1.25,1.02,"item10",1,0
502,1.25,1.02,"item11",3,0
502,1.25,1.02,"item12",2,0
502,1.25,1.02,"item13",2,0
502,1.25,1.02,"item14",3,0
502,1.25,1.02,"item15",3,0
502,1.25,1.02,"item16",1,0
502,1.25,1.02,"item17",1,0
502,1.25,1.02,"item18",2,0
503,0.66,1.97,"item1",4,1
503,0.66,1.97,"item2",3,0
503,0.66,1.97,"item3",3,0
503,0.66,1.97,"item4",3,0
503,0.66,1.97,"item5",2,0
503,0.66,1.97,"item6",1,0
503,0.66,1.97,"item7",1,0
503,0.66,1.97,"item8",1,0
503,0.66,1.97,"item9",1,0
503,0.66,1.97,"item10",2,0
503,0.66,1.97,"item11",1,0
503,0.66,1.97,"item12",1,0
503,0.66,1.97,"item13",1,0
503,0.66,1.97,"item14",1,0
503,0.66,1.97,"item15",1,0
503,0.66,1.97,"item16",2,0
503,0.66,1.97,"item17",1,0
503,0.66,1.97,"item18",1,0
507,0.53,1.75,"item1",3,0
507,0.53,1.75,"item2",2,0
507,0.53,1.75,"item3",2,0
507,0.53,1.75,"item4",1,0
507,0.53,1.75,"item5",2,0
507,0.53,1.75,"item6",2,0
507,0.53,1.75,"item7",4,1
507,0.53,1.75,"item8",4,1
507,0.53,1.75,"item9",4,1
507,0.53,1.75,"item10",2,0
507,0.53,1.75,"item11",2,0
507,0.53,1.75,"item12",2,0
507,0.53,1.75,"item13",3,0
507,0.53,1.75,"item14",2,0
507,0.53,1.75,"item15",1,0
507,0.53,1.75,"item16",2,0
507,0.53,1.75,"item17",1,0
507,0.53,1.75,"item18",1,0
511,1.27,3.9,"item1",4,1
511,1.27,3.9,"item2",4,1
511,1.27,3.9,"item3",4,1
511,1.27,3.9,"item4",3,0
511,1.27,3.9,"item5",2,0
511,1.27,3.9,"item6",1,0
511,1.27,3.9,"item7",2,0
511,1.27,3.9,"item8",1,0
511,1.27,3.9,"item9",1,0
511,1.27,3.9,"item10",1,0
511,1.27,3.9,"item11",1,0
511,1.27,3.9,"item12",1,0
511,1.27,3.9,"item13",1,0
511,1.27,3.9,"item14",1,0
511,1.27,3.9,"item15",1,0
511,1.27,3.9,"item16",1,0
511,1.27,3.9,"item17",1,0
511,1.27,3.9,"item18",1,0
512,1.9,0.81,"item1",3,0
512,1.9,0.81,"item2",4,1
512,1.9,0.81,"item3",3,0
512,1.9,0.81,"item4",3,0
512,1.9,0.81,"item5",2,0
512,1.9,0.81,"item6",2,0
512,1.9,0.81,"item7",1,0
512,1.9,0.81,"item8",1,0
512,1.9,0.81,"item9",1,0
512,1.9,0.81,"item10",1,0
512,1.9,0.81,"item11",1,0
512,1.9,0.81,"item12",1,0
512,1.9,0.81,"item13",1,0
512,1.9,0.81,"item14",1,0
512,1.9,0.81,"item15",1,0
512,1.9,0.81,"item16",1,0
512,1.9,0.81,"item17",1,0
512,1.9,0.81,"item18",1,0
515,0.77,2.12,"item1",2,0
515,0.77,2.12,"item2",2,0
515,0.77,2.12,"item3",2,0
515,0.77,2.12,"item4",2,0
515,0.77,2.12,"item5",2,0
515,0.77,2.12,"item6",2,0
515,0.77,2.12,"item7",2,0
515,0.77,2.12,"item8",2,0
515,0.77,2.12,"item9",3,0
515,0.77,2.12,"item10",3,0
515,0.77,2.12,"item11",4,1
515,0.77,2.12,"item12",4,1
515,0.77,2.12,"item13",4,1
515,0.77,2.12,"item14",3,0
515,0.77,2.12,"item15",4,1
515,0.77,2.12,"item16",4,1
515,0.77,2.12,"item17",4,1
515,0.77,2.12,"item18",4,1
516,0.62,0.48,"item1",4,1
516,0.62,0.48,"item2",4,1
516,0.62,0.48,"item3",4,1
516,0.62,0.48,"item4",1,0
516,0.62,0.48,"item5",1,0
516,0.62,0.48,"item6",1,0
516,0.62,0.48,"item7",1,0
516,0.62,0.48,"item8",1,0
516,0.62,0.48,"item9",2,0
516,0.62,0.48,"item10",1,0
516,0.62,0.48,"item11",1,0
516,0.62,0.48,"item12",1,0
516,0.62,0.48,"item13",1,0
516,0.62,0.48,"item14",1,0
516,0.62,0.48,"item15",2,0
516,0.62,0.48,"item16",1,0
516,0.62,0.48,"item17",1,0
516,0.62,0.48,"item18",1,0
519,0.61,3.09,"item1",1,0
519,0.61,3.09,"item2",1,0
519,0.61,3.09,"item3",1,0
519,0.61,3.09,"item4",1,0
519,0.61,3.09,"item5",1,0
519,0.61,3.09,"item6",1,0
519,0.61,3.09,"item7",3,0
519,0.61,3.09,"item8",2,0
519,0.61,3.09,"item9",3,0
519,0.61,3.09,"item10",1,0
519,0.61,3.09,"item11",2,0
519,0.61,3.09,"item12",1,0
519,0.61,3.09,"item13",2,0
519,0.61,3.09,"item14",2,0
519,0.61,3.09,"item15",2,0
519,0.61,3.09,"item16",3,0
519,0.61,3.09,"item17",2,0
519,0.61,3.09,"item18",2,0
528,0.72,0.67,"item1",2,0
528,0.72,0.67,"item2",2,0
528,0.72,0.67,"item3",1,0
528,0.72,0.67,"item4",2,0
528,0.72,0.67,"item5",2,0
528,0.72,0.67,"item6",2,0
528,0.72,0.67,"item7",2,0
528,0.72,0.67,"item8",2,0
528,0.72,0.67,"item9",2,0
528,0.72,0.67,"item10",2,0
528,0.72,0.67,"item11",3,0
528,0.72,0.67,"item12",2,0
528,0.72,0.67,"item13",1,0
528,0.72,0.67,"item14",2,0
528,0.72,0.67,"item15",2,0
528,0.72,0.67,"item16",2,0
528,0.72,0.67,"item17",2,0
528,0.72,0.67,"item18",1,0
529,1.25,4.4,"item1",3,0
529,1.25,4.4,"item2",3,0
529,1.25,4.4,"item3",4,1
529,1.25,4.4,"item4",2,0
529,1.25,4.4,"item5",2,0
529,1.25,4.4,"item6",3,0
529,1.25,4.4,"item7",2,0
529,1.25,4.4,"item8",2,0
529,1.25,4.4,"item9",1,0
529,1.25,4.4,"item10",2,0
529,1.25,4.4,"item11",2,0
529,1.25,4.4,"item12",3,0
529,1.25,4.4,"item13",1,0
529,1.25,4.4,"item14",1,0
529,1.25,4.4,"item15",1,0
529,1.25,4.4,"item16",2,0
529,1.25,4.4,"item17",1,0
529,1.25,4.4,"item18",3,0
531,0.59,3.3,"item1",2,0
531,0.59,3.3,"item2",2,0
531,0.59,3.3,"item3",2,0
531,0.59,3.3,"item4",2,0
531,0.59,3.3,"item5",2,0
531,0.59,3.3,"item6",3,0
531,0.59,3.3,"item7",3,0
531,0.59,3.3,"item8",3,0
531,0.59,3.3,"item9",3,0
531,0.59,3.3,"item10",3,0
531,0.59,3.3,"item11",2,0
531,0.59,3.3,"item12",1,0
531,0.59,3.3,"item13",1,0
531,0.59,3.3,"item14",1,0
531,0.59,3.3,"item15",1,0
531,0.59,3.3,"item16",2,0
531,0.59,3.3,"item17",1,0
531,0.59,3.3,"item18",2,0
533,0.63,1.67,"item1",2,0
533,0.63,1.67,"item2",2,0
533,0.63,1.67,"item3",1,0
533,0.63,1.67,"item4",2,0
533,0.63,1.67,"item5",1,0
533,0.63,1.67,"item6",1,0
533,0.63,1.67,"item7",2,0
533,0.63,1.67,"item8",1,0
533,0.63,1.67,"item9",2,0
533,0.63,1.67,"item10",1,0
533,0.63,1.67,"item11",1,0
533,0.63,1.67,"item12",1,0
533,0.63,1.67,"item13",1,0
533,0.63,1.67,"item14",1,0
533,0.63,1.67,"item15",2,0
533,0.63,1.67,"item16",1,0
533,0.63,1.67,"item17",1,0
533,0.63,1.67,"item18",1,0
537,0.86,2.57,"item1",2,0
537,0.86,2.57,"item2",2,0
537,0.86,2.57,"item3",2,0
537,0.86,2.57,"item4",1,0
537,0.86,2.57,"item5",1,0
537,0.86,2.57,"item6",1,0
537,0.86,2.57,"item7",1,0
537,0.86,2.57,"item8",1,0
537,0.86,2.57,"item9",1,0
537,0.86,2.57,"item10",2,0
537,0.86,2.57,"item11",1,0
537,0.86,2.57,"item12",1,0
537,0.86,2.57,"item13",1,0
537,0.86,2.57,"item14",1,0
537,0.86,2.57,"item15",1,0
537,0.86,2.57,"item16",1,0
537,0.86,2.57,"item17",1,0
537,0.86,2.57,"item18",2,0
539,0.67,1.23,"item1",2,0
539,0.67,1.23,"item2",2,0
539,0.67,1.23,"item3",2,0
539,0.67,1.23,"item4",2,0
539,0.67,1.23,"item5",2,0
539,0.67,1.23,"item6",2,0
539,0.67,1.23,"item7",2,0
539,0.67,1.23,"item8",2,0
539,0.67,1.23,"item9",2,0
539,0.67,1.23,"item10",2,0
539,0.67,1.23,"item11",2,0
539,0.67,1.23,"item12",2,0
539,0.67,1.23,"item13",2,0
539,0.67,1.23,"item14",2,0
539,0.67,1.23,"item15",2,0
539,0.67,1.23,"item16",2,0
539,0.67,1.23,"item17",1,0
539,0.67,1.23,"item18",1,0
540,0.53,1.06,"item1",3,0
540,0.53,1.06,"item2",3,0
540,0.53,1.06,"item3",3,0
540,0.53,1.06,"item4",2,0
540,0.53,1.06,"item5",2,0
540,0.53,1.06,"item6",2,0
540,0.53,1.06,"item7",2,0
540,0.53,1.06,"item8",2,0
540,0.53,1.06,"item9",2,0
540,0.53,1.06,"item10",1,0
540,0.53,1.06,"item11",1,0
540,0.53,1.06,"item12",1,0
540,0.53,1.06,"item13",1,0
540,0.53,1.06,"item14",1,0
540,0.53,1.06,"item15",1,0
540,0.53,1.06,"item16",1,0
540,0.53,1.06,"item17",1,0
540,0.53,1.06,"item18",1,0
541,0.69,3.74,"item1",2,0
541,0.69,3.74,"item2",3,0
541,0.69,3.74,"item3",3,0
541,0.69,3.74,"item4",2,0
541,0.69,3.74,"item5",2,0
541,0.69,3.74,"item6",2,0
541,0.69,3.74,"item7",2,0
541,0.69,3.74,"item8",1,0
541,0.69,3.74,"item9",1,0
541,0.69,3.74,"item10",2,0
541,0.69,3.74,"item11",1,0
541,0.69,3.74,"item12",1,0
541,0.69,3.74,"item13",2,0
541,0.69,3.74,"item14",3,0
541,0.69,3.74,"item15",1,0
541,0.69,3.74,"item16",1,0
541,0.69,3.74,"item17",1,0
541,0.69,3.74,"item18",1,0
544,0.95,1.43,"item1",2,0
544,0.95,1.43,"item2",2,0
544,0.95,1.43,"item3",2,0
544,0.95,1.43,"item4",1,0
544,0.95,1.43,"item5",1,0
544,0.95,1.43,"item6",1,0
544,0.95,1.43,"item7",1,0
544,0.95,1.43,"item8",1,0
544,0.95,1.43,"item9",1,0
544,0.95,1.43,"item10",1,0
544,0.95,1.43,"item11",1,0
544,0.95,1.43,"item12",1,0
544,0.95,1.43,"item13",1,0
544,0.95,1.43,"item14",1,0
544,0.95,1.43,"item15",1,0
544,0.95,1.43,"item16",1,0
544,0.95,1.43,"item17",1,0
544,0.95,1.43,"item18",1,0
545,0.84,0.73,"item1",3,0
545,0.84,0.73,"item2",3,0
545,0.84,0.73,"item3",3,0
545,0.84,0.73,"item4",1,0
545,0.84,0.73,"item5",2,0
545,0.84,0.73,"item6",1,0
545,0.84,0.73,"item7",2,0
545,0.84,0.73,"item8",2,0
545,0.84,0.73,"item9",1,0
545,0.84,0.73,"item10",1,0
545,0.84,0.73,"item11",2,0
545,0.84,0.73,"item12",1,0
545,0.84,0.73,"item13",1,0
545,0.84,0.73,"item14",2,0
545,0.84,0.73,"item15",1,0
545,0.84,0.73,"item16",1,0
545,0.84,0.73,"item17",1,0
545,0.84,0.73,"item18",1,0
547,2.02,3.53,"item1",2,0
547,2.02,3.53,"item2",3,0
547,2.02,3.53,"item3",2,0
547,2.02,3.53,"item4",4,1
547,2.02,3.53,"item5",4,1
547,2.02,3.53,"item6",4,1
547,2.02,3.53,"item7",3,0
547,2.02,3.53,"item8",3,0
547,2.02,3.53,"item9",3,0
547,2.02,3.53,"item10",3,0
547,2.02,3.53,"item11",4,1
547,2.02,3.53,"item12",3,0
547,2.02,3.53,"item13",4,1
547,2.02,3.53,"item14",3,0
547,2.02,3.53,"item15",2,0
547,2.02,3.53,"item16",3,0
547,2.02,3.53,"item17",1,0
547,2.02,3.53,"item18",3,0
549,0.8,1.15,"item1",2,0
549,0.8,1.15,"item2",4,1
549,0.8,1.15,"item3",3,0
549,0.8,1.15,"item4",1,0
549,0.8,1.15,"item5",1,0
549,0.8,1.15,"item6",1,0
549,0.8,1.15,"item7",1,0
549,0.8,1.15,"item8",1,0
549,0.8,1.15,"item9",1,0
549,0.8,1.15,"item10",1,0
549,0.8,1.15,"item11",2,0
549,0.8,1.15,"item12",1,0
549,0.8,1.15,"item13",1,0
549,0.8,1.15,"item14",1,0
549,0.8,1.15,"item15",1,0
549,0.8,1.15,"item16",1,0
549,0.8,1.15,"item17",1,0
549,0.8,1.15,"item18",1,0
550,0.62,3.87,"item1",2,0
550,0.62,3.87,"item2",3,0
550,0.62,3.87,"item3",3,0
550,0.62,3.87,"item4",2,0
550,0.62,3.87,"item5",2,0
550,0.62,3.87,"item6",1,0
550,0.62,3.87,"item7",2,0
550,0.62,3.87,"item8",1,0
550,0.62,3.87,"item9",3,0
550,0.62,3.87,"item10",2,0
550,0.62,3.87,"item11",2,0
550,0.62,3.87,"item12",2,0
550,0.62,3.87,"item13",2,0
550,0.62,3.87,"item14",2,0
550,0.62,3.87,"item15",1,0
550,0.62,3.87,"item16",2,0
550,0.62,3.87,"item17",1,0
550,0.62,3.87,"item18",1,0
551,0.71,0.73,"item1",3,0
551,0.71,0.73,"item2",3,0
551,0.71,0.73,"item3",3,0
551,0.71,0.73,"item4",2,0
551,0.71,0.73,"item5",2,0
551,0.71,0.73,"item6",2,0
551,0.71,0.73,"item7",2,0
551,0.71,0.73,"item8",1,0
551,0.71,0.73,"item9",2,0
551,0.71,0.73,"item10",1,0
551,0.71,0.73,"item11",1,0
551,0.71,0.73,"item12",1,0
551,0.71,0.73,"item13",1,0
551,0.71,0.73,"item14",2,0
551,0.71,0.73,"item15",1,0
551,0.71,0.73,"item16",2,0
551,0.71,0.73,"item17",1,0
551,0.71,0.73,"item18",1,0
552,0.43,3.34,"item1",3,0
552,0.43,3.34,"item2",3,0
552,0.43,3.34,"item3",3,0
552,0.43,3.34,"item4",2,0
552,0.43,3.34,"item5",2,0
552,0.43,3.34,"item6",1,0
552,0.43,3.34,"item7",2,0
552,0.43,3.34,"item8",2,0
552,0.43,3.34,"item9",2,0
552,0.43,3.34,"item10",3,0
552,0.43,3.34,"item11",2,0
552,0.43,3.34,"item12",1,0
552,0.43,3.34,"item13",1,0
552,0.43,3.34,"item14",2,0
552,0.43,3.34,"item15",2,0
552,0.43,3.34,"item16",1,0
552,0.43,3.34,"item17",1,0
552,0.43,3.34,"item18",1,0
555,1.25,1.2,"item1",3,0
555,1.25,1.2,"item2",4,1
555,1.25,1.2,"item3",3,0
555,1.25,1.2,"item4",1,0
555,1.25,1.2,"item5",1,0
555,1.25,1.2,"item6",1,0
555,1.25,1.2,"item7",3,0
555,1.25,1.2,"item8",3,0
555,1.25,1.2,"item9",3,0
555,1.25,1.2,"item10",2,0
555,1.25,1.2,"item11",3,0
555,1.25,1.2,"item12",1,0
555,1.25,1.2,"item13",1,0
555,1.25,1.2,"item14",1,0
555,1.25,1.2,"item15",2,0
555,1.25,1.2,"item16",1,0
555,1.25,1.2,"item17",1,0
555,1.25,1.2,"item18",1,0
558,0.92,3.58,"item1",3,0
558,0.92,3.58,"item2",3,0
558,0.92,3.58,"item3",2,0
558,0.92,3.58,"item4",2,0
558,0.92,3.58,"item5",2,0
558,0.92,3.58,"item6",3,0
558,0.92,3.58,"item7",2,0
558,0.92,3.58,"item8",1,0
558,0.92,3.58,"item9",2,0
558,0.92,3.58,"item10",3,0
558,0.92,3.58,"item11",3,0
558,0.92,3.58,"item12",3,0
558,0.92,3.58,"item13",2,0
558,0.92,3.58,"item14",2,0
558,0.92,3.58,"item15",2,0
558,0.92,3.58,"item16",2,0
558,0.92,3.58,"item17",1,0
558,0.92,3.58,"item18",1,0
559,0.69,0.77,"item1",3,0
559,0.69,0.77,"item2",3,0
559,0.69,0.77,"item3",3,0
559,0.69,0.77,"item4",3,0
559,0.69,0.77,"item5",2,0
559,0.69,0.77,"item6",2,0
559,0.69,0.77,"item7",1,0
559,0.69,0.77,"item8",1,0
559,0.69,0.77,"item9",1,0
559,0.69,0.77,"item10",1,0
559,0.69,0.77,"item11",2,0
559,0.69,0.77,"item12",1,0
559,0.69,0.77,"item13",2,0
559,0.69,0.77,"item14",1,0
559,0.69,0.77,"item15",1,0
559,0.69,0.77,"item16",1,0
559,0.69,0.77,"item17",1,0
559,0.69,0.77,"item18",1,0
563,0.55,4.11,"item1",4,1
563,0.55,4.11,"item2",4,1
563,0.55,4.11,"item3",4,1
563,0.55,4.11,"item4",3,0
563,0.55,4.11,"item5",3,0
563,0.55,4.11,"item6",2,0
563,0.55,4.11,"item7",3,0
563,0.55,4.11,"item8",3,0
563,0.55,4.11,"item9",3,0
563,0.55,4.11,"item10",2,0
563,0.55,4.11,"item11",3,0
563,0.55,4.11,"item12",2,0
563,0.55,4.11,"item13",2,0
563,0.55,4.11,"item14",3,0
563,0.55,4.11,"item15",2,0
563,0.55,4.11,"item16",2,0
563,0.55,4.11,"item17",1,0
563,0.55,4.11,"item18",2,0
564,0.88,5,"item1",2,0
564,0.88,5,"item2",2,0
564,0.88,5,"item3",2,0
564,0.88,5,"item4",2,0
564,0.88,5,"item5",2,0
564,0.88,5,"item6",2,0
564,0.88,5,"item7",2,0
564,0.88,5,"item8",2,0
564,0.88,5,"item9",2,0
564,0.88,5,"item10",2,0
564,0.88,5,"item11",2,0
564,0.88,5,"item12",2,0
564,0.88,5,"item13",2,0
564,0.88,5,"item14",2,0
564,0.88,5,"item15",2,0
564,0.88,5,"item16",2,0
564,0.88,5,"item17",1,0
564,0.88,5,"item18",2,0
568,0.94,0.63,"item1",2,0
568,0.94,0.63,"item2",2,0
568,0.94,0.63,"item3",2,0
568,0.94,0.63,"item4",2,0
568,0.94,0.63,"item5",1,0
568,0.94,0.63,"item6",2,0
568,0.94,0.63,"item7",2,0
568,0.94,0.63,"item8",2,0
568,0.94,0.63,"item9",1,0
568,0.94,0.63,"item10",1,0
568,0.94,0.63,"item11",1,0
568,0.94,0.63,"item12",1,0
568,0.94,0.63,"item13",1,0
568,0.94,0.63,"item14",2,0
568,0.94,0.63,"item15",1,0
568,0.94,0.63,"item16",1,0
568,0.94,0.63,"item17",1,0
568,0.94,0.63,"item18",1,0
569,0.97,1.67,"item1",3,0
569,0.97,1.67,"item2",4,1
569,0.97,1.67,"item3",4,1
569,0.97,1.67,"item4",2,0
569,0.97,1.67,"item5",2,0
569,0.97,1.67,"item6",2,0
569,0.97,1.67,"item7",2,0
569,0.97,1.67,"item8",1,0
569,0.97,1.67,"item9",1,0
569,0.97,1.67,"item10",1,0
569,0.97,1.67,"item11",1,0
569,0.97,1.67,"item12",1,0
569,0.97,1.67,"item13",1,0
569,0.97,1.67,"item14",2,0
569,0.97,1.67,"item15",2,0
569,0.97,1.67,"item16",1,0
569,0.97,1.67,"item17",1,0
569,0.97,1.67,"item18",1,0
570,0.53,2.32,"item1",1,0
570,0.53,2.32,"item2",1,0
570,0.53,2.32,"item3",1,0
570,0.53,2.32,"item4",1,0
570,0.53,2.32,"item5",1,0
570,0.53,2.32,"item6",1,0
570,0.53,2.32,"item7",1,0
570,0.53,2.32,"item8",1,0
570,0.53,2.32,"item9",1,0
570,0.53,2.32,"item10",1,0
570,0.53,2.32,"item11",1,0
570,0.53,2.32,"item12",1,0
570,0.53,2.32,"item13",1,0
570,0.53,2.32,"item14",1,0
570,0.53,2.32,"item15",1,0
570,0.53,2.32,"item16",1,0
570,0.53,2.32,"item17",1,0
570,0.53,2.32,"item18",1,0
572,0.71,0.57,"item1",2,0
572,0.71,0.57,"item2",2,0
572,0.71,0.57,"item3",2,0
572,0.71,0.57,"item4",1,0
572,0.71,0.57,"item5",1,0
572,0.71,0.57,"item6",1,0
572,0.71,0.57,"item7",3,0
572,0.71,0.57,"item8",3,0
572,0.71,0.57,"item9",3,0
572,0.71,0.57,"item10",2,0
572,0.71,0.57,"item11",1,0
572,0.71,0.57,"item12",1,0
572,0.71,0.57,"item13",1,0
572,0.71,0.57,"item14",1,0
572,0.71,0.57,"item15",1,0
572,0.71,0.57,"item16",1,0
572,0.71,0.57,"item17",1,0
572,0.71,0.57,"item18",1,0
573,0.78,1.09,"item1",2,0
573,0.78,1.09,"item2",2,0
573,0.78,1.09,"item3",2,0
573,0.78,1.09,"item4",2,0
573,0.78,1.09,"item5",2,0
573,0.78,1.09,"item6",2,0
573,0.78,1.09,"item7",1,0
573,0.78,1.09,"item8",1,0
573,0.78,1.09,"item9",1,0
573,0.78,1.09,"item10",1,0
573,0.78,1.09,"item11",1,0
573,0.78,1.09,"item12",1,0
573,0.78,1.09,"item13",1,0
573,0.78,1.09,"item14",1,0
573,0.78,1.09,"item15",1,0
573,0.78,1.09,"item16",1,0
573,0.78,1.09,"item17",1,0
573,0.78,1.09,"item18",1,0
575,0.72,1.77,"item1",1,0
575,0.72,1.77,"item2",1,0
575,0.72,1.77,"item3",1,0
575,0.72,1.77,"item4",3,0
575,0.72,1.77,"item5",3,0
575,0.72,1.77,"item6",2,0
575,0.72,1.77,"item7",3,0
575,0.72,1.77,"item8",3,0
575,0.72,1.77,"item9",3,0
575,0.72,1.77,"item10",3,0
575,0.72,1.77,"item11",4,1
575,0.72,1.77,"item12",4,1
575,0.72,1.77,"item13",3,0
575,0.72,1.77,"item14",3,0
575,0.72,1.77,"item15",2,0
575,0.72,1.77,"item16",3,0
575,0.72,1.77,"item17",2,0
575,0.72,1.77,"item18",4,1
576,0.84,2.72,"item1",2,0
576,0.84,2.72,"item2",2,0
576,0.84,2.72,"item3",2,0
576,0.84,2.72,"item4",1,0
576,0.84,2.72,"item5",1,0
576,0.84,2.72,"item6",2,0
576,0.84,2.72,"item7",2,0
576,0.84,2.72,"item8",2,0
576,0.84,2.72,"item9",2,0
576,0.84,2.72,"item10",2,0
576,0.84,2.72,"item11",2,0
576,0.84,2.72,"item12",3,0
576,0.84,2.72,"item13",2,0
576,0.84,2.72,"item14",2,0
576,0.84,2.72,"item15",2,0
576,0.84,2.72,"item16",2,0
576,0.84,2.72,"item17",2,0
576,0.84,2.72,"item18",1,0
579,0.74,0.42,"item1",4,1
579,0.74,0.42,"item2",4,1
579,0.74,0.42,"item3",4,1
579,0.74,0.42,"item4",2,0
579,0.74,0.42,"item5",2,0
579,0.74,0.42,"item6",1,0
579,0.74,0.42,"item7",2,0
579,0.74,0.42,"item8",1,0
579,0.74,0.42,"item9",2,0
579,0.74,0.42,"item10",1,0
579,0.74,0.42,"item11",1,0
579,0.74,0.42,"item12",1,0
579,0.74,0.42,"item13",1,0
579,0.74,0.42,"item14",1,0
579,0.74,0.42,"item15",1,0
579,0.74,0.42,"item16",1,0
579,0.74,0.42,"item17",1,0
579,0.74,0.42,"item18",1,0
583,1.18,2.6,"item1",2,0
583,1.18,2.6,"item2",2,0
583,1.18,2.6,"item3",2,0
583,1.18,2.6,"item4",1,0
583,1.18,2.6,"item5",1,0
583,1.18,2.6,"item6",1,0
583,1.18,2.6,"item7",1,0
583,1.18,2.6,"item8",1,0
583,1.18,2.6,"item9",1,0
583,1.18,2.6,"item10",1,0
583,1.18,2.6,"item11",1,0
583,1.18,2.6,"item12",1,0
583,1.18,2.6,"item13",1,0
583,1.18,2.6,"item14",1,0
583,1.18,2.6,"item15",1,0
583,1.18,2.6,"item16",1,0
583,1.18,2.6,"item17",1,0
583,1.18,2.6,"item18",1,0
585,0.59,1.46,"item1",2,0
585,0.59,1.46,"item2",2,0
585,0.59,1.46,"item3",1,0
585,0.59,1.46,"item4",3,0
585,0.59,1.46,"item5",3,0
585,0.59,1.46,"item6",4,1
585,0.59,1.46,"item7",4,1
585,0.59,1.46,"item8",2,0
585,0.59,1.46,"item9",3,0
585,0.59,1.46,"item10",2,0
585,0.59,1.46,"item11",1,0
585,0.59,1.46,"item12",1,0
585,0.59,1.46,"item13",1,0
585,0.59,1.46,"item14",2,0
585,0.59,1.46,"item15",2,0
585,0.59,1.46,"item16",2,0
585,0.59,1.46,"item17",1,0
585,0.59,1.46,"item18",1,0
586,0.66,0.79,"item1",3,0
586,0.66,0.79,"item2",3,0
586,0.66,0.79,"item3",3,0
586,0.66,0.79,"item4",2,0
586,0.66,0.79,"item5",1,0
586,0.66,0.79,"item6",2,0
586,0.66,0.79,"item7",1,0
586,0.66,0.79,"item8",1,0
586,0.66,0.79,"item9",1,0
586,0.66,0.79,"item10",2,0
586,0.66,0.79,"item11",1,0
586,0.66,0.79,"item12",1,0
586,0.66,0.79,"item13",1,0
586,0.66,0.79,"item14",1,0
586,0.66,0.79,"item15",1,0
586,0.66,0.79,"item16",1,0
586,0.66,0.79,"item17",1,0
586,0.66,0.79,"item18",1,0
587,1.5,16.37,"item1",2,0
587,1.5,16.37,"item2",2,0
587,1.5,16.37,"item3",2,0
587,1.5,16.37,"item4",3,0
587,1.5,16.37,"item5",3,0
587,1.5,16.37,"item6",3,0
587,1.5,16.37,"item7",3,0
587,1.5,16.37,"item8",2,0
587,1.5,16.37,"item9",2,0
587,1.5,16.37,"item10",1,0
587,1.5,16.37,"item11",1,0
587,1.5,16.37,"item12",1,0
587,1.5,16.37,"item13",2,0
587,1.5,16.37,"item14",2,0
587,1.5,16.37,"item15",2,0
587,1.5,16.37,"item16",2,0
587,1.5,16.37,"item17",1,0
587,1.5,16.37,"item18",1,0
588,1.05,3.36,"item1",3,0
588,1.05,3.36,"item2",3,0
588,1.05,3.36,"item3",3,0
588,1.05,3.36,"item4",4,1
588,1.05,3.36,"item5",3,0
588,1.05,3.36,"item6",3,0
588,1.05,3.36,"item7",3,0
588,1.05,3.36,"item8",3,0
588,1.05,3.36,"item9",3,0
588,1.05,3.36,"item10",2,0
588,1.05,3.36,"item11",1,0
588,1.05,3.36,"item12",1,0
588,1.05,3.36,"item13",1,0
588,1.05,3.36,"item14",3,0
588,1.05,3.36,"item15",2,0
588,1.05,3.36,"item16",3,0
588,1.05,3.36,"item17",1,0
588,1.05,3.36,"item18",1,0
589,0.86,1.77,"item1",2,0
589,0.86,1.77,"item2",2,0
589,0.86,1.77,"item3",2,0
589,0.86,1.77,"item4",2,0
589,0.86,1.77,"item5",2,0
589,0.86,1.77,"item6",2,0
589,0.86,1.77,"item7",2,0
589,0.86,1.77,"item8",2,0
589,0.86,1.77,"item9",2,0
589,0.86,1.77,"item10",2,0
589,0.86,1.77,"item11",2,0
589,0.86,1.77,"item12",2,0
589,0.86,1.77,"item13",2,0
589,0.86,1.77,"item14",2,0
589,0.86,1.77,"item15",2,0
589,0.86,1.77,"item16",2,0
589,0.86,1.77,"item17",2,0
589,0.86,1.77,"item18",2,0
590,0.85,0.81,"item1",1,0
590,0.85,0.81,"item2",2,0
590,0.85,0.81,"item3",2,0
590,0.85,0.81,"item4",2,0
590,0.85,0.81,"item5",1,0
590,0.85,0.81,"item6",2,0
590,0.85,0.81,"item7",2,0
590,0.85,0.81,"item8",2,0
590,0.85,0.81,"item9",2,0
590,0.85,0.81,"item10",1,0
590,0.85,0.81,"item11",1,0
590,0.85,0.81,"item12",1,0
590,0.85,0.81,"item13",1,0
590,0.85,0.81,"item14",1,0
590,0.85,0.81,"item15",1,0
590,0.85,0.81,"item16",1,0
590,0.85,0.81,"item17",1,0
590,0.85,0.81,"item18",1,0
591,0.73,0.38,"item1",3,0
591,0.73,0.38,"item2",3,0
591,0.73,0.38,"item3",3,0
591,0.73,0.38,"item4",2,0
591,0.73,0.38,"item5",2,0
591,0.73,0.38,"item6",2,0
591,0.73,0.38,"item7",1,0
591,0.73,0.38,"item8",1,0
591,0.73,0.38,"item9",1,0
591,0.73,0.38,"item10",1,0
591,0.73,0.38,"item11",1,0
591,0.73,0.38,"item12",1,0
591,0.73,0.38,"item13",1,0
591,0.73,0.38,"item14",1,0
591,0.73,0.38,"item15",1,0
591,0.73,0.38,"item16",1,0
591,0.73,0.38,"item17",1,0
591,0.73,0.38,"item18",1,0
592,1.15,1.9,"item1",2,0
592,1.15,1.9,"item2",2,0
592,1.15,1.9,"item3",2,0
592,1.15,1.9,"item4",1,0
592,1.15,1.9,"item5",1,0
592,1.15,1.9,"item6",1,0
592,1.15,1.9,"item7",1,0
592,1.15,1.9,"item8",1,0
592,1.15,1.9,"item9",1,0
592,1.15,1.9,"item10",1,0
592,1.15,1.9,"item11",1,0
592,1.15,1.9,"item12",1,0
592,1.15,1.9,"item13",1,0
592,1.15,1.9,"item14",1,0
592,1.15,1.9,"item15",1,0
592,1.15,1.9,"item16",1,0
592,1.15,1.9,"item17",1,0
592,1.15,1.9,"item18",1,0
599,0.45,0.86,"item1",1,0
599,0.45,0.86,"item2",1,0
599,0.45,0.86,"item3",1,0
599,0.45,0.86,"item4",1,0
599,0.45,0.86,"item5",2,0
599,0.45,0.86,"item6",2,0
599,0.45,0.86,"item7",2,0
599,0.45,0.86,"item8",1,0
599,0.45,0.86,"item9",2,0
599,0.45,0.86,"item10",1,0
599,0.45,0.86,"item11",1,0
599,0.45,0.86,"item12",1,0
599,0.45,0.86,"item13",1,0
599,0.45,0.86,"item14",1,0
599,0.45,0.86,"item15",1,0
599,0.45,0.86,"item16",1,0
599,0.45,0.86,"item17",1,0
599,0.45,0.86,"item18",1,0
604,0.66,1.96,"item1",2,0
604,0.66,1.96,"item2",3,0
604,0.66,1.96,"item3",2,0
604,0.66,1.96,"item4",3,0
604,0.66,1.96,"item5",2,0
604,0.66,1.96,"item6",3,0
604,0.66,1.96,"item7",2,0
604,0.66,1.96,"item8",3,0
604,0.66,1.96,"item9",2,0
604,0.66,1.96,"item10",3,0
604,0.66,1.96,"item11",2,0
604,0.66,1.96,"item12",2,0
604,0.66,1.96,"item13",2,0
604,0.66,1.96,"item14",3,0
604,0.66,1.96,"item15",2,0
604,0.66,1.96,"item16",2,0
604,0.66,1.96,"item17",3,0
604,0.66,1.96,"item18",2,0
606,0.65,2.26,"item1",3,0
606,0.65,2.26,"item2",3,0
606,0.65,2.26,"item3",3,0
606,0.65,2.26,"item4",1,0
606,0.65,2.26,"item5",2,0
606,0.65,2.26,"item6",2,0
606,0.65,2.26,"item7",2,0
606,0.65,2.26,"item8",2,0
606,0.65,2.26,"item9",1,0
606,0.65,2.26,"item10",2,0
606,0.65,2.26,"item11",3,0
606,0.65,2.26,"item12",1,0
606,0.65,2.26,"item13",1,0
606,0.65,2.26,"item14",1,0
606,0.65,2.26,"item15",1,0
606,0.65,2.26,"item16",1,0
606,0.65,2.26,"item17",1,0
606,0.65,2.26,"item18",1,0
608,NA,NA,"item1",1,0
608,NA,NA,"item2",1,0
608,NA,NA,"item3",1,0
608,NA,NA,"item4",1,0
608,NA,NA,"item5",1,0
608,NA,NA,"item6",1,0
608,NA,NA,"item7",2,0
608,NA,NA,"item8",2,0
608,NA,NA,"item9",3,0
608,NA,NA,"item10",2,0
608,NA,NA,"item11",2,0
608,NA,NA,"item12",2,0
608,NA,NA,"item13",2,0
608,NA,NA,"item14",2,0
608,NA,NA,"item15",2,0
608,NA,NA,"item16",2,0
608,NA,NA,"item17",2,0
608,NA,NA,"item18",1,0
609,0.52,0.63,"item1",3,0
609,0.52,0.63,"item2",3,0
609,0.52,0.63,"item3",3,0
609,0.52,0.63,"item4",2,0
609,0.52,0.63,"item5",2,0
609,0.52,0.63,"item6",1,0
609,0.52,0.63,"item7",2,0
609,0.52,0.63,"item8",1,0
609,0.52,0.63,"item9",1,0
609,0.52,0.63,"item10",1,0
609,0.52,0.63,"item11",1,0
609,0.52,0.63,"item12",1,0
609,0.52,0.63,"item13",1,0
609,0.52,0.63,"item14",1,0
609,0.52,0.63,"item15",1,0
609,0.52,0.63,"item16",1,0
609,0.52,0.63,"item17",1,0
609,0.52,0.63,"item18",1,0
610,0.37,3.2,"item1",2,0
610,0.37,3.2,"item2",2,0
610,0.37,3.2,"item3",2,0
610,0.37,3.2,"item4",2,0
610,0.37,3.2,"item5",2,0
610,0.37,3.2,"item6",1,0
610,0.37,3.2,"item7",1,0
610,0.37,3.2,"item8",1,0
610,0.37,3.2,"item9",1,0
610,0.37,3.2,"item10",1,0
610,0.37,3.2,"item11",1,0
610,0.37,3.2,"item12",1,0
610,0.37,3.2,"item13",1,0
610,0.37,3.2,"item14",1,0
610,0.37,3.2,"item15",1,0
610,0.37,3.2,"item16",1,0
610,0.37,3.2,"item17",1,0
610,0.37,3.2,"item18",1,0
612,0.48,0.99,"item1",3,0
612,0.48,0.99,"item2",4,1
612,0.48,0.99,"item3",4,1
612,0.48,0.99,"item4",2,0
612,0.48,0.99,"item5",3,0
612,0.48,0.99,"item6",2,0
612,0.48,0.99,"item7",1,0
612,0.48,0.99,"item8",1,0
612,0.48,0.99,"item9",1,0
612,0.48,0.99,"item10",2,0
612,0.48,0.99,"item11",2,0
612,0.48,0.99,"item12",1,0
612,0.48,0.99,"item13",1,0
612,0.48,0.99,"item14",1,0
612,0.48,0.99,"item15",1,0
612,0.48,0.99,"item16",2,0
612,0.48,0.99,"item17",1,0
612,0.48,0.99,"item18",1,0
615,1.21,1.3,"item1",2,0
615,1.21,1.3,"item2",2,0
615,1.21,1.3,"item3",2,0
615,1.21,1.3,"item4",2,0
615,1.21,1.3,"item5",2,0
615,1.21,1.3,"item6",2,0
615,1.21,1.3,"item7",2,0
615,1.21,1.3,"item8",2,0
615,1.21,1.3,"item9",2,0
615,1.21,1.3,"item10",1,0
615,1.21,1.3,"item11",2,0
615,1.21,1.3,"item12",2,0
615,1.21,1.3,"item13",2,0
615,1.21,1.3,"item14",2,0
615,1.21,1.3,"item15",2,0
615,1.21,1.3,"item16",2,0
615,1.21,1.3,"item17",1,0
615,1.21,1.3,"item18",1,0
616,0.76,5.37,"item1",1,0
616,0.76,5.37,"item2",1,0
616,0.76,5.37,"item3",1,0
616,0.76,5.37,"item4",1,0
616,0.76,5.37,"item5",1,0
616,0.76,5.37,"item6",1,0
616,0.76,5.37,"item7",1,0
616,0.76,5.37,"item8",1,0
616,0.76,5.37,"item9",1,0
616,0.76,5.37,"item10",1,0
616,0.76,5.37,"item11",1,0
616,0.76,5.37,"item12",1,0
616,0.76,5.37,"item13",1,0
616,0.76,5.37,"item14",1,0
616,0.76,5.37,"item15",1,0
616,0.76,5.37,"item16",1,0
616,0.76,5.37,"item17",1,0
616,0.76,5.37,"item18",1,0
621,0.61,0.61,"item1",1,0
621,0.61,0.61,"item2",1,0
621,0.61,0.61,"item3",1,0
621,0.61,0.61,"item4",2,0
621,0.61,0.61,"item5",1,0
621,0.61,0.61,"item6",1,0
621,0.61,0.61,"item7",4,1
621,0.61,0.61,"item8",4,1
621,0.61,0.61,"item9",3,0
621,0.61,0.61,"item10",3,0
621,0.61,0.61,"item11",2,0
621,0.61,0.61,"item12",1,0
621,0.61,0.61,"item13",1,0
621,0.61,0.61,"item14",4,1
621,0.61,0.61,"item15",1,0
621,0.61,0.61,"item16",1,0
621,0.61,0.61,"item17",1,0
621,0.61,0.61,"item18",1,0
624,0.84,1.09,"item1",4,1
624,0.84,1.09,"item2",4,1
624,0.84,1.09,"item3",4,1
624,0.84,1.09,"item4",1,0
624,0.84,1.09,"item5",1,0
624,0.84,1.09,"item6",1,0
624,0.84,1.09,"item7",1,0
624,0.84,1.09,"item8",1,0
624,0.84,1.09,"item9",1,0
624,0.84,1.09,"item10",1,0
624,0.84,1.09,"item11",1,0
624,0.84,1.09,"item12",1,0
624,0.84,1.09,"item13",1,0
624,0.84,1.09,"item14",1,0
624,0.84,1.09,"item15",1,0
624,0.84,1.09,"item16",1,0
624,0.84,1.09,"item17",1,0
624,0.84,1.09,"item18",1,0
625,0.92,2.37,"item1",2,0
625,0.92,2.37,"item2",2,0
625,0.92,2.37,"item3",2,0
625,0.92,2.37,"item4",1,0
625,0.92,2.37,"item5",1,0
625,0.92,2.37,"item6",1,0
625,0.92,2.37,"item7",1,0
625,0.92,2.37,"item8",1,0
625,0.92,2.37,"item9",1,0
625,0.92,2.37,"item10",1,0
625,0.92,2.37,"item11",1,0
625,0.92,2.37,"item12",1,0
625,0.92,2.37,"item13",1,0
625,0.92,2.37,"item14",1,0
625,0.92,2.37,"item15",1,0
625,0.92,2.37,"item16",1,0
625,0.92,2.37,"item17",1,0
625,0.92,2.37,"item18",1,0
626,0.7,5.21,"item1",3,0
626,0.7,5.21,"item2",2,0
626,0.7,5.21,"item3",2,0
626,0.7,5.21,"item4",2,0
626,0.7,5.21,"item5",2,0
626,0.7,5.21,"item6",2,0
626,0.7,5.21,"item7",4,1
626,0.7,5.21,"item8",3,0
626,0.7,5.21,"item9",3,0
626,0.7,5.21,"item10",1,0
626,0.7,5.21,"item11",1,0
626,0.7,5.21,"item12",1,0
626,0.7,5.21,"item13",1,0
626,0.7,5.21,"item14",2,0
626,0.7,5.21,"item15",1,0
626,0.7,5.21,"item16",2,0
626,0.7,5.21,"item17",1,0
626,0.7,5.21,"item18",1,0
632,0.73,2.66,"item1",1,0
632,0.73,2.66,"item2",1,0
632,0.73,2.66,"item3",1,0
632,0.73,2.66,"item4",2,0
632,0.73,2.66,"item5",2,0
632,0.73,2.66,"item6",2,0
632,0.73,2.66,"item7",3,0
632,0.73,2.66,"item8",2,0
632,0.73,2.66,"item9",1,0
632,0.73,2.66,"item10",1,0
632,0.73,2.66,"item11",2,0
632,0.73,2.66,"item12",2,0
632,0.73,2.66,"item13",1,0
632,0.73,2.66,"item14",2,0
632,0.73,2.66,"item15",2,0
632,0.73,2.66,"item16",1,0
632,0.73,2.66,"item17",1,0
632,0.73,2.66,"item18",2,0
633,0.66,2.47,"item1",1,0
633,0.66,2.47,"item2",2,0
633,0.66,2.47,"item3",2,0
633,0.66,2.47,"item4",2,0
633,0.66,2.47,"item5",2,0
633,0.66,2.47,"item6",2,0
633,0.66,2.47,"item7",2,0
633,0.66,2.47,"item8",2,0
633,0.66,2.47,"item9",1,0
633,0.66,2.47,"item10",1,0
633,0.66,2.47,"item11",2,0
633,0.66,2.47,"item12",1,0
633,0.66,2.47,"item13",2,0
633,0.66,2.47,"item14",2,0
633,0.66,2.47,"item15",2,0
633,0.66,2.47,"item16",2,0
633,0.66,2.47,"item17",1,0
633,0.66,2.47,"item18",2,0
638,0.75,0.73,"item1",2,0
638,0.75,0.73,"item2",3,0
638,0.75,0.73,"item3",3,0
638,0.75,0.73,"item4",2,0
638,0.75,0.73,"item5",2,0
638,0.75,0.73,"item6",3,0
638,0.75,0.73,"item7",3,0
638,0.75,0.73,"item8",3,0
638,0.75,0.73,"item9",3,0
638,0.75,0.73,"item10",1,0
638,0.75,0.73,"item11",2,0
638,0.75,0.73,"item12",1,0
638,0.75,0.73,"item13",1,0
638,0.75,0.73,"item14",2,0
638,0.75,0.73,"item15",1,0
638,0.75,0.73,"item16",1,0
638,0.75,0.73,"item17",1,0
638,0.75,0.73,"item18",1,0
639,0.58,2.17,"item1",3,0
639,0.58,2.17,"item2",3,0
639,0.58,2.17,"item3",3,0
639,0.58,2.17,"item4",2,0
639,0.58,2.17,"item5",2,0
639,0.58,2.17,"item6",1,0
639,0.58,2.17,"item7",3,0
639,0.58,2.17,"item8",2,0
639,0.58,2.17,"item9",1,0
639,0.58,2.17,"item10",1,0
639,0.58,2.17,"item11",2,0
639,0.58,2.17,"item12",1,0
639,0.58,2.17,"item13",1,0
639,0.58,2.17,"item14",1,0
639,0.58,2.17,"item15",1,0
639,0.58,2.17,"item16",1,0
639,0.58,2.17,"item17",1,0
639,0.58,2.17,"item18",1,0
642,0.6,2.05,"item1",2,0
642,0.6,2.05,"item2",3,0
642,0.6,2.05,"item3",2,0
642,0.6,2.05,"item4",3,0
642,0.6,2.05,"item5",3,0
642,0.6,2.05,"item6",3,0
642,0.6,2.05,"item7",2,0
642,0.6,2.05,"item8",2,0
642,0.6,2.05,"item9",2,0
642,0.6,2.05,"item10",1,0
642,0.6,2.05,"item11",2,0
642,0.6,2.05,"item12",1,0
642,0.6,2.05,"item13",2,0
642,0.6,2.05,"item14",1,0
642,0.6,2.05,"item15",1,0
642,0.6,2.05,"item16",2,0
642,0.6,2.05,"item17",1,0
642,0.6,2.05,"item18",1,0
643,0.94,7.23,"item1",2,0
643,0.94,7.23,"item2",2,0
643,0.94,7.23,"item3",2,0
643,0.94,7.23,"item4",2,0
643,0.94,7.23,"item5",2,0
643,0.94,7.23,"item6",1,0
643,0.94,7.23,"item7",3,0
643,0.94,7.23,"item8",3,0
643,0.94,7.23,"item9",2,0
643,0.94,7.23,"item10",2,0
643,0.94,7.23,"item11",1,0
643,0.94,7.23,"item12",1,0
643,0.94,7.23,"item13",1,0
643,0.94,7.23,"item14",3,0
643,0.94,7.23,"item15",1,0
643,0.94,7.23,"item16",1,0
643,0.94,7.23,"item17",1,0
643,0.94,7.23,"item18",1,0
644,0.92,1.39,"item1",1,0
644,0.92,1.39,"item2",1,0
644,0.92,1.39,"item3",1,0
644,0.92,1.39,"item4",2,0
644,0.92,1.39,"item5",2,0
644,0.92,1.39,"item6",2,0
644,0.92,1.39,"item7",2,0
644,0.92,1.39,"item8",1,0
644,0.92,1.39,"item9",1,0
644,0.92,1.39,"item10",1,0
644,0.92,1.39,"item11",2,0
644,0.92,1.39,"item12",1,0
644,0.92,1.39,"item13",2,0
644,0.92,1.39,"item14",1,0
644,0.92,1.39,"item15",1,0
644,0.92,1.39,"item16",2,0
644,0.92,1.39,"item17",3,0
644,0.92,1.39,"item18",2,0
645,0.87,2.18,"item1",3,0
645,0.87,2.18,"item2",3,0
645,0.87,2.18,"item3",3,0
645,0.87,2.18,"item4",2,0
645,0.87,2.18,"item5",2,0
645,0.87,2.18,"item6",3,0
645,0.87,2.18,"item7",3,0
645,0.87,2.18,"item8",3,0
645,0.87,2.18,"item9",2,0
645,0.87,2.18,"item10",3,0
645,0.87,2.18,"item11",2,0
645,0.87,2.18,"item12",1,0
645,0.87,2.18,"item13",2,0
645,0.87,2.18,"item14",2,0
645,0.87,2.18,"item15",2,0
645,0.87,2.18,"item16",2,0
645,0.87,2.18,"item17",2,0
645,0.87,2.18,"item18",2,0
648,0.6,2.17,"item1",2,0
648,0.6,2.17,"item2",3,0
648,0.6,2.17,"item3",3,0
648,0.6,2.17,"item4",2,0
648,0.6,2.17,"item5",1,0
648,0.6,2.17,"item6",2,0
648,0.6,2.17,"item7",3,0
648,0.6,2.17,"item8",4,1
648,0.6,2.17,"item9",3,0
648,0.6,2.17,"item10",1,0
648,0.6,2.17,"item11",3,0
648,0.6,2.17,"item12",1,0
648,0.6,2.17,"item13",1,0
648,0.6,2.17,"item14",2,0
648,0.6,2.17,"item15",1,0
648,0.6,2.17,"item16",1,0
648,0.6,2.17,"item17",1,0
648,0.6,2.17,"item18",1,0
652,0.87,0.4,"item1",2,0
652,0.87,0.4,"item2",2,0
652,0.87,0.4,"item3",2,0
652,0.87,0.4,"item4",2,0
652,0.87,0.4,"item5",2,0
652,0.87,0.4,"item6",2,0
652,0.87,0.4,"item7",2,0
652,0.87,0.4,"item8",2,0
652,0.87,0.4,"item9",2,0
652,0.87,0.4,"item10",3,0
652,0.87,0.4,"item11",3,0
652,0.87,0.4,"item12",3,0
652,0.87,0.4,"item13",2,0
652,0.87,0.4,"item14",2,0
652,0.87,0.4,"item15",2,0
652,0.87,0.4,"item16",2,0
652,0.87,0.4,"item17",2,0
652,0.87,0.4,"item18",2,0
653,1.11,0.53,"item1",2,0
653,1.11,0.53,"item2",2,0
653,1.11,0.53,"item3",2,0
653,1.11,0.53,"item4",2,0
653,1.11,0.53,"item5",2,0
653,1.11,0.53,"item6",2,0
653,1.11,0.53,"item7",2,0
653,1.11,0.53,"item8",2,0
653,1.11,0.53,"item9",3,0
653,1.11,0.53,"item10",2,0
653,1.11,0.53,"item11",2,0
653,1.11,0.53,"item12",2,0
653,1.11,0.53,"item13",3,0
653,1.11,0.53,"item14",3,0
653,1.11,0.53,"item15",3,0
653,1.11,0.53,"item16",3,0
653,1.11,0.53,"item17",1,0
653,1.11,0.53,"item18",1,0
655,0.71,0.5,"item1",2,0
655,0.71,0.5,"item2",1,0
655,0.71,0.5,"item3",1,0
655,0.71,0.5,"item4",2,0
655,0.71,0.5,"item5",2,0
655,0.71,0.5,"item6",2,0
655,0.71,0.5,"item7",2,0
655,0.71,0.5,"item8",1,0
655,0.71,0.5,"item9",2,0
655,0.71,0.5,"item10",2,0
655,0.71,0.5,"item11",2,0
655,0.71,0.5,"item12",2,0
655,0.71,0.5,"item13",2,0
655,0.71,0.5,"item14",2,0
655,0.71,0.5,"item15",2,0
655,0.71,0.5,"item16",2,0
655,0.71,0.5,"item17",1,0
655,0.71,0.5,"item18",1,0
659,0.57,2.27,"item1",2,0
659,0.57,2.27,"item2",2,0
659,0.57,2.27,"item3",2,0
659,0.57,2.27,"item4",3,0
659,0.57,2.27,"item5",2,0
659,0.57,2.27,"item6",3,0
659,0.57,2.27,"item7",2,0
659,0.57,2.27,"item8",2,0
659,0.57,2.27,"item9",2,0
659,0.57,2.27,"item10",2,0
659,0.57,2.27,"item11",2,0
659,0.57,2.27,"item12",2,0
659,0.57,2.27,"item13",2,0
659,0.57,2.27,"item14",2,0
659,0.57,2.27,"item15",1,0
659,0.57,2.27,"item16",2,0
659,0.57,2.27,"item17",1,0
659,0.57,2.27,"item18",2,0
660,0.55,5.59,"item1",2,0
660,0.55,5.59,"item2",2,0
660,0.55,5.59,"item3",2,0
660,0.55,5.59,"item4",1,0
660,0.55,5.59,"item5",1,0
660,0.55,5.59,"item6",1,0
660,0.55,5.59,"item7",1,0
660,0.55,5.59,"item8",1,0
660,0.55,5.59,"item9",1,0
660,0.55,5.59,"item10",1,0
660,0.55,5.59,"item11",1,0
660,0.55,5.59,"item12",1,0
660,0.55,5.59,"item13",1,0
660,0.55,5.59,"item14",1,0
660,0.55,5.59,"item15",1,0
660,0.55,5.59,"item16",1,0
660,0.55,5.59,"item17",1,0
660,0.55,5.59,"item18",1,0
661,0.44,1.81,"item1",2,0
661,0.44,1.81,"item2",2,0
661,0.44,1.81,"item3",2,0
661,0.44,1.81,"item4",2,0
661,0.44,1.81,"item5",2,0
661,0.44,1.81,"item6",2,0
661,0.44,1.81,"item7",2,0
661,0.44,1.81,"item8",2,0
661,0.44,1.81,"item9",2,0
661,0.44,1.81,"item10",2,0
661,0.44,1.81,"item11",2,0
661,0.44,1.81,"item12",2,0
661,0.44,1.81,"item13",2,0
661,0.44,1.81,"item14",3,0
661,0.44,1.81,"item15",2,0
661,0.44,1.81,"item16",2,0
661,0.44,1.81,"item17",2,0
661,0.44,1.81,"item18",1,0
664,0.71,1.12,"item1",2,0
664,0.71,1.12,"item2",2,0
664,0.71,1.12,"item3",2,0
664,0.71,1.12,"item4",1,0
664,0.71,1.12,"item5",1,0
664,0.71,1.12,"item6",1,0
664,0.71,1.12,"item7",1,0
664,0.71,1.12,"item8",1,0
664,0.71,1.12,"item9",1,0
664,0.71,1.12,"item10",1,0
664,0.71,1.12,"item11",1,0
664,0.71,1.12,"item12",1,0
664,0.71,1.12,"item13",1,0
664,0.71,1.12,"item14",1,0
664,0.71,1.12,"item15",1,0
664,0.71,1.12,"item16",1,0
664,0.71,1.12,"item17",1,0
664,0.71,1.12,"item18",1,0
665,0.73,1.24,"item1",1,0
665,0.73,1.24,"item2",1,0
665,0.73,1.24,"item3",1,0
665,0.73,1.24,"item4",3,0
665,0.73,1.24,"item5",3,0
665,0.73,1.24,"item6",3,0
665,0.73,1.24,"item7",4,1
665,0.73,1.24,"item8",4,1
665,0.73,1.24,"item9",4,1
665,0.73,1.24,"item10",3,0
665,0.73,1.24,"item11",1,0
665,0.73,1.24,"item12",2,0
665,0.73,1.24,"item13",4,1
665,0.73,1.24,"item14",4,1
665,0.73,1.24,"item15",2,0
665,0.73,1.24,"item16",3,0
665,0.73,1.24,"item17",2,0
665,0.73,1.24,"item18",2,0
667,0.44,1.54,"item1",2,0
667,0.44,1.54,"item2",2,0
667,0.44,1.54,"item3",2,0
667,0.44,1.54,"item4",2,0
667,0.44,1.54,"item5",2,0
667,0.44,1.54,"item6",3,0
667,0.44,1.54,"item7",3,0
667,0.44,1.54,"item8",3,0
667,0.44,1.54,"item9",2,0
667,0.44,1.54,"item10",1,0
667,0.44,1.54,"item11",2,0
667,0.44,1.54,"item12",1,0
667,0.44,1.54,"item13",1,0
667,0.44,1.54,"item14",2,0
667,0.44,1.54,"item15",1,0
667,0.44,1.54,"item16",1,0
667,0.44,1.54,"item17",1,0
667,0.44,1.54,"item18",1,0
669,1,2.55,"item1",2,0
669,1,2.55,"item2",3,0
669,1,2.55,"item3",3,0
669,1,2.55,"item4",2,0
669,1,2.55,"item5",2,0
669,1,2.55,"item6",2,0
669,1,2.55,"item7",2,0
669,1,2.55,"item8",1,0
669,1,2.55,"item9",1,0
669,1,2.55,"item10",2,0
669,1,2.55,"item11",2,0
669,1,2.55,"item12",2,0
669,1,2.55,"item13",2,0
669,1,2.55,"item14",1,0
669,1,2.55,"item15",1,0
669,1,2.55,"item16",2,0
669,1,2.55,"item17",2,0
669,1,2.55,"item18",2,0
673,0.67,0.53,"item1",3,0
673,0.67,0.53,"item2",2,0
673,0.67,0.53,"item3",3,0
673,0.67,0.53,"item4",3,0
673,0.67,0.53,"item5",2,0
673,0.67,0.53,"item6",2,0
673,0.67,0.53,"item7",2,0
673,0.67,0.53,"item8",1,0
673,0.67,0.53,"item9",1,0
673,0.67,0.53,"item10",2,0
673,0.67,0.53,"item11",2,0
673,0.67,0.53,"item12",1,0
673,0.67,0.53,"item13",1,0
673,0.67,0.53,"item14",2,0
673,0.67,0.53,"item15",1,0
673,0.67,0.53,"item16",1,0
673,0.67,0.53,"item17",1,0
673,0.67,0.53,"item18",1,0
678,0.58,0.46,"item1",1,0
678,0.58,0.46,"item2",1,0
678,0.58,0.46,"item3",1,0
678,0.58,0.46,"item4",3,0
678,0.58,0.46,"item5",3,0
678,0.58,0.46,"item6",3,0
678,0.58,0.46,"item7",3,0
678,0.58,0.46,"item8",3,0
678,0.58,0.46,"item9",3,0
678,0.58,0.46,"item10",2,0
678,0.58,0.46,"item11",4,1
678,0.58,0.46,"item12",3,0
678,0.58,0.46,"item13",3,0
678,0.58,0.46,"item14",4,1
678,0.58,0.46,"item15",3,0
678,0.58,0.46,"item16",3,0
678,0.58,0.46,"item17",4,1
678,0.58,0.46,"item18",2,0
679,0.42,0.96,"item1",2,0
679,0.42,0.96,"item2",1,0
679,0.42,0.96,"item3",2,0
679,0.42,0.96,"item4",2,0
679,0.42,0.96,"item5",2,0
679,0.42,0.96,"item6",2,0
679,0.42,0.96,"item7",4,1
679,0.42,0.96,"item8",3,0
679,0.42,0.96,"item9",2,0
679,0.42,0.96,"item10",2,0
679,0.42,0.96,"item11",2,0
679,0.42,0.96,"item12",1,0
679,0.42,0.96,"item13",2,0
679,0.42,0.96,"item14",3,0
679,0.42,0.96,"item15",2,0
679,0.42,0.96,"item16",2,0
679,0.42,0.96,"item17",1,0
679,0.42,0.96,"item18",1,0
682,0.32,0.9,"item1",3,0
682,0.32,0.9,"item2",3,0
682,0.32,0.9,"item3",3,0
682,0.32,0.9,"item4",2,0
682,0.32,0.9,"item5",2,0
682,0.32,0.9,"item6",2,0
682,0.32,0.9,"item7",3,0
682,0.32,0.9,"item8",2,0
682,0.32,0.9,"item9",2,0
682,0.32,0.9,"item10",1,0
682,0.32,0.9,"item11",1,0
682,0.32,0.9,"item12",1,0
682,0.32,0.9,"item13",1,0
682,0.32,0.9,"item14",2,0
682,0.32,0.9,"item15",2,0
682,0.32,0.9,"item16",1,0
682,0.32,0.9,"item17",1,0
682,0.32,0.9,"item18",1,0
684,0.82,1.44,"item1",1,0
684,0.82,1.44,"item2",1,0
684,0.82,1.44,"item3",1,0
684,0.82,1.44,"item4",3,0
684,0.82,1.44,"item5",2,0
684,0.82,1.44,"item6",3,0
684,0.82,1.44,"item7",2,0
684,0.82,1.44,"item8",1,0
684,0.82,1.44,"item9",3,0
684,0.82,1.44,"item10",1,0
684,0.82,1.44,"item11",2,0
684,0.82,1.44,"item12",1,0
684,0.82,1.44,"item13",2,0
684,0.82,1.44,"item14",3,0
684,0.82,1.44,"item15",1,0
684,0.82,1.44,"item16",1,0
684,0.82,1.44,"item17",1,0
684,0.82,1.44,"item18",1,0
688,0.53,2.42,"item1",2,0
688,0.53,2.42,"item2",2,0
688,0.53,2.42,"item3",2,0
688,0.53,2.42,"item4",1,0
688,0.53,2.42,"item5",1,0
688,0.53,2.42,"item6",1,0
688,0.53,2.42,"item7",2,0
688,0.53,2.42,"item8",1,0
688,0.53,2.42,"item9",1,0
688,0.53,2.42,"item10",3,0
688,0.53,2.42,"item11",3,0
688,0.53,2.42,"item12",2,0
688,0.53,2.42,"item13",2,0
688,0.53,2.42,"item14",1,0
688,0.53,2.42,"item15",1,0
688,0.53,2.42,"item16",3,0
688,0.53,2.42,"item17",1,0
688,0.53,2.42,"item18",2,0
689,0.51,0.31,"item1",3,0
689,0.51,0.31,"item2",3,0
689,0.51,0.31,"item3",3,0
689,0.51,0.31,"item4",2,0
689,0.51,0.31,"item5",2,0
689,0.51,0.31,"item6",2,0
689,0.51,0.31,"item7",2,0
689,0.51,0.31,"item8",2,0
689,0.51,0.31,"item9",1,0
689,0.51,0.31,"item10",2,0
689,0.51,0.31,"item11",2,0
689,0.51,0.31,"item12",2,0
689,0.51,0.31,"item13",2,0
689,0.51,0.31,"item14",2,0
689,0.51,0.31,"item15",1,0
689,0.51,0.31,"item16",2,0
689,0.51,0.31,"item17",1,0
689,0.51,0.31,"item18",3,0
694,0.41,2.02,"item1",3,0
694,0.41,2.02,"item2",3,0
694,0.41,2.02,"item3",3,0
694,0.41,2.02,"item4",3,0
694,0.41,2.02,"item5",2,0
694,0.41,2.02,"item6",1,0
694,0.41,2.02,"item7",2,0
694,0.41,2.02,"item8",1,0
694,0.41,2.02,"item9",3,0
694,0.41,2.02,"item10",1,0
694,0.41,2.02,"item11",1,0
694,0.41,2.02,"item12",1,0
694,0.41,2.02,"item13",1,0
694,0.41,2.02,"item14",2,0
694,0.41,2.02,"item15",2,0
694,0.41,2.02,"item16",2,0
694,0.41,2.02,"item17",1,0
694,0.41,2.02,"item18",1,0
695,0.78,1.71,"item1",2,0
695,0.78,1.71,"item2",3,0
695,0.78,1.71,"item3",3,0
695,0.78,1.71,"item4",2,0
695,0.78,1.71,"item5",2,0
695,0.78,1.71,"item6",2,0
695,0.78,1.71,"item7",1,0
695,0.78,1.71,"item8",1,0
695,0.78,1.71,"item9",1,0
695,0.78,1.71,"item10",1,0
695,0.78,1.71,"item11",1,0
695,0.78,1.71,"item12",1,0
695,0.78,1.71,"item13",1,0
695,0.78,1.71,"item14",1,0
695,0.78,1.71,"item15",1,0
695,0.78,1.71,"item16",1,0
695,0.78,1.71,"item17",1,0
695,0.78,1.71,"item18",1,0
696,0.3,2.99,"item1",3,0
696,0.3,2.99,"item2",3,0
696,0.3,2.99,"item3",3,0
696,0.3,2.99,"item4",2,0
696,0.3,2.99,"item5",2,0
696,0.3,2.99,"item6",2,0
696,0.3,2.99,"item7",4,1
696,0.3,2.99,"item8",4,1
696,0.3,2.99,"item9",3,0
696,0.3,2.99,"item10",3,0
696,0.3,2.99,"item11",3,0
696,0.3,2.99,"item12",2,0
696,0.3,2.99,"item13",1,0
696,0.3,2.99,"item14",2,0
696,0.3,2.99,"item15",2,0
696,0.3,2.99,"item16",1,0
696,0.3,2.99,"item17",2,0
696,0.3,2.99,"item18",1,0
697,0.49,1.83,"item1",2,0
697,0.49,1.83,"item2",3,0
697,0.49,1.83,"item3",3,0
697,0.49,1.83,"item4",3,0
697,0.49,1.83,"item5",2,0
697,0.49,1.83,"item6",2,0
697,0.49,1.83,"item7",3,0
697,0.49,1.83,"item8",2,0
697,0.49,1.83,"item9",2,0
697,0.49,1.83,"item10",2,0
697,0.49,1.83,"item11",1,0
697,0.49,1.83,"item12",3,0
697,0.49,1.83,"item13",2,0
697,0.49,1.83,"item14",2,0
697,0.49,1.83,"item15",1,0
697,0.49,1.83,"item16",2,0
697,0.49,1.83,"item17",1,0
697,0.49,1.83,"item18",1,0
699,0.49,1.37,"item1",3,0
699,0.49,1.37,"item2",4,1
699,0.49,1.37,"item3",4,1
699,0.49,1.37,"item4",2,0
699,0.49,1.37,"item5",2,0
699,0.49,1.37,"item6",2,0
699,0.49,1.37,"item7",2,0
699,0.49,1.37,"item8",1,0
699,0.49,1.37,"item9",1,0
699,0.49,1.37,"item10",1,0
699,0.49,1.37,"item11",1,0
699,0.49,1.37,"item12",1,0
699,0.49,1.37,"item13",2,0
699,0.49,1.37,"item14",1,0
699,0.49,1.37,"item15",1,0
699,0.49,1.37,"item16",1,0
699,0.49,1.37,"item17",1,0
699,0.49,1.37,"item18",1,0
700,1.37,2.74,"item1",2,0
700,1.37,2.74,"item2",2,0
700,1.37,2.74,"item3",2,0
700,1.37,2.74,"item4",1,0
700,1.37,2.74,"item5",2,0
700,1.37,2.74,"item6",1,0
700,1.37,2.74,"item7",2,0
700,1.37,2.74,"item8",2,0
700,1.37,2.74,"item9",2,0
700,1.37,2.74,"item10",1,0
700,1.37,2.74,"item11",1,0
700,1.37,2.74,"item12",1,0
700,1.37,2.74,"item13",1,0
700,1.37,2.74,"item14",2,0
700,1.37,2.74,"item15",2,0
700,1.37,2.74,"item16",2,0
700,1.37,2.74,"item17",2,0
700,1.37,2.74,"item18",2,0
701,0.91,1.44,"item1",3,0
701,0.91,1.44,"item2",3,0
701,0.91,1.44,"item3",3,0
701,0.91,1.44,"item4",2,0
701,0.91,1.44,"item5",2,0
701,0.91,1.44,"item6",2,0
701,0.91,1.44,"item7",1,0
701,0.91,1.44,"item8",1,0
701,0.91,1.44,"item9",1,0
701,0.91,1.44,"item10",2,0
701,0.91,1.44,"item11",2,0
701,0.91,1.44,"item12",3,0
701,0.91,1.44,"item13",1,0
701,0.91,1.44,"item14",2,0
701,0.91,1.44,"item15",3,0
701,0.91,1.44,"item16",1,0
701,0.91,1.44,"item17",1,0
701,0.91,1.44,"item18",1,0
704,1.06,5.35,"item1",3,0
704,1.06,5.35,"item2",4,1
704,1.06,5.35,"item3",4,1
704,1.06,5.35,"item4",2,0
704,1.06,5.35,"item5",2,0
704,1.06,5.35,"item6",2,0
704,1.06,5.35,"item7",2,0
704,1.06,5.35,"item8",1,0
704,1.06,5.35,"item9",1,0
704,1.06,5.35,"item10",1,0
704,1.06,5.35,"item11",1,0
704,1.06,5.35,"item12",1,0
704,1.06,5.35,"item13",1,0
704,1.06,5.35,"item14",1,0
704,1.06,5.35,"item15",1,0
704,1.06,5.35,"item16",1,0
704,1.06,5.35,"item17",1,0
704,1.06,5.35,"item18",1,0
705,0.98,1.89,"item1",2,0
705,0.98,1.89,"item2",2,0
705,0.98,1.89,"item3",2,0
705,0.98,1.89,"item4",3,0
705,0.98,1.89,"item5",3,0
705,0.98,1.89,"item6",3,0
705,0.98,1.89,"item7",3,0
705,0.98,1.89,"item8",2,0
705,0.98,1.89,"item9",2,0
705,0.98,1.89,"item10",2,0
705,0.98,1.89,"item11",2,0
705,0.98,1.89,"item12",2,0
705,0.98,1.89,"item13",2,0
705,0.98,1.89,"item14",3,0
705,0.98,1.89,"item15",1,0
705,0.98,1.89,"item16",2,0
705,0.98,1.89,"item17",1,0
705,0.98,1.89,"item18",1,0
706,0.56,0.57,"item1",3,0
706,0.56,0.57,"item2",3,0
706,0.56,0.57,"item3",3,0
706,0.56,0.57,"item4",2,0
706,0.56,0.57,"item5",1,0
706,0.56,0.57,"item6",1,0
706,0.56,0.57,"item7",2,0
706,0.56,0.57,"item8",1,0
706,0.56,0.57,"item9",2,0
706,0.56,0.57,"item10",1,0
706,0.56,0.57,"item11",1,0
706,0.56,0.57,"item12",1,0
706,0.56,0.57,"item13",1,0
706,0.56,0.57,"item14",1,0
706,0.56,0.57,"item15",1,0
706,0.56,0.57,"item16",1,0
706,0.56,0.57,"item17",1,0
706,0.56,0.57,"item18",1,0
709,0.47,0.55,"item1",4,1
709,0.47,0.55,"item2",4,1
709,0.47,0.55,"item3",4,1
709,0.47,0.55,"item4",3,0
709,0.47,0.55,"item5",3,0
709,0.47,0.55,"item6",3,0
709,0.47,0.55,"item7",2,0
709,0.47,0.55,"item8",1,0
709,0.47,0.55,"item9",1,0
709,0.47,0.55,"item10",1,0
709,0.47,0.55,"item11",1,0
709,0.47,0.55,"item12",1,0
709,0.47,0.55,"item13",1,0
709,0.47,0.55,"item14",1,0
709,0.47,0.55,"item15",1,0
709,0.47,0.55,"item16",1,0
709,0.47,0.55,"item17",1,0
709,0.47,0.55,"item18",1,0
710,0.54,1.23,"item1",4,1
710,0.54,1.23,"item2",4,1
710,0.54,1.23,"item3",4,1
710,0.54,1.23,"item4",2,0
710,0.54,1.23,"item5",1,0
710,0.54,1.23,"item6",2,0
710,0.54,1.23,"item7",2,0
710,0.54,1.23,"item8",2,0
710,0.54,1.23,"item9",1,0
710,0.54,1.23,"item10",1,0
710,0.54,1.23,"item11",2,0
710,0.54,1.23,"item12",2,0
710,0.54,1.23,"item13",1,0
710,0.54,1.23,"item14",1,0
710,0.54,1.23,"item15",1,0
710,0.54,1.23,"item16",1,0
710,0.54,1.23,"item17",1,0
710,0.54,1.23,"item18",1,0
712,0.83,2.34,"item1",2,0
712,0.83,2.34,"item2",2,0
712,0.83,2.34,"item3",2,0
712,0.83,2.34,"item4",2,0
712,0.83,2.34,"item5",2,0
712,0.83,2.34,"item6",3,0
712,0.83,2.34,"item7",4,1
712,0.83,2.34,"item8",4,1
712,0.83,2.34,"item9",4,1
712,0.83,2.34,"item10",3,0
712,0.83,2.34,"item11",3,0
712,0.83,2.34,"item12",2,0
712,0.83,2.34,"item13",3,0
712,0.83,2.34,"item14",4,1
712,0.83,2.34,"item15",2,0
712,0.83,2.34,"item16",3,0
712,0.83,2.34,"item17",2,0
712,0.83,2.34,"item18",2,0
714,0.75,2.31,"item1",3,0
714,0.75,2.31,"item2",3,0
714,0.75,2.31,"item3",3,0
714,0.75,2.31,"item4",2,0
714,0.75,2.31,"item5",2,0
714,0.75,2.31,"item6",2,0
714,0.75,2.31,"item7",2,0
714,0.75,2.31,"item8",1,0
714,0.75,2.31,"item9",1,0
714,0.75,2.31,"item10",1,0
714,0.75,2.31,"item11",1,0
714,0.75,2.31,"item12",1,0
714,0.75,2.31,"item13",1,0
714,0.75,2.31,"item14",2,0
714,0.75,2.31,"item15",1,0
714,0.75,2.31,"item16",1,0
714,0.75,2.31,"item17",1,0
714,0.75,2.31,"item18",1,0
717,0.46,1.6,"item1",2,0
717,0.46,1.6,"item2",2,0
717,0.46,1.6,"item3",2,0
717,0.46,1.6,"item4",1,0
717,0.46,1.6,"item5",1,0
717,0.46,1.6,"item6",1,0
717,0.46,1.6,"item7",1,0
717,0.46,1.6,"item8",1,0
717,0.46,1.6,"item9",1,0
717,0.46,1.6,"item10",1,0
717,0.46,1.6,"item11",1,0
717,0.46,1.6,"item12",1,0
717,0.46,1.6,"item13",1,0
717,0.46,1.6,"item14",1,0
717,0.46,1.6,"item15",1,0
717,0.46,1.6,"item16",1,0
717,0.46,1.6,"item17",1,0
717,0.46,1.6,"item18",1,0
723,0.94,2.21,"item1",2,0
723,0.94,2.21,"item2",2,0
723,0.94,2.21,"item3",2,0
723,0.94,2.21,"item4",3,0
723,0.94,2.21,"item5",3,0
723,0.94,2.21,"item6",2,0
723,0.94,2.21,"item7",2,0
723,0.94,2.21,"item8",1,0
723,0.94,2.21,"item9",2,0
723,0.94,2.21,"item10",3,0
723,0.94,2.21,"item11",2,0
723,0.94,2.21,"item12",1,0
723,0.94,2.21,"item13",3,0
723,0.94,2.21,"item14",2,0
723,0.94,2.21,"item15",2,0
723,0.94,2.21,"item16",2,0
723,0.94,2.21,"item17",1,0
723,0.94,2.21,"item18",1,0
727,0.73,1.4,"item1",2,0
727,0.73,1.4,"item2",2,0
727,0.73,1.4,"item3",2,0
727,0.73,1.4,"item4",2,0
727,0.73,1.4,"item5",1,0
727,0.73,1.4,"item6",1,0
727,0.73,1.4,"item7",2,0
727,0.73,1.4,"item8",1,0
727,0.73,1.4,"item9",2,0
727,0.73,1.4,"item10",2,0
727,0.73,1.4,"item11",2,0
727,0.73,1.4,"item12",1,0
727,0.73,1.4,"item13",1,0
727,0.73,1.4,"item14",1,0
727,0.73,1.4,"item15",1,0
727,0.73,1.4,"item16",2,0
727,0.73,1.4,"item17",1,0
727,0.73,1.4,"item18",1,0
728,0.7,6.59,"item1",2,0
728,0.7,6.59,"item2",2,0
728,0.7,6.59,"item3",2,0
728,0.7,6.59,"item4",1,0
728,0.7,6.59,"item5",2,0
728,0.7,6.59,"item6",1,0
728,0.7,6.59,"item7",1,0
728,0.7,6.59,"item8",1,0
728,0.7,6.59,"item9",1,0
728,0.7,6.59,"item10",1,0
728,0.7,6.59,"item11",1,0
728,0.7,6.59,"item12",1,0
728,0.7,6.59,"item13",1,0
728,0.7,6.59,"item14",2,0
728,0.7,6.59,"item15",2,0
728,0.7,6.59,"item16",1,0
728,0.7,6.59,"item17",1,0
728,0.7,6.59,"item18",1,0
729,0.8,3.86,"item1",3,0
729,0.8,3.86,"item2",3,0
729,0.8,3.86,"item3",3,0
729,0.8,3.86,"item4",2,0
729,0.8,3.86,"item5",2,0
729,0.8,3.86,"item6",2,0
729,0.8,3.86,"item7",2,0
729,0.8,3.86,"item8",1,0
729,0.8,3.86,"item9",2,0
729,0.8,3.86,"item10",3,0
729,0.8,3.86,"item11",2,0
729,0.8,3.86,"item12",1,0
729,0.8,3.86,"item13",1,0
729,0.8,3.86,"item14",2,0
729,0.8,3.86,"item15",1,0
729,0.8,3.86,"item16",1,0
729,0.8,3.86,"item17",1,0
729,0.8,3.86,"item18",1,0
731,NA,NA,"item1",2,0
731,NA,NA,"item2",2,0
731,NA,NA,"item3",2,0
731,NA,NA,"item4",3,0
731,NA,NA,"item5",3,0
731,NA,NA,"item6",2,0
731,NA,NA,"item7",3,0
731,NA,NA,"item8",3,0
731,NA,NA,"item9",2,0
731,NA,NA,"item10",3,0
731,NA,NA,"item11",2,0
731,NA,NA,"item12",1,0
731,NA,NA,"item13",1,0
731,NA,NA,"item14",1,0
731,NA,NA,"item15",1,0
731,NA,NA,"item16",1,0
731,NA,NA,"item17",1,0
731,NA,NA,"item18",1,0
732,0.7,1.35,"item1",2,0
732,0.7,1.35,"item2",3,0
732,0.7,1.35,"item3",3,0
732,0.7,1.35,"item4",2,0
732,0.7,1.35,"item5",2,0
732,0.7,1.35,"item6",3,0
732,0.7,1.35,"item7",2,0
732,0.7,1.35,"item8",2,0
732,0.7,1.35,"item9",2,0
732,0.7,1.35,"item10",1,0
732,0.7,1.35,"item11",3,0
732,0.7,1.35,"item12",2,0
732,0.7,1.35,"item13",2,0
732,0.7,1.35,"item14",2,0
732,0.7,1.35,"item15",1,0
732,0.7,1.35,"item16",2,0
732,0.7,1.35,"item17",1,0
732,0.7,1.35,"item18",1,0
735,0.6,1.35,"item1",3,0
735,0.6,1.35,"item2",3,0
735,0.6,1.35,"item3",3,0
735,0.6,1.35,"item4",3,0
735,0.6,1.35,"item5",3,0
735,0.6,1.35,"item6",3,0
735,0.6,1.35,"item7",3,0
735,0.6,1.35,"item8",2,0
735,0.6,1.35,"item9",2,0
735,0.6,1.35,"item10",2,0
735,0.6,1.35,"item11",2,0
735,0.6,1.35,"item12",1,0
735,0.6,1.35,"item13",1,0
735,0.6,1.35,"item14",1,0
735,0.6,1.35,"item15",1,0
735,0.6,1.35,"item16",2,0
735,0.6,1.35,"item17",1,0
735,0.6,1.35,"item18",1,0
736,0.54,1.08,"item1",2,0
736,0.54,1.08,"item2",2,0
736,0.54,1.08,"item3",2,0
736,0.54,1.08,"item4",3,0
736,0.54,1.08,"item5",3,0
736,0.54,1.08,"item6",2,0
736,0.54,1.08,"item7",3,0
736,0.54,1.08,"item8",3,0
736,0.54,1.08,"item9",3,0
736,0.54,1.08,"item10",1,0
736,0.54,1.08,"item11",1,0
736,0.54,1.08,"item12",1,0
736,0.54,1.08,"item13",2,0
736,0.54,1.08,"item14",2,0
736,0.54,1.08,"item15",1,0
736,0.54,1.08,"item16",1,0
736,0.54,1.08,"item17",1,0
736,0.54,1.08,"item18",1,0
739,1.05,0.52,"item1",1,0
739,1.05,0.52,"item2",2,0
739,1.05,0.52,"item3",2,0
739,1.05,0.52,"item4",2,0
739,1.05,0.52,"item5",1,0
739,1.05,0.52,"item6",1,0
739,1.05,0.52,"item7",2,0
739,1.05,0.52,"item8",1,0
739,1.05,0.52,"item9",1,0
739,1.05,0.52,"item10",2,0
739,1.05,0.52,"item11",1,0
739,1.05,0.52,"item12",2,0
739,1.05,0.52,"item13",2,0
739,1.05,0.52,"item14",2,0
739,1.05,0.52,"item15",1,0
739,1.05,0.52,"item16",2,0
739,1.05,0.52,"item17",1,0
739,1.05,0.52,"item18",1,0
740,0.87,2.41,"item1",2,0
740,0.87,2.41,"item2",2,0
740,0.87,2.41,"item3",2,0
740,0.87,2.41,"item4",1,0
740,0.87,2.41,"item5",1,0
740,0.87,2.41,"item6",1,0
740,0.87,2.41,"item7",1,0
740,0.87,2.41,"item8",1,0
740,0.87,2.41,"item9",1,0
740,0.87,2.41,"item10",1,0
740,0.87,2.41,"item11",1,0
740,0.87,2.41,"item12",1,0
740,0.87,2.41,"item13",1,0
740,0.87,2.41,"item14",1,0
740,0.87,2.41,"item15",1,0
740,0.87,2.41,"item16",1,0
740,0.87,2.41,"item17",1,0
740,0.87,2.41,"item18",1,0
741,0.43,3.85,"item1",3,0
741,0.43,3.85,"item2",3,0
741,0.43,3.85,"item3",3,0
741,0.43,3.85,"item4",2,0
741,0.43,3.85,"item5",2,0
741,0.43,3.85,"item6",2,0
741,0.43,3.85,"item7",2,0
741,0.43,3.85,"item8",1,0
741,0.43,3.85,"item9",1,0
741,0.43,3.85,"item10",1,0
741,0.43,3.85,"item11",1,0
741,0.43,3.85,"item12",1,0
741,0.43,3.85,"item13",1,0
741,0.43,3.85,"item14",1,0
741,0.43,3.85,"item15",1,0
741,0.43,3.85,"item16",1,0
741,0.43,3.85,"item17",1,0
741,0.43,3.85,"item18",1,0
742,0.85,0.35,"item1",2,0
742,0.85,0.35,"item2",2,0
742,0.85,0.35,"item3",2,0
742,0.85,0.35,"item4",2,0
742,0.85,0.35,"item5",2,0
742,0.85,0.35,"item6",1,0
742,0.85,0.35,"item7",1,0
742,0.85,0.35,"item8",1,0
742,0.85,0.35,"item9",1,0
742,0.85,0.35,"item10",1,0
742,0.85,0.35,"item11",1,0
742,0.85,0.35,"item12",2,0
742,0.85,0.35,"item13",1,0
742,0.85,0.35,"item14",1,0
742,0.85,0.35,"item15",1,0
742,0.85,0.35,"item16",1,0
742,0.85,0.35,"item17",1,0
742,0.85,0.35,"item18",1,0
743,0.57,2.33,"item1",2,0
743,0.57,2.33,"item2",2,0
743,0.57,2.33,"item3",2,0
743,0.57,2.33,"item4",1,0
743,0.57,2.33,"item5",1,0
743,0.57,2.33,"item6",1,0
743,0.57,2.33,"item7",2,0
743,0.57,2.33,"item8",2,0
743,0.57,2.33,"item9",1,0
743,0.57,2.33,"item10",1,0
743,0.57,2.33,"item11",1,0
743,0.57,2.33,"item12",1,0
743,0.57,2.33,"item13",1,0
743,0.57,2.33,"item14",1,0
743,0.57,2.33,"item15",1,0
743,0.57,2.33,"item16",1,0
743,0.57,2.33,"item17",1,0
743,0.57,2.33,"item18",1,0
745,0.6,1.12,"item1",2,0
745,0.6,1.12,"item2",2,0
745,0.6,1.12,"item3",3,0
745,0.6,1.12,"item4",3,0
745,0.6,1.12,"item5",3,0
745,0.6,1.12,"item6",3,0
745,0.6,1.12,"item7",2,0
745,0.6,1.12,"item8",2,0
745,0.6,1.12,"item9",1,0
745,0.6,1.12,"item10",2,0
745,0.6,1.12,"item11",2,0
745,0.6,1.12,"item12",3,0
745,0.6,1.12,"item13",3,0
745,0.6,1.12,"item14",2,0
745,0.6,1.12,"item15",2,0
745,0.6,1.12,"item16",2,0
745,0.6,1.12,"item17",2,0
745,0.6,1.12,"item18",2,0
748,0.43,2.05,"item1",2,0
748,0.43,2.05,"item2",2,0
748,0.43,2.05,"item3",2,0
748,0.43,2.05,"item4",2,0
748,0.43,2.05,"item5",2,0
748,0.43,2.05,"item6",2,0
748,0.43,2.05,"item7",2,0
748,0.43,2.05,"item8",2,0
748,0.43,2.05,"item9",2,0
748,0.43,2.05,"item10",1,0
748,0.43,2.05,"item11",2,0
748,0.43,2.05,"item12",1,0
748,0.43,2.05,"item13",2,0
748,0.43,2.05,"item14",3,0
748,0.43,2.05,"item15",2,0
748,0.43,2.05,"item16",2,0
748,0.43,2.05,"item17",2,0
748,0.43,2.05,"item18",1,0
750,0.75,1.19,"item1",3,0
750,0.75,1.19,"item2",2,0
750,0.75,1.19,"item3",3,0
750,0.75,1.19,"item4",1,0
750,0.75,1.19,"item5",1,0
750,0.75,1.19,"item6",1,0
750,0.75,1.19,"item7",2,0
750,0.75,1.19,"item8",1,0
750,0.75,1.19,"item9",2,0
750,0.75,1.19,"item10",2,0
750,0.75,1.19,"item11",2,0
750,0.75,1.19,"item12",2,0
750,0.75,1.19,"item13",2,0
750,0.75,1.19,"item14",1,0
750,0.75,1.19,"item15",1,0
750,0.75,1.19,"item16",2,0
750,0.75,1.19,"item17",1,0
750,0.75,1.19,"item18",2,0
751,0.78,0.84,"item1",3,0
751,0.78,0.84,"item2",3,0
751,0.78,0.84,"item3",3,0
751,0.78,0.84,"item4",2,0
751,0.78,0.84,"item5",2,0
751,0.78,0.84,"item6",2,0
751,0.78,0.84,"item7",2,0
751,0.78,0.84,"item8",3,0
751,0.78,0.84,"item9",3,0
751,0.78,0.84,"item10",3,0
751,0.78,0.84,"item11",3,0
751,0.78,0.84,"item12",2,0
751,0.78,0.84,"item13",2,0
751,0.78,0.84,"item14",2,0
751,0.78,0.84,"item15",2,0
751,0.78,0.84,"item16",2,0
751,0.78,0.84,"item17",2,0
751,0.78,0.84,"item18",3,0
752,0.7,1.14,"item1",2,0
752,0.7,1.14,"item2",2,0
752,0.7,1.14,"item3",2,0
752,0.7,1.14,"item4",3,0
752,0.7,1.14,"item5",3,0
752,0.7,1.14,"item6",3,0
752,0.7,1.14,"item7",3,0
752,0.7,1.14,"item8",3,0
752,0.7,1.14,"item9",3,0
752,0.7,1.14,"item10",3,0
752,0.7,1.14,"item11",3,0
752,0.7,1.14,"item12",3,0
752,0.7,1.14,"item13",3,0
752,0.7,1.14,"item14",1,0
752,0.7,1.14,"item15",1,0
752,0.7,1.14,"item16",2,0
752,0.7,1.14,"item17",1,0
752,0.7,1.14,"item18",1,0
754,1.15,0.63,"item1",3,0
754,1.15,0.63,"item2",2,0
754,1.15,0.63,"item3",2,0
754,1.15,0.63,"item4",1,0
754,1.15,0.63,"item5",1,0
754,1.15,0.63,"item6",1,0
754,1.15,0.63,"item7",1,0
754,1.15,0.63,"item8",1,0
754,1.15,0.63,"item9",1,0
754,1.15,0.63,"item10",1,0
754,1.15,0.63,"item11",1,0
754,1.15,0.63,"item12",1,0
754,1.15,0.63,"item13",1,0
754,1.15,0.63,"item14",1,0
754,1.15,0.63,"item15",1,0
754,1.15,0.63,"item16",1,0
754,1.15,0.63,"item17",1,0
754,1.15,0.63,"item18",1,0
756,0.6,2.66,"item1",2,0
756,0.6,2.66,"item2",3,0
756,0.6,2.66,"item3",3,0
756,0.6,2.66,"item4",2,0
756,0.6,2.66,"item5",2,0
756,0.6,2.66,"item6",3,0
756,0.6,2.66,"item7",3,0
756,0.6,2.66,"item8",2,0
756,0.6,2.66,"item9",2,0
756,0.6,2.66,"item10",2,0
756,0.6,2.66,"item11",2,0
756,0.6,2.66,"item12",2,0
756,0.6,2.66,"item13",1,0
756,0.6,2.66,"item14",2,0
756,0.6,2.66,"item15",1,0
756,0.6,2.66,"item16",1,0
756,0.6,2.66,"item17",1,0
756,0.6,2.66,"item18",1,0
758,0.48,1.68,"item1",2,0
758,0.48,1.68,"item2",2,0
758,0.48,1.68,"item3",2,0
758,0.48,1.68,"item4",2,0
758,0.48,1.68,"item5",2,0
758,0.48,1.68,"item6",2,0
758,0.48,1.68,"item7",3,0
758,0.48,1.68,"item8",2,0
758,0.48,1.68,"item9",2,0
758,0.48,1.68,"item10",2,0
758,0.48,1.68,"item11",2,0
758,0.48,1.68,"item12",1,0
758,0.48,1.68,"item13",2,0
758,0.48,1.68,"item14",1,0
758,0.48,1.68,"item15",2,0
758,0.48,1.68,"item16",2,0
758,0.48,1.68,"item17",1,0
758,0.48,1.68,"item18",1,0
762,0.71,0.92,"item1",2,0
762,0.71,0.92,"item2",1,0
762,0.71,0.92,"item3",2,0
762,0.71,0.92,"item4",4,1
762,0.71,0.92,"item5",4,1
762,0.71,0.92,"item6",4,1
762,0.71,0.92,"item7",3,0
762,0.71,0.92,"item8",3,0
762,0.71,0.92,"item9",3,0
762,0.71,0.92,"item10",2,0
762,0.71,0.92,"item11",3,0
762,0.71,0.92,"item12",2,0
762,0.71,0.92,"item13",3,0
762,0.71,0.92,"item14",3,0
762,0.71,0.92,"item15",2,0
762,0.71,0.92,"item16",3,0
762,0.71,0.92,"item17",1,0
762,0.71,0.92,"item18",2,0
763,0.42,2.25,"item1",3,0
763,0.42,2.25,"item2",3,0
763,0.42,2.25,"item3",3,0
763,0.42,2.25,"item4",2,0
763,0.42,2.25,"item5",2,0
763,0.42,2.25,"item6",2,0
763,0.42,2.25,"item7",1,0
763,0.42,2.25,"item8",1,0
763,0.42,2.25,"item9",1,0
763,0.42,2.25,"item10",2,0
763,0.42,2.25,"item11",2,0
763,0.42,2.25,"item12",1,0
763,0.42,2.25,"item13",1,0
763,0.42,2.25,"item14",1,0
763,0.42,2.25,"item15",1,0
763,0.42,2.25,"item16",1,0
763,0.42,2.25,"item17",1,0
763,0.42,2.25,"item18",1,0
765,0.82,3.2,"item1",3,0
765,0.82,3.2,"item2",3,0
765,0.82,3.2,"item3",3,0
765,0.82,3.2,"item4",1,0
765,0.82,3.2,"item5",1,0
765,0.82,3.2,"item6",1,0
765,0.82,3.2,"item7",3,0
765,0.82,3.2,"item8",2,0
765,0.82,3.2,"item9",2,0
765,0.82,3.2,"item10",2,0
765,0.82,3.2,"item11",1,0
765,0.82,3.2,"item12",1,0
765,0.82,3.2,"item13",1,0
765,0.82,3.2,"item14",2,0
765,0.82,3.2,"item15",2,0
765,0.82,3.2,"item16",2,0
765,0.82,3.2,"item17",2,0
765,0.82,3.2,"item18",1,0
767,0.41,0.99,"item1",4,1
767,0.41,0.99,"item2",4,1
767,0.41,0.99,"item3",4,1
767,0.41,0.99,"item4",4,1
767,0.41,0.99,"item5",4,1
767,0.41,0.99,"item6",4,1
767,0.41,0.99,"item7",4,1
767,0.41,0.99,"item8",1,0
767,0.41,0.99,"item9",4,1
767,0.41,0.99,"item10",4,1
767,0.41,0.99,"item11",4,1
767,0.41,0.99,"item12",4,1
767,0.41,0.99,"item13",2,0
767,0.41,0.99,"item14",2,0
767,0.41,0.99,"item15",1,0
767,0.41,0.99,"item16",2,0
767,0.41,0.99,"item17",2,0
767,0.41,0.99,"item18",2,0
768,0.76,1.17,"item1",2,0
768,0.76,1.17,"item2",3,0
768,0.76,1.17,"item3",2,0
768,0.76,1.17,"item4",2,0
768,0.76,1.17,"item5",2,0
768,0.76,1.17,"item6",2,0
768,0.76,1.17,"item7",2,0
768,0.76,1.17,"item8",1,0
768,0.76,1.17,"item9",1,0
768,0.76,1.17,"item10",2,0
768,0.76,1.17,"item11",1,0
768,0.76,1.17,"item12",1,0
768,0.76,1.17,"item13",1,0
768,0.76,1.17,"item14",1,0
768,0.76,1.17,"item15",1,0
768,0.76,1.17,"item16",1,0
768,0.76,1.17,"item17",1,0
768,0.76,1.17,"item18",1,0
771,0.63,2.31,"item1",2,0
771,0.63,2.31,"item2",1,0
771,0.63,2.31,"item3",4,1
771,0.63,2.31,"item4",2,0
771,0.63,2.31,"item5",2,0
771,0.63,2.31,"item6",2,0
771,0.63,2.31,"item7",2,0
771,0.63,2.31,"item8",2,0
771,0.63,2.31,"item9",2,0
771,0.63,2.31,"item10",2,0
771,0.63,2.31,"item11",1,0
771,0.63,2.31,"item12",1,0
771,0.63,2.31,"item13",1,0
771,0.63,2.31,"item14",2,0
771,0.63,2.31,"item15",1,0
771,0.63,2.31,"item16",1,0
771,0.63,2.31,"item17",1,0
771,0.63,2.31,"item18",1,0
775,0.77,8.14,"item1",3,0
775,0.77,8.14,"item2",3,0
775,0.77,8.14,"item3",3,0
775,0.77,8.14,"item4",2,0
775,0.77,8.14,"item5",2,0
775,0.77,8.14,"item6",1,0
775,0.77,8.14,"item7",2,0
775,0.77,8.14,"item8",1,0
775,0.77,8.14,"item9",1,0
775,0.77,8.14,"item10",1,0
775,0.77,8.14,"item11",1,0
775,0.77,8.14,"item12",1,0
775,0.77,8.14,"item13",1,0
775,0.77,8.14,"item14",1,0
775,0.77,8.14,"item15",1,0
775,0.77,8.14,"item16",1,0
775,0.77,8.14,"item17",1,0
775,0.77,8.14,"item18",1,0
777,0.5,2.78,"item1",2,0
777,0.5,2.78,"item2",1,0
777,0.5,2.78,"item3",1,0
777,0.5,2.78,"item4",3,0
777,0.5,2.78,"item5",3,0
777,0.5,2.78,"item6",3,0
777,0.5,2.78,"item7",2,0
777,0.5,2.78,"item8",2,0
777,0.5,2.78,"item9",2,0
777,0.5,2.78,"item10",2,0
777,0.5,2.78,"item11",3,0
777,0.5,2.78,"item12",2,0
777,0.5,2.78,"item13",2,0
777,0.5,2.78,"item14",2,0
777,0.5,2.78,"item15",1,0
777,0.5,2.78,"item16",2,0
777,0.5,2.78,"item17",1,0
777,0.5,2.78,"item18",3,0
783,0.65,2.54,"item1",2,0
783,0.65,2.54,"item2",2,0
783,0.65,2.54,"item3",2,0
783,0.65,2.54,"item4",2,0
783,0.65,2.54,"item5",2,0
783,0.65,2.54,"item6",2,0
783,0.65,2.54,"item7",3,0
783,0.65,2.54,"item8",3,0
783,0.65,2.54,"item9",3,0
783,0.65,2.54,"item10",2,0
783,0.65,2.54,"item11",2,0
783,0.65,2.54,"item12",2,0
783,0.65,2.54,"item13",2,0
783,0.65,2.54,"item14",2,0
783,0.65,2.54,"item15",2,0
783,0.65,2.54,"item16",2,0
783,0.65,2.54,"item17",1,0
783,0.65,2.54,"item18",1,0
789,0.6,2.49,"item1",2,0
789,0.6,2.49,"item2",2,0
789,0.6,2.49,"item3",1,0
789,0.6,2.49,"item4",1,0
789,0.6,2.49,"item5",1,0
789,0.6,2.49,"item6",1,0
789,0.6,2.49,"item7",2,0
789,0.6,2.49,"item8",1,0
789,0.6,2.49,"item9",1,0
789,0.6,2.49,"item10",1,0
789,0.6,2.49,"item11",1,0
789,0.6,2.49,"item12",1,0
789,0.6,2.49,"item13",1,0
789,0.6,2.49,"item14",1,0
789,0.6,2.49,"item15",1,0
789,0.6,2.49,"item16",1,0
789,0.6,2.49,"item17",1,0
789,0.6,2.49,"item18",1,0
792,0.79,1.11,"item1",1,0
792,0.79,1.11,"item2",1,0
792,0.79,1.11,"item3",1,0
792,0.79,1.11,"item4",1,0
792,0.79,1.11,"item5",1,0
792,0.79,1.11,"item6",1,0
792,0.79,1.11,"item7",2,0
792,0.79,1.11,"item8",2,0
792,0.79,1.11,"item9",1,0
792,0.79,1.11,"item10",1,0
792,0.79,1.11,"item11",1,0
792,0.79,1.11,"item12",1,0
792,0.79,1.11,"item13",1,0
792,0.79,1.11,"item14",1,0
792,0.79,1.11,"item15",1,0
792,0.79,1.11,"item16",1,0
792,0.79,1.11,"item17",1,0
792,0.79,1.11,"item18",1,0
793,1.06,3.67,"item1",4,1
793,1.06,3.67,"item2",4,1
793,1.06,3.67,"item3",4,1
793,1.06,3.67,"item4",1,0
793,1.06,3.67,"item5",2,0
793,1.06,3.67,"item6",1,0
793,1.06,3.67,"item7",1,0
793,1.06,3.67,"item8",1,0
793,1.06,3.67,"item9",1,0
793,1.06,3.67,"item10",1,0
793,1.06,3.67,"item11",1,0
793,1.06,3.67,"item12",1,0
793,1.06,3.67,"item13",1,0
793,1.06,3.67,"item14",1,0
793,1.06,3.67,"item15",1,0
793,1.06,3.67,"item16",1,0
793,1.06,3.67,"item17",1,0
793,1.06,3.67,"item18",1,0
795,1.25,17.35,"item1",2,0
795,1.25,17.35,"item2",2,0
795,1.25,17.35,"item3",2,0
795,1.25,17.35,"item4",2,0
795,1.25,17.35,"item5",2,0
795,1.25,17.35,"item6",2,0
795,1.25,17.35,"item7",2,0
795,1.25,17.35,"item8",2,0
795,1.25,17.35,"item9",1,0
795,1.25,17.35,"item10",2,0
795,1.25,17.35,"item11",2,0
795,1.25,17.35,"item12",1,0
795,1.25,17.35,"item13",1,0
795,1.25,17.35,"item14",2,0
795,1.25,17.35,"item15",1,0
795,1.25,17.35,"item16",2,0
795,1.25,17.35,"item17",1,0
795,1.25,17.35,"item18",2,0
797,0.56,4.38,"item1",1,0
797,0.56,4.38,"item2",1,0
797,0.56,4.38,"item3",1,0
797,0.56,4.38,"item4",2,0
797,0.56,4.38,"item5",2,0
797,0.56,4.38,"item6",2,0
797,0.56,4.38,"item7",2,0
797,0.56,4.38,"item8",2,0
797,0.56,4.38,"item9",2,0
797,0.56,4.38,"item10",3,0
797,0.56,4.38,"item11",3,0
797,0.56,4.38,"item12",2,0
797,0.56,4.38,"item13",2,0
797,0.56,4.38,"item14",3,0
797,0.56,4.38,"item15",2,0
797,0.56,4.38,"item16",2,0
797,0.56,4.38,"item17",1,0
797,0.56,4.38,"item18",1,0
798,0.33,0.96,"item1",2,0
798,0.33,0.96,"item2",2,0
798,0.33,0.96,"item3",2,0
798,0.33,0.96,"item4",1,0
798,0.33,0.96,"item5",1,0
798,0.33,0.96,"item6",1,0
798,0.33,0.96,"item7",1,0
798,0.33,0.96,"item8",1,0
798,0.33,0.96,"item9",1,0
798,0.33,0.96,"item10",1,0
798,0.33,0.96,"item11",1,0
798,0.33,0.96,"item12",1,0
798,0.33,0.96,"item13",1,0
798,0.33,0.96,"item14",1,0
798,0.33,0.96,"item15",1,0
798,0.33,0.96,"item16",1,0
798,0.33,0.96,"item17",1,0
798,0.33,0.96,"item18",1,0
799,0.94,1.73,"item1",2,0
799,0.94,1.73,"item2",4,1
799,0.94,1.73,"item3",3,0
799,0.94,1.73,"item4",2,0
799,0.94,1.73,"item5",2,0
799,0.94,1.73,"item6",3,0
799,0.94,1.73,"item7",2,0
799,0.94,1.73,"item8",1,0
799,0.94,1.73,"item9",1,0
799,0.94,1.73,"item10",2,0
799,0.94,1.73,"item11",1,0
799,0.94,1.73,"item12",2,0
799,0.94,1.73,"item13",1,0
799,0.94,1.73,"item14",2,0
799,0.94,1.73,"item15",2,0
799,0.94,1.73,"item16",2,0
799,0.94,1.73,"item17",1,0
799,0.94,1.73,"item18",1,0
800,1.2,0.88,"item1",1,0
800,1.2,0.88,"item2",2,0
800,1.2,0.88,"item3",1,0
800,1.2,0.88,"item4",1,0
800,1.2,0.88,"item5",1,0
800,1.2,0.88,"item6",1,0
800,1.2,0.88,"item7",2,0
800,1.2,0.88,"item8",2,0
800,1.2,0.88,"item9",1,0
800,1.2,0.88,"item10",1,0
800,1.2,0.88,"item11",1,0
800,1.2,0.88,"item12",1,0
800,1.2,0.88,"item13",1,0
800,1.2,0.88,"item14",2,0
800,1.2,0.88,"item15",1,0
800,1.2,0.88,"item16",2,0
800,1.2,0.88,"item17",1,0
800,1.2,0.88,"item18",1,0
801,0.83,2.53,"item1",2,0
801,0.83,2.53,"item2",3,0
801,0.83,2.53,"item3",3,0
801,0.83,2.53,"item4",1,0
801,0.83,2.53,"item5",1,0
801,0.83,2.53,"item6",1,0
801,0.83,2.53,"item7",2,0
801,0.83,2.53,"item8",1,0
801,0.83,2.53,"item9",1,0
801,0.83,2.53,"item10",1,0
801,0.83,2.53,"item11",1,0
801,0.83,2.53,"item12",1,0
801,0.83,2.53,"item13",1,0
801,0.83,2.53,"item14",1,0
801,0.83,2.53,"item15",1,0
801,0.83,2.53,"item16",1,0
801,0.83,2.53,"item17",1,0
801,0.83,2.53,"item18",1,0
802,0.92,2.34,"item1",2,0
802,0.92,2.34,"item2",2,0
802,0.92,2.34,"item3",3,0
802,0.92,2.34,"item4",3,0
802,0.92,2.34,"item5",3,0
802,0.92,2.34,"item6",3,0
802,0.92,2.34,"item7",3,0
802,0.92,2.34,"item8",3,0
802,0.92,2.34,"item9",3,0
802,0.92,2.34,"item10",3,0
802,0.92,2.34,"item11",3,0
802,0.92,2.34,"item12",3,0
802,0.92,2.34,"item13",3,0
802,0.92,2.34,"item14",2,0
802,0.92,2.34,"item15",2,0
802,0.92,2.34,"item16",2,0
802,0.92,2.34,"item17",2,0
802,0.92,2.34,"item18",1,0
804,0.96,3.29,"item1",3,0
804,0.96,3.29,"item2",3,0
804,0.96,3.29,"item3",3,0
804,0.96,3.29,"item4",2,0
804,0.96,3.29,"item5",2,0
804,0.96,3.29,"item6",2,0
804,0.96,3.29,"item7",2,0
804,0.96,3.29,"item8",1,0
804,0.96,3.29,"item9",1,0
804,0.96,3.29,"item10",1,0
804,0.96,3.29,"item11",1,0
804,0.96,3.29,"item12",1,0
804,0.96,3.29,"item13",1,0
804,0.96,3.29,"item14",2,0
804,0.96,3.29,"item15",2,0
804,0.96,3.29,"item16",1,0
804,0.96,3.29,"item17",1,0
804,0.96,3.29,"item18",1,0
806,0.41,0.48,"item1",2,0
806,0.41,0.48,"item2",2,0
806,0.41,0.48,"item3",2,0
806,0.41,0.48,"item4",2,0
806,0.41,0.48,"item5",2,0
806,0.41,0.48,"item6",2,0
806,0.41,0.48,"item7",2,0
806,0.41,0.48,"item8",2,0
806,0.41,0.48,"item9",2,0
806,0.41,0.48,"item10",3,0
806,0.41,0.48,"item11",2,0
806,0.41,0.48,"item12",2,0
806,0.41,0.48,"item13",2,0
806,0.41,0.48,"item14",2,0
806,0.41,0.48,"item15",2,0
806,0.41,0.48,"item16",2,0
806,0.41,0.48,"item17",2,0
806,0.41,0.48,"item18",2,0
810,1.16,1.39,"item1",2,0
810,1.16,1.39,"item2",3,0
810,1.16,1.39,"item3",2,0
810,1.16,1.39,"item4",2,0
810,1.16,1.39,"item5",2,0
810,1.16,1.39,"item6",2,0
810,1.16,1.39,"item7",3,0
810,1.16,1.39,"item8",3,0
810,1.16,1.39,"item9",2,0
810,1.16,1.39,"item10",2,0
810,1.16,1.39,"item11",2,0
810,1.16,1.39,"item12",2,0
810,1.16,1.39,"item13",2,0
810,1.16,1.39,"item14",2,0
810,1.16,1.39,"item15",2,0
810,1.16,1.39,"item16",2,0
810,1.16,1.39,"item17",2,0
810,1.16,1.39,"item18",2,0
811,0.67,0.41,"item1",3,0
811,0.67,0.41,"item2",4,1
811,0.67,0.41,"item3",3,0
811,0.67,0.41,"item4",1,0
811,0.67,0.41,"item5",1,0
811,0.67,0.41,"item6",1,0
811,0.67,0.41,"item7",1,0
811,0.67,0.41,"item8",1,0
811,0.67,0.41,"item9",1,0
811,0.67,0.41,"item10",1,0
811,0.67,0.41,"item11",1,0
811,0.67,0.41,"item12",1,0
811,0.67,0.41,"item13",1,0
811,0.67,0.41,"item14",1,0
811,0.67,0.41,"item15",1,0
811,0.67,0.41,"item16",1,0
811,0.67,0.41,"item17",1,0
811,0.67,0.41,"item18",1,0
812,1.4,2.11,"item1",3,0
812,1.4,2.11,"item2",3,0
812,1.4,2.11,"item3",3,0
812,1.4,2.11,"item4",3,0
812,1.4,2.11,"item5",3,0
812,1.4,2.11,"item6",2,0
812,1.4,2.11,"item7",4,1
812,1.4,2.11,"item8",3,0
812,1.4,2.11,"item9",2,0
812,1.4,2.11,"item10",3,0
812,1.4,2.11,"item11",3,0
812,1.4,2.11,"item12",3,0
812,1.4,2.11,"item13",4,1
812,1.4,2.11,"item14",3,0
812,1.4,2.11,"item15",2,0
812,1.4,2.11,"item16",3,0
812,1.4,2.11,"item17",2,0
812,1.4,2.11,"item18",3,0
813,2.47,3.28,"item1",2,0
813,2.47,3.28,"item2",2,0
813,2.47,3.28,"item3",3,0
813,2.47,3.28,"item4",3,0
813,2.47,3.28,"item5",3,0
813,2.47,3.28,"item6",3,0
813,2.47,3.28,"item7",2,0
813,2.47,3.28,"item8",3,0
813,2.47,3.28,"item9",2,0
813,2.47,3.28,"item10",3,0
813,2.47,3.28,"item11",3,0
813,2.47,3.28,"item12",3,0
813,2.47,3.28,"item13",3,0
813,2.47,3.28,"item14",2,0
813,2.47,3.28,"item15",2,0
813,2.47,3.28,"item16",3,0
813,2.47,3.28,"item17",1,0
813,2.47,3.28,"item18",1,0
816,0.67,3.72,"item1",1,0
816,0.67,3.72,"item2",1,0
816,0.67,3.72,"item3",1,0
816,0.67,3.72,"item4",4,1
816,0.67,3.72,"item5",4,1
816,0.67,3.72,"item6",4,1
816,0.67,3.72,"item7",3,0
816,0.67,3.72,"item8",2,0
816,0.67,3.72,"item9",3,0
816,0.67,3.72,"item10",2,0
816,0.67,3.72,"item11",3,0
816,0.67,3.72,"item12",1,0
816,0.67,3.72,"item13",2,0
816,0.67,3.72,"item14",1,0
816,0.67,3.72,"item15",1,0
816,0.67,3.72,"item16",2,0
816,0.67,3.72,"item17",1,0
816,0.67,3.72,"item18",4,1
817,0.73,0.4,"item1",1,0
817,0.73,0.4,"item2",4,1
817,0.73,0.4,"item3",3,0
817,0.73,0.4,"item4",2,0
817,0.73,0.4,"item5",2,0
817,0.73,0.4,"item6",1,0
817,0.73,0.4,"item7",2,0
817,0.73,0.4,"item8",1,0
817,0.73,0.4,"item9",1,0
817,0.73,0.4,"item10",2,0
817,0.73,0.4,"item11",2,0
817,0.73,0.4,"item12",1,0
817,0.73,0.4,"item13",1,0
817,0.73,0.4,"item14",3,0
817,0.73,0.4,"item15",2,0
817,0.73,0.4,"item16",1,0
817,0.73,0.4,"item17",1,0
817,0.73,0.4,"item18",1,0
818,0.99,0.5,"item1",1,0
818,0.99,0.5,"item2",1,0
818,0.99,0.5,"item3",1,0
818,0.99,0.5,"item4",3,0
818,0.99,0.5,"item5",3,0
818,0.99,0.5,"item6",3,0
818,0.99,0.5,"item7",3,0
818,0.99,0.5,"item8",2,0
818,0.99,0.5,"item9",2,0
818,0.99,0.5,"item10",2,0
818,0.99,0.5,"item11",2,0
818,0.99,0.5,"item12",2,0
818,0.99,0.5,"item13",2,0
818,0.99,0.5,"item14",3,0
818,0.99,0.5,"item15",2,0
818,0.99,0.5,"item16",2,0
818,0.99,0.5,"item17",1,0
818,0.99,0.5,"item18",2,0
821,1.11,0.87,"item1",1,0
821,1.11,0.87,"item2",1,0
821,1.11,0.87,"item3",1,0
821,1.11,0.87,"item4",4,1
821,1.11,0.87,"item5",4,1
821,1.11,0.87,"item6",4,1
821,1.11,0.87,"item7",4,1
821,1.11,0.87,"item8",4,1
821,1.11,0.87,"item9",4,1
821,1.11,0.87,"item10",4,1
821,1.11,0.87,"item11",4,1
821,1.11,0.87,"item12",4,1
821,1.11,0.87,"item13",4,1
821,1.11,0.87,"item14",4,1
821,1.11,0.87,"item15",2,0
821,1.11,0.87,"item16",4,1
821,1.11,0.87,"item17",2,0
821,1.11,0.87,"item18",4,1
824,0.91,2.01,"item1",2,0
824,0.91,2.01,"item2",4,1
824,0.91,2.01,"item3",4,1
824,0.91,2.01,"item4",2,0
824,0.91,2.01,"item5",2,0
824,0.91,2.01,"item6",2,0
824,0.91,2.01,"item7",2,0
824,0.91,2.01,"item8",1,0
824,0.91,2.01,"item9",1,0
824,0.91,2.01,"item10",1,0
824,0.91,2.01,"item11",1,0
824,0.91,2.01,"item12",1,0
824,0.91,2.01,"item13",1,0
824,0.91,2.01,"item14",1,0
824,0.91,2.01,"item15",1,0
824,0.91,2.01,"item16",2,0
824,0.91,2.01,"item17",1,0
824,0.91,2.01,"item18",1,0
826,1.46,1.95,"item1",3,0
826,1.46,1.95,"item2",3,0
826,1.46,1.95,"item3",3,0
826,1.46,1.95,"item4",3,0
826,1.46,1.95,"item5",2,0
826,1.46,1.95,"item6",1,0
826,1.46,1.95,"item7",1,0
826,1.46,1.95,"item8",1,0
826,1.46,1.95,"item9",2,0
826,1.46,1.95,"item10",2,0
826,1.46,1.95,"item11",1,0
826,1.46,1.95,"item12",1,0
826,1.46,1.95,"item13",1,0
826,1.46,1.95,"item14",1,0
826,1.46,1.95,"item15",1,0
826,1.46,1.95,"item16",1,0
826,1.46,1.95,"item17",1,0
826,1.46,1.95,"item18",1,0
830,0.9,2.54,"item1",3,0
830,0.9,2.54,"item2",3,0
830,0.9,2.54,"item3",3,0
830,0.9,2.54,"item4",1,0
830,0.9,2.54,"item5",1,0
830,0.9,2.54,"item6",1,0
830,0.9,2.54,"item7",2,0
830,0.9,2.54,"item8",1,0
830,0.9,2.54,"item9",1,0
830,0.9,2.54,"item10",1,0
830,0.9,2.54,"item11",1,0
830,0.9,2.54,"item12",1,0
830,0.9,2.54,"item13",1,0
830,0.9,2.54,"item14",1,0
830,0.9,2.54,"item15",1,0
830,0.9,2.54,"item16",1,0
830,0.9,2.54,"item17",1,0
830,0.9,2.54,"item18",1,0
831,0.67,2.92,"item1",2,0
831,0.67,2.92,"item2",2,0
831,0.67,2.92,"item3",2,0
831,0.67,2.92,"item4",1,0
831,0.67,2.92,"item5",1,0
831,0.67,2.92,"item6",1,0
831,0.67,2.92,"item7",2,0
831,0.67,2.92,"item8",1,0
831,0.67,2.92,"item9",1,0
831,0.67,2.92,"item10",1,0
831,0.67,2.92,"item11",1,0
831,0.67,2.92,"item12",1,0
831,0.67,2.92,"item13",1,0
831,0.67,2.92,"item14",1,0
831,0.67,2.92,"item15",1,0
831,0.67,2.92,"item16",1,0
831,0.67,2.92,"item17",1,0
831,0.67,2.92,"item18",1,0
832,0.87,0.4,"item1",2,0
832,0.87,0.4,"item2",1,0
832,0.87,0.4,"item3",2,0
832,0.87,0.4,"item4",3,0
832,0.87,0.4,"item5",2,0
832,0.87,0.4,"item6",2,0
832,0.87,0.4,"item7",2,0
832,0.87,0.4,"item8",1,0
832,0.87,0.4,"item9",2,0
832,0.87,0.4,"item10",1,0
832,0.87,0.4,"item11",1,0
832,0.87,0.4,"item12",1,0
832,0.87,0.4,"item13",1,0
832,0.87,0.4,"item14",3,0
832,0.87,0.4,"item15",1,0
832,0.87,0.4,"item16",1,0
832,0.87,0.4,"item17",1,0
832,0.87,0.4,"item18",1,0
833,0.49,0.55,"item1",2,0
833,0.49,0.55,"item2",2,0
833,0.49,0.55,"item3",2,0
833,0.49,0.55,"item4",2,0
833,0.49,0.55,"item5",2,0
833,0.49,0.55,"item6",3,0
833,0.49,0.55,"item7",3,0
833,0.49,0.55,"item8",2,0
833,0.49,0.55,"item9",1,0
833,0.49,0.55,"item10",2,0
833,0.49,0.55,"item11",2,0
833,0.49,0.55,"item12",1,0
833,0.49,0.55,"item13",1,0
833,0.49,0.55,"item14",1,0
833,0.49,0.55,"item15",1,0
833,0.49,0.55,"item16",1,0
833,0.49,0.55,"item17",1,0
833,0.49,0.55,"item18",1,0
834,0.69,2.57,"item1",1,0
834,0.69,2.57,"item2",1,0
834,0.69,2.57,"item3",1,0
834,0.69,2.57,"item4",1,0
834,0.69,2.57,"item5",1,0
834,0.69,2.57,"item6",2,0
834,0.69,2.57,"item7",1,0
834,0.69,2.57,"item8",1,0
834,0.69,2.57,"item9",1,0
834,0.69,2.57,"item10",1,0
834,0.69,2.57,"item11",1,0
834,0.69,2.57,"item12",1,0
834,0.69,2.57,"item13",1,0
834,0.69,2.57,"item14",1,0
834,0.69,2.57,"item15",1,0
834,0.69,2.57,"item16",1,0
834,0.69,2.57,"item17",1,0
834,0.69,2.57,"item18",1,0
835,1.11,0.31,"item1",1,0
835,1.11,0.31,"item2",1,0
835,1.11,0.31,"item3",NA,NA
835,1.11,0.31,"item4",3,0
835,1.11,0.31,"item5",3,0
835,1.11,0.31,"item6",3,0
835,1.11,0.31,"item7",3,0
835,1.11,0.31,"item8",3,0
835,1.11,0.31,"item9",3,0
835,1.11,0.31,"item10",3,0
835,1.11,0.31,"item11",3,0
835,1.11,0.31,"item12",3,0
835,1.11,0.31,"item13",3,0
835,1.11,0.31,"item14",3,0
835,1.11,0.31,"item15",3,0
835,1.11,0.31,"item16",3,0
835,1.11,0.31,"item17",3,0
835,1.11,0.31,"item18",3,0
836,0.98,1.99,"item1",1,0
836,0.98,1.99,"item2",1,0
836,0.98,1.99,"item3",1,0
836,0.98,1.99,"item4",2,0
836,0.98,1.99,"item5",2,0
836,0.98,1.99,"item6",2,0
836,0.98,1.99,"item7",4,1
836,0.98,1.99,"item8",4,1
836,0.98,1.99,"item9",3,0
836,0.98,1.99,"item10",3,0
836,0.98,1.99,"item11",4,1
836,0.98,1.99,"item12",3,0
836,0.98,1.99,"item13",2,0
836,0.98,1.99,"item14",4,1
836,0.98,1.99,"item15",4,1
836,0.98,1.99,"item16",3,0
836,0.98,1.99,"item17",2,0
836,0.98,1.99,"item18",2,0
837,0.54,1.89,"item1",3,0
837,0.54,1.89,"item2",2,0
837,0.54,1.89,"item3",3,0
837,0.54,1.89,"item4",2,0
837,0.54,1.89,"item5",2,0
837,0.54,1.89,"item6",1,0
837,0.54,1.89,"item7",2,0
837,0.54,1.89,"item8",2,0
837,0.54,1.89,"item9",2,0
837,0.54,1.89,"item10",2,0
837,0.54,1.89,"item11",2,0
837,0.54,1.89,"item12",1,0
837,0.54,1.89,"item13",1,0
837,0.54,1.89,"item14",2,0
837,0.54,1.89,"item15",2,0
837,0.54,1.89,"item16",2,0
837,0.54,1.89,"item17",2,0
837,0.54,1.89,"item18",1,0
838,0.65,0.15,"item1",3,0
838,0.65,0.15,"item2",3,0
838,0.65,0.15,"item3",3,0
838,0.65,0.15,"item4",2,0
838,0.65,0.15,"item5",2,0
838,0.65,0.15,"item6",2,0
838,0.65,0.15,"item7",1,0
838,0.65,0.15,"item8",1,0
838,0.65,0.15,"item9",2,0
838,0.65,0.15,"item10",2,0
838,0.65,0.15,"item11",1,0
838,0.65,0.15,"item12",1,0
838,0.65,0.15,"item13",1,0
838,0.65,0.15,"item14",1,0
838,0.65,0.15,"item15",1,0
838,0.65,0.15,"item16",2,0
838,0.65,0.15,"item17",1,0
838,0.65,0.15,"item18",1,0
839,0.97,2.11,"item1",3,0
839,0.97,2.11,"item2",2,0
839,0.97,2.11,"item3",2,0
839,0.97,2.11,"item4",1,0
839,0.97,2.11,"item5",1,0
839,0.97,2.11,"item6",1,0
839,0.97,2.11,"item7",3,0
839,0.97,2.11,"item8",3,0
839,0.97,2.11,"item9",1,0
839,0.97,2.11,"item10",2,0
839,0.97,2.11,"item11",1,0
839,0.97,2.11,"item12",1,0
839,0.97,2.11,"item13",1,0
839,0.97,2.11,"item14",1,0
839,0.97,2.11,"item15",1,0
839,0.97,2.11,"item16",1,0
839,0.97,2.11,"item17",1,0
839,0.97,2.11,"item18",1,0
840,0.9,9.14,"item1",1,0
840,0.9,9.14,"item2",2,0
840,0.9,9.14,"item3",2,0
840,0.9,9.14,"item4",2,0
840,0.9,9.14,"item5",2,0
840,0.9,9.14,"item6",3,0
840,0.9,9.14,"item7",3,0
840,0.9,9.14,"item8",3,0
840,0.9,9.14,"item9",2,0
840,0.9,9.14,"item10",3,0
840,0.9,9.14,"item11",3,0
840,0.9,9.14,"item12",2,0
840,0.9,9.14,"item13",2,0
840,0.9,9.14,"item14",2,0
840,0.9,9.14,"item15",2,0
840,0.9,9.14,"item16",2,0
840,0.9,9.14,"item17",2,0
840,0.9,9.14,"item18",2,0
841,0.61,0.61,"item1",1,0
841,0.61,0.61,"item2",2,0
841,0.61,0.61,"item3",2,0
841,0.61,0.61,"item4",2,0
841,0.61,0.61,"item5",2,0
841,0.61,0.61,"item6",2,0
841,0.61,0.61,"item7",2,0
841,0.61,0.61,"item8",2,0
841,0.61,0.61,"item9",2,0
841,0.61,0.61,"item10",2,0
841,0.61,0.61,"item11",2,0
841,0.61,0.61,"item12",2,0
841,0.61,0.61,"item13",2,0
841,0.61,0.61,"item14",2,0
841,0.61,0.61,"item15",2,0
841,0.61,0.61,"item16",2,0
841,0.61,0.61,"item17",2,0
841,0.61,0.61,"item18",2,0
844,0.79,0.64,"item1",3,0
844,0.79,0.64,"item2",3,0
844,0.79,0.64,"item3",3,0
844,0.79,0.64,"item4",2,0
844,0.79,0.64,"item5",2,0
844,0.79,0.64,"item6",2,0
844,0.79,0.64,"item7",3,0
844,0.79,0.64,"item8",2,0
844,0.79,0.64,"item9",1,0
844,0.79,0.64,"item10",3,0
844,0.79,0.64,"item11",2,0
844,0.79,0.64,"item12",1,0
844,0.79,0.64,"item13",2,0
844,0.79,0.64,"item14",2,0
844,0.79,0.64,"item15",1,0
844,0.79,0.64,"item16",2,0
844,0.79,0.64,"item17",1,0
844,0.79,0.64,"item18",1,0
845,1,2.43,"item1",3,0
845,1,2.43,"item2",3,0
845,1,2.43,"item3",3,0
845,1,2.43,"item4",2,0
845,1,2.43,"item5",2,0
845,1,2.43,"item6",2,0
845,1,2.43,"item7",2,0
845,1,2.43,"item8",2,0
845,1,2.43,"item9",2,0
845,1,2.43,"item10",2,0
845,1,2.43,"item11",2,0
845,1,2.43,"item12",1,0
845,1,2.43,"item13",2,0
845,1,2.43,"item14",1,0
845,1,2.43,"item15",1,0
845,1,2.43,"item16",1,0
845,1,2.43,"item17",1,0
845,1,2.43,"item18",1,0
846,0.92,5.89,"item1",2,0
846,0.92,5.89,"item2",2,0
846,0.92,5.89,"item3",2,0
846,0.92,5.89,"item4",1,0
846,0.92,5.89,"item5",2,0
846,0.92,5.89,"item6",1,0
846,0.92,5.89,"item7",3,0
846,0.92,5.89,"item8",2,0
846,0.92,5.89,"item9",1,0
846,0.92,5.89,"item10",1,0
846,0.92,5.89,"item11",1,0
846,0.92,5.89,"item12",1,0
846,0.92,5.89,"item13",1,0
846,0.92,5.89,"item14",1,0
846,0.92,5.89,"item15",1,0
846,0.92,5.89,"item16",2,0
846,0.92,5.89,"item17",1,0
846,0.92,5.89,"item18",1,0
847,1.2,2.47,"item1",3,0
847,1.2,2.47,"item2",3,0
847,1.2,2.47,"item3",3,0
847,1.2,2.47,"item4",1,0
847,1.2,2.47,"item5",1,0
847,1.2,2.47,"item6",1,0
847,1.2,2.47,"item7",2,0
847,1.2,2.47,"item8",1,0
847,1.2,2.47,"item9",2,0
847,1.2,2.47,"item10",1,0
847,1.2,2.47,"item11",2,0
847,1.2,2.47,"item12",1,0
847,1.2,2.47,"item13",1,0
847,1.2,2.47,"item14",1,0
847,1.2,2.47,"item15",2,0
847,1.2,2.47,"item16",1,0
847,1.2,2.47,"item17",1,0
847,1.2,2.47,"item18",1,0
848,2.21,2.27,"item1",1,0
848,2.21,2.27,"item2",1,0
848,2.21,2.27,"item3",1,0
848,2.21,2.27,"item4",2,0
848,2.21,2.27,"item5",2,0
848,2.21,2.27,"item6",2,0
848,2.21,2.27,"item7",2,0
848,2.21,2.27,"item8",2,0
848,2.21,2.27,"item9",2,0
848,2.21,2.27,"item10",1,0
848,2.21,2.27,"item11",2,0
848,2.21,2.27,"item12",1,0
848,2.21,2.27,"item13",1,0
848,2.21,2.27,"item14",1,0
848,2.21,2.27,"item15",1,0
848,2.21,2.27,"item16",2,0
848,2.21,2.27,"item17",1,0
848,2.21,2.27,"item18",2,0
853,0.48,0.91,"item1",2,0
853,0.48,0.91,"item2",3,0
853,0.48,0.91,"item3",3,0
853,0.48,0.91,"item4",1,0
853,0.48,0.91,"item5",1,0
853,0.48,0.91,"item6",1,0
853,0.48,0.91,"item7",1,0
853,0.48,0.91,"item8",1,0
853,0.48,0.91,"item9",1,0
853,0.48,0.91,"item10",1,0
853,0.48,0.91,"item11",1,0
853,0.48,0.91,"item12",1,0
853,0.48,0.91,"item13",1,0
853,0.48,0.91,"item14",1,0
853,0.48,0.91,"item15",1,0
853,0.48,0.91,"item16",1,0
853,0.48,0.91,"item17",1,0
853,0.48,0.91,"item18",1,0
854,0.84,1.71,"item1",2,0
854,0.84,1.71,"item2",2,0
854,0.84,1.71,"item3",2,0
854,0.84,1.71,"item4",1,0
854,0.84,1.71,"item5",1,0
854,0.84,1.71,"item6",1,0
854,0.84,1.71,"item7",3,0
854,0.84,1.71,"item8",2,0
854,0.84,1.71,"item9",1,0
854,0.84,1.71,"item10",2,0
854,0.84,1.71,"item11",2,0
854,0.84,1.71,"item12",1,0
854,0.84,1.71,"item13",1,0
854,0.84,1.71,"item14",2,0
854,0.84,1.71,"item15",2,0
854,0.84,1.71,"item16",1,0
854,0.84,1.71,"item17",1,0
854,0.84,1.71,"item18",1,0
855,0.91,0.72,"item1",1,0
855,0.91,0.72,"item2",1,0
855,0.91,0.72,"item3",1,0
855,0.91,0.72,"item4",3,0
855,0.91,0.72,"item5",3,0
855,0.91,0.72,"item6",1,0
855,0.91,0.72,"item7",3,0
855,0.91,0.72,"item8",4,1
855,0.91,0.72,"item9",3,0
855,0.91,0.72,"item10",4,1
855,0.91,0.72,"item11",2,0
855,0.91,0.72,"item12",2,0
855,0.91,0.72,"item13",2,0
855,0.91,0.72,"item14",4,1
855,0.91,0.72,"item15",2,0
855,0.91,0.72,"item16",2,0
855,0.91,0.72,"item17",1,0
855,0.91,0.72,"item18",1,0
860,0.7,4.2,"item1",2,0
860,0.7,4.2,"item2",2,0
860,0.7,4.2,"item3",2,0
860,0.7,4.2,"item4",2,0
860,0.7,4.2,"item5",2,0
860,0.7,4.2,"item6",2,0
860,0.7,4.2,"item7",2,0
860,0.7,4.2,"item8",1,0
860,0.7,4.2,"item9",2,0
860,0.7,4.2,"item10",1,0
860,0.7,4.2,"item11",1,0
860,0.7,4.2,"item12",1,0
860,0.7,4.2,"item13",1,0
860,0.7,4.2,"item14",1,0
860,0.7,4.2,"item15",1,0
860,0.7,4.2,"item16",1,0
860,0.7,4.2,"item17",1,0
860,0.7,4.2,"item18",1,0
862,0.85,3.55,"item1",4,1
862,0.85,3.55,"item2",4,1
862,0.85,3.55,"item3",4,1
862,0.85,3.55,"item4",1,0
862,0.85,3.55,"item5",1,0
862,0.85,3.55,"item6",1,0
862,0.85,3.55,"item7",1,0
862,0.85,3.55,"item8",1,0
862,0.85,3.55,"item9",1,0
862,0.85,3.55,"item10",1,0
862,0.85,3.55,"item11",1,0
862,0.85,3.55,"item12",1,0
862,0.85,3.55,"item13",1,0
862,0.85,3.55,"item14",1,0
862,0.85,3.55,"item15",1,0
862,0.85,3.55,"item16",1,0
862,0.85,3.55,"item17",1,0
862,0.85,3.55,"item18",1,0
863,0.55,0.38,"item1",2,0
863,0.55,0.38,"item2",2,0
863,0.55,0.38,"item3",2,0
863,0.55,0.38,"item4",2,0
863,0.55,0.38,"item5",2,0
863,0.55,0.38,"item6",2,0
863,0.55,0.38,"item7",1,0
863,0.55,0.38,"item8",1,0
863,0.55,0.38,"item9",1,0
863,0.55,0.38,"item10",2,0
863,0.55,0.38,"item11",2,0
863,0.55,0.38,"item12",1,0
863,0.55,0.38,"item13",1,0
863,0.55,0.38,"item14",1,0
863,0.55,0.38,"item15",1,0
863,0.55,0.38,"item16",1,0
863,0.55,0.38,"item17",1,0
863,0.55,0.38,"item18",1,0
864,0.61,2.48,"item1",2,0
864,0.61,2.48,"item2",2,0
864,0.61,2.48,"item3",3,0
864,0.61,2.48,"item4",1,0
864,0.61,2.48,"item5",2,0
864,0.61,2.48,"item6",1,0
864,0.61,2.48,"item7",1,0
864,0.61,2.48,"item8",1,0
864,0.61,2.48,"item9",1,0
864,0.61,2.48,"item10",1,0
864,0.61,2.48,"item11",1,0
864,0.61,2.48,"item12",1,0
864,0.61,2.48,"item13",1,0
864,0.61,2.48,"item14",1,0
864,0.61,2.48,"item15",1,0
864,0.61,2.48,"item16",1,0
864,0.61,2.48,"item17",1,0
864,0.61,2.48,"item18",1,0
865,0.58,0.86,"item1",2,0
865,0.58,0.86,"item2",2,0
865,0.58,0.86,"item3",2,0
865,0.58,0.86,"item4",1,0
865,0.58,0.86,"item5",1,0
865,0.58,0.86,"item6",1,0
865,0.58,0.86,"item7",1,0
865,0.58,0.86,"item8",1,0
865,0.58,0.86,"item9",1,0
865,0.58,0.86,"item10",1,0
865,0.58,0.86,"item11",1,0
865,0.58,0.86,"item12",1,0
865,0.58,0.86,"item13",1,0
865,0.58,0.86,"item14",1,0
865,0.58,0.86,"item15",1,0
865,0.58,0.86,"item16",1,0
865,0.58,0.86,"item17",1,0
865,0.58,0.86,"item18",1,0
866,0.47,0.72,"item1",4,1
866,0.47,0.72,"item2",4,1
866,0.47,0.72,"item3",4,1
866,0.47,0.72,"item4",3,0
866,0.47,0.72,"item5",1,0
866,0.47,0.72,"item6",2,0
866,0.47,0.72,"item7",3,0
866,0.47,0.72,"item8",1,0
866,0.47,0.72,"item9",2,0
866,0.47,0.72,"item10",2,0
866,0.47,0.72,"item11",1,0
866,0.47,0.72,"item12",1,0
866,0.47,0.72,"item13",1,0
866,0.47,0.72,"item14",1,0
866,0.47,0.72,"item15",1,0
866,0.47,0.72,"item16",1,0
866,0.47,0.72,"item17",1,0
866,0.47,0.72,"item18",1,0
867,0.8,1.21,"item1",2,0
867,0.8,1.21,"item2",2,0
867,0.8,1.21,"item3",2,0
867,0.8,1.21,"item4",3,0
867,0.8,1.21,"item5",3,0
867,0.8,1.21,"item6",3,0
867,0.8,1.21,"item7",3,0
867,0.8,1.21,"item8",3,0
867,0.8,1.21,"item9",3,0
867,0.8,1.21,"item10",3,0
867,0.8,1.21,"item11",3,0
867,0.8,1.21,"item12",3,0
867,0.8,1.21,"item13",3,0
867,0.8,1.21,"item14",3,0
867,0.8,1.21,"item15",3,0
867,0.8,1.21,"item16",3,0
867,0.8,1.21,"item17",3,0
867,0.8,1.21,"item18",3,0
870,0.51,2.66,"item1",1,0
870,0.51,2.66,"item2",2,0
870,0.51,2.66,"item3",2,0
870,0.51,2.66,"item4",3,0
870,0.51,2.66,"item5",3,0
870,0.51,2.66,"item6",2,0
870,0.51,2.66,"item7",3,0
870,0.51,2.66,"item8",3,0
870,0.51,2.66,"item9",3,0
870,0.51,2.66,"item10",3,0
870,0.51,2.66,"item11",4,1
870,0.51,2.66,"item12",2,0
870,0.51,2.66,"item13",4,1
870,0.51,2.66,"item14",3,0
870,0.51,2.66,"item15",3,0
870,0.51,2.66,"item16",3,0
870,0.51,2.66,"item17",2,0
870,0.51,2.66,"item18",2,0
872,0.72,4.84,"item1",2,0
872,0.72,4.84,"item2",2,0
872,0.72,4.84,"item3",2,0
872,0.72,4.84,"item4",2,0
872,0.72,4.84,"item5",2,0
872,0.72,4.84,"item6",2,0
872,0.72,4.84,"item7",2,0
872,0.72,4.84,"item8",1,0
872,0.72,4.84,"item9",1,0
872,0.72,4.84,"item10",1,0
872,0.72,4.84,"item11",1,0
872,0.72,4.84,"item12",1,0
872,0.72,4.84,"item13",1,0
872,0.72,4.84,"item14",2,0
872,0.72,4.84,"item15",1,0
872,0.72,4.84,"item16",1,0
872,0.72,4.84,"item17",1,0
872,0.72,4.84,"item18",1,0
874,0.88,0.87,"item1",2,0
874,0.88,0.87,"item2",2,0
874,0.88,0.87,"item3",2,0
874,0.88,0.87,"item4",4,1
874,0.88,0.87,"item5",4,1
874,0.88,0.87,"item6",3,0
874,0.88,0.87,"item7",2,0
874,0.88,0.87,"item8",2,0
874,0.88,0.87,"item9",2,0
874,0.88,0.87,"item10",2,0
874,0.88,0.87,"item11",2,0
874,0.88,0.87,"item12",2,0
874,0.88,0.87,"item13",2,0
874,0.88,0.87,"item14",2,0
874,0.88,0.87,"item15",2,0
874,0.88,0.87,"item16",2,0
874,0.88,0.87,"item17",2,0
874,0.88,0.87,"item18",2,0
878,0.41,0.52,"item1",1,0
878,0.41,0.52,"item2",1,0
878,0.41,0.52,"item3",1,0
878,0.41,0.52,"item4",1,0
878,0.41,0.52,"item5",1,0
878,0.41,0.52,"item6",2,0
878,0.41,0.52,"item7",4,1
878,0.41,0.52,"item8",4,1
878,0.41,0.52,"item9",3,0
878,0.41,0.52,"item10",1,0
878,0.41,0.52,"item11",1,0
878,0.41,0.52,"item12",1,0
878,0.41,0.52,"item13",1,0
878,0.41,0.52,"item14",2,0
878,0.41,0.52,"item15",1,0
878,0.41,0.52,"item16",1,0
878,0.41,0.52,"item17",1,0
878,0.41,0.52,"item18",1,0
879,0.66,2.04,"item1",2,0
879,0.66,2.04,"item2",2,0
879,0.66,2.04,"item3",2,0
879,0.66,2.04,"item4",1,0
879,0.66,2.04,"item5",1,0
879,0.66,2.04,"item6",1,0
879,0.66,2.04,"item7",1,0
879,0.66,2.04,"item8",1,0
879,0.66,2.04,"item9",1,0
879,0.66,2.04,"item10",1,0
879,0.66,2.04,"item11",1,0
879,0.66,2.04,"item12",1,0
879,0.66,2.04,"item13",1,0
879,0.66,2.04,"item14",1,0
879,0.66,2.04,"item15",1,0
879,0.66,2.04,"item16",1,0
879,0.66,2.04,"item17",1,0
879,0.66,2.04,"item18",1,0
880,0.62,4.01,"item1",3,0
880,0.62,4.01,"item2",3,0
880,0.62,4.01,"item3",3,0
880,0.62,4.01,"item4",1,0
880,0.62,4.01,"item5",1,0
880,0.62,4.01,"item6",1,0
880,0.62,4.01,"item7",1,0
880,0.62,4.01,"item8",1,0
880,0.62,4.01,"item9",1,0
880,0.62,4.01,"item10",1,0
880,0.62,4.01,"item11",1,0
880,0.62,4.01,"item12",1,0
880,0.62,4.01,"item13",1,0
880,0.62,4.01,"item14",1,0
880,0.62,4.01,"item15",1,0
880,0.62,4.01,"item16",1,0
880,0.62,4.01,"item17",1,0
880,0.62,4.01,"item18",1,0
881,1.1,2.41,"item1",2,0
881,1.1,2.41,"item2",2,0
881,1.1,2.41,"item3",2,0
881,1.1,2.41,"item4",2,0
881,1.1,2.41,"item5",2,0
881,1.1,2.41,"item6",2,0
881,1.1,2.41,"item7",2,0
881,1.1,2.41,"item8",1,0
881,1.1,2.41,"item9",2,0
881,1.1,2.41,"item10",1,0
881,1.1,2.41,"item11",1,0
881,1.1,2.41,"item12",1,0
881,1.1,2.41,"item13",1,0
881,1.1,2.41,"item14",1,0
881,1.1,2.41,"item15",1,0
881,1.1,2.41,"item16",1,0
881,1.1,2.41,"item17",1,0
881,1.1,2.41,"item18",1,0
882,0.7,1.33,"item1",3,0
882,0.7,1.33,"item2",3,0
882,0.7,1.33,"item3",3,0
882,0.7,1.33,"item4",2,0
882,0.7,1.33,"item5",2,0
882,0.7,1.33,"item6",2,0
882,0.7,1.33,"item7",2,0
882,0.7,1.33,"item8",3,0
882,0.7,1.33,"item9",3,0
882,0.7,1.33,"item10",2,0
882,0.7,1.33,"item11",2,0
882,0.7,1.33,"item12",2,0
882,0.7,1.33,"item13",2,0
882,0.7,1.33,"item14",3,0
882,0.7,1.33,"item15",2,0
882,0.7,1.33,"item16",3,0
882,0.7,1.33,"item17",1,0
882,0.7,1.33,"item18",2,0
884,0.67,2.17,"item1",1,0
884,0.67,2.17,"item2",2,0
884,0.67,2.17,"item3",2,0
884,0.67,2.17,"item4",2,0
884,0.67,2.17,"item5",2,0
884,0.67,2.17,"item6",1,0
884,0.67,2.17,"item7",1,0
884,0.67,2.17,"item8",1,0
884,0.67,2.17,"item9",1,0
884,0.67,2.17,"item10",1,0
884,0.67,2.17,"item11",1,0
884,0.67,2.17,"item12",1,0
884,0.67,2.17,"item13",1,0
884,0.67,2.17,"item14",1,0
884,0.67,2.17,"item15",1,0
884,0.67,2.17,"item16",1,0
884,0.67,2.17,"item17",1,0
884,0.67,2.17,"item18",1,0
888,1.32,2.14,"item1",4,1
888,1.32,2.14,"item2",4,1
888,1.32,2.14,"item3",3,0
888,1.32,2.14,"item4",1,0
888,1.32,2.14,"item5",1,0
888,1.32,2.14,"item6",1,0
888,1.32,2.14,"item7",1,0
888,1.32,2.14,"item8",1,0
888,1.32,2.14,"item9",1,0
888,1.32,2.14,"item10",1,0
888,1.32,2.14,"item11",1,0
888,1.32,2.14,"item12",1,0
888,1.32,2.14,"item13",1,0
888,1.32,2.14,"item14",1,0
888,1.32,2.14,"item15",1,0
888,1.32,2.14,"item16",1,0
888,1.32,2.14,"item17",1,0
888,1.32,2.14,"item18",1,0
890,0.5,1.68,"item1",2,0
890,0.5,1.68,"item2",2,0
890,0.5,1.68,"item3",2,0
890,0.5,1.68,"item4",2,0
890,0.5,1.68,"item5",2,0
890,0.5,1.68,"item6",2,0
890,0.5,1.68,"item7",2,0
890,0.5,1.68,"item8",2,0
890,0.5,1.68,"item9",1,0
890,0.5,1.68,"item10",2,0
890,0.5,1.68,"item11",2,0
890,0.5,1.68,"item12",1,0
890,0.5,1.68,"item13",1,0
890,0.5,1.68,"item14",1,0
890,0.5,1.68,"item15",1,0
890,0.5,1.68,"item16",1,0
890,0.5,1.68,"item17",1,0
890,0.5,1.68,"item18",1,0
892,0.5,1.37,"item1",3,0
892,0.5,1.37,"item2",3,0
892,0.5,1.37,"item3",3,0
892,0.5,1.37,"item4",2,0
892,0.5,1.37,"item5",1,0
892,0.5,1.37,"item6",2,0
892,0.5,1.37,"item7",2,0
892,0.5,1.37,"item8",1,0
892,0.5,1.37,"item9",1,0
892,0.5,1.37,"item10",2,0
892,0.5,1.37,"item11",2,0
892,0.5,1.37,"item12",2,0
892,0.5,1.37,"item13",1,0
892,0.5,1.37,"item14",2,0
892,0.5,1.37,"item15",1,0
892,0.5,1.37,"item16",2,0
892,0.5,1.37,"item17",1,0
892,0.5,1.37,"item18",1,0
894,0.66,1.71,"item1",3,0
894,0.66,1.71,"item2",2,0
894,0.66,1.71,"item3",2,0
894,0.66,1.71,"item4",4,1
894,0.66,1.71,"item5",4,1
894,0.66,1.71,"item6",4,1
894,0.66,1.71,"item7",3,0
894,0.66,1.71,"item8",3,0
894,0.66,1.71,"item9",4,1
894,0.66,1.71,"item10",2,0
894,0.66,1.71,"item11",2,0
894,0.66,1.71,"item12",3,0
894,0.66,1.71,"item13",2,0
894,0.66,1.71,"item14",3,0
894,0.66,1.71,"item15",2,0
894,0.66,1.71,"item16",2,0
894,0.66,1.71,"item17",1,0
894,0.66,1.71,"item18",1,0
895,0.77,3.09,"item1",2,0
895,0.77,3.09,"item2",2,0
895,0.77,3.09,"item3",2,0
895,0.77,3.09,"item4",2,0
895,0.77,3.09,"item5",2,0
895,0.77,3.09,"item6",2,0
895,0.77,3.09,"item7",3,0
895,0.77,3.09,"item8",1,0
895,0.77,3.09,"item9",2,0
895,0.77,3.09,"item10",1,0
895,0.77,3.09,"item11",2,0
895,0.77,3.09,"item12",1,0
895,0.77,3.09,"item13",1,0
895,0.77,3.09,"item14",2,0
895,0.77,3.09,"item15",2,0
895,0.77,3.09,"item16",2,0
895,0.77,3.09,"item17",1,0
895,0.77,3.09,"item18",2,0
896,0.84,2.97,"item1",2,0
896,0.84,2.97,"item2",3,0
896,0.84,2.97,"item3",2,0
896,0.84,2.97,"item4",2,0
896,0.84,2.97,"item5",2,0
896,0.84,2.97,"item6",2,0
896,0.84,2.97,"item7",2,0
896,0.84,2.97,"item8",1,0
896,0.84,2.97,"item9",2,0
896,0.84,2.97,"item10",2,0
896,0.84,2.97,"item11",2,0
896,0.84,2.97,"item12",2,0
896,0.84,2.97,"item13",2,0
896,0.84,2.97,"item14",3,0
896,0.84,2.97,"item15",2,0
896,0.84,2.97,"item16",2,0
896,0.84,2.97,"item17",2,0
896,0.84,2.97,"item18",1,0
897,0.55,0.22,"item1",2,0
897,0.55,0.22,"item2",2,0
897,0.55,0.22,"item3",2,0
897,0.55,0.22,"item4",2,0
897,0.55,0.22,"item5",2,0
897,0.55,0.22,"item6",2,0
897,0.55,0.22,"item7",2,0
897,0.55,0.22,"item8",2,0
897,0.55,0.22,"item9",3,0
897,0.55,0.22,"item10",2,0
897,0.55,0.22,"item11",2,0
897,0.55,0.22,"item12",2,0
897,0.55,0.22,"item13",3,0
897,0.55,0.22,"item14",2,0
897,0.55,0.22,"item15",3,0
897,0.55,0.22,"item16",2,0
897,0.55,0.22,"item17",2,0
897,0.55,0.22,"item18",2,0
900,0.66,2.59,"item1",2,0
900,0.66,2.59,"item2",3,0
900,0.66,2.59,"item3",2,0
900,0.66,2.59,"item4",2,0
900,0.66,2.59,"item5",2,0
900,0.66,2.59,"item6",3,0
900,0.66,2.59,"item7",3,0
900,0.66,2.59,"item8",2,0
900,0.66,2.59,"item9",2,0
900,0.66,2.59,"item10",2,0
900,0.66,2.59,"item11",2,0
900,0.66,2.59,"item12",2,0
900,0.66,2.59,"item13",2,0
900,0.66,2.59,"item14",2,0
900,0.66,2.59,"item15",3,0
900,0.66,2.59,"item16",3,0
900,0.66,2.59,"item17",2,0
900,0.66,2.59,"item18",3,0
902,0.83,1.21,"item1",3,0
902,0.83,1.21,"item2",3,0
902,0.83,1.21,"item3",3,0
902,0.83,1.21,"item4",1,0
902,0.83,1.21,"item5",1,0
902,0.83,1.21,"item6",2,0
902,0.83,1.21,"item7",3,0
902,0.83,1.21,"item8",2,0
902,0.83,1.21,"item9",2,0
902,0.83,1.21,"item10",2,0
902,0.83,1.21,"item11",2,0
902,0.83,1.21,"item12",1,0
902,0.83,1.21,"item13",1,0
902,0.83,1.21,"item14",2,0
902,0.83,1.21,"item15",2,0
902,0.83,1.21,"item16",2,0
902,0.83,1.21,"item17",1,0
902,0.83,1.21,"item18",1,0
904,0.74,2.8,"item1",2,0
904,0.74,2.8,"item2",2,0
904,0.74,2.8,"item3",2,0
904,0.74,2.8,"item4",2,0
904,0.74,2.8,"item5",2,0
904,0.74,2.8,"item6",2,0
904,0.74,2.8,"item7",3,0
904,0.74,2.8,"item8",2,0
904,0.74,2.8,"item9",3,0
904,0.74,2.8,"item10",3,0
904,0.74,2.8,"item11",2,0
904,0.74,2.8,"item12",2,0
904,0.74,2.8,"item13",3,0
904,0.74,2.8,"item14",3,0
904,0.74,2.8,"item15",2,0
904,0.74,2.8,"item16",2,0
904,0.74,2.8,"item17",2,0
904,0.74,2.8,"item18",2,0
907,1.1,1.01,"item1",1,0
907,1.1,1.01,"item2",2,0
907,1.1,1.01,"item3",2,0
907,1.1,1.01,"item4",1,0
907,1.1,1.01,"item5",1,0
907,1.1,1.01,"item6",1,0
907,1.1,1.01,"item7",2,0
907,1.1,1.01,"item8",2,0
907,1.1,1.01,"item9",1,0
907,1.1,1.01,"item10",1,0
907,1.1,1.01,"item11",2,0
907,1.1,1.01,"item12",1,0
907,1.1,1.01,"item13",1,0
907,1.1,1.01,"item14",1,0
907,1.1,1.01,"item15",1,0
907,1.1,1.01,"item16",2,0
907,1.1,1.01,"item17",1,0
907,1.1,1.01,"item18",1,0
908,0.72,0.41,"item1",2,0
908,0.72,0.41,"item2",2,0
908,0.72,0.41,"item3",3,0
908,0.72,0.41,"item4",3,0
908,0.72,0.41,"item5",3,0
908,0.72,0.41,"item6",3,0
908,0.72,0.41,"item7",3,0
908,0.72,0.41,"item8",2,0
908,0.72,0.41,"item9",2,0
908,0.72,0.41,"item10",2,0
908,0.72,0.41,"item11",2,0
908,0.72,0.41,"item12",2,0
908,0.72,0.41,"item13",2,0
908,0.72,0.41,"item14",2,0
908,0.72,0.41,"item15",2,0
908,0.72,0.41,"item16",2,0
908,0.72,0.41,"item17",2,0
908,0.72,0.41,"item18",2,0
909,0.87,0.81,"item1",2,0
909,0.87,0.81,"item2",2,0
909,0.87,0.81,"item3",1,0
909,0.87,0.81,"item4",2,0
909,0.87,0.81,"item5",2,0
909,0.87,0.81,"item6",2,0
909,0.87,0.81,"item7",1,0
909,0.87,0.81,"item8",1,0
909,0.87,0.81,"item9",1,0
909,0.87,0.81,"item10",2,0
909,0.87,0.81,"item11",2,0
909,0.87,0.81,"item12",1,0
909,0.87,0.81,"item13",1,0
909,0.87,0.81,"item14",1,0
909,0.87,0.81,"item15",1,0
909,0.87,0.81,"item16",1,0
909,0.87,0.81,"item17",1,0
909,0.87,0.81,"item18",1,0
911,0.76,1.25,"item1",3,0
911,0.76,1.25,"item2",3,0
911,0.76,1.25,"item3",3,0
911,0.76,1.25,"item4",2,0
911,0.76,1.25,"item5",2,0
911,0.76,1.25,"item6",2,0
911,0.76,1.25,"item7",3,0
911,0.76,1.25,"item8",4,1
911,0.76,1.25,"item9",3,0
911,0.76,1.25,"item10",2,0
911,0.76,1.25,"item11",4,1
911,0.76,1.25,"item12",2,0
911,0.76,1.25,"item13",1,0
911,0.76,1.25,"item14",2,0
911,0.76,1.25,"item15",2,0
911,0.76,1.25,"item16",2,0
911,0.76,1.25,"item17",3,0
911,0.76,1.25,"item18",3,0
912,1.45,3.76,"item1",2,0
912,1.45,3.76,"item2",2,0
912,1.45,3.76,"item3",2,0
912,1.45,3.76,"item4",2,0
912,1.45,3.76,"item5",2,0
912,1.45,3.76,"item6",1,0
912,1.45,3.76,"item7",1,0
912,1.45,3.76,"item8",1,0
912,1.45,3.76,"item9",1,0
912,1.45,3.76,"item10",1,0
912,1.45,3.76,"item11",2,0
912,1.45,3.76,"item12",1,0
912,1.45,3.76,"item13",1,0
912,1.45,3.76,"item14",1,0
912,1.45,3.76,"item15",1,0
912,1.45,3.76,"item16",1,0
912,1.45,3.76,"item17",1,0
912,1.45,3.76,"item18",1,0
915,0.81,1.6,"item1",2,0
915,0.81,1.6,"item2",2,0
915,0.81,1.6,"item3",2,0
915,0.81,1.6,"item4",2,0
915,0.81,1.6,"item5",2,0
915,0.81,1.6,"item6",2,0
915,0.81,1.6,"item7",1,0
915,0.81,1.6,"item8",1,0
915,0.81,1.6,"item9",1,0
915,0.81,1.6,"item10",1,0
915,0.81,1.6,"item11",1,0
915,0.81,1.6,"item12",1,0
915,0.81,1.6,"item13",1,0
915,0.81,1.6,"item14",1,0
915,0.81,1.6,"item15",1,0
915,0.81,1.6,"item16",1,0
915,0.81,1.6,"item17",1,0
915,0.81,1.6,"item18",1,0
921,0.75,1,"item1",2,0
921,0.75,1,"item2",2,0
921,0.75,1,"item3",2,0
921,0.75,1,"item4",1,0
921,0.75,1,"item5",1,0
921,0.75,1,"item6",2,0
921,0.75,1,"item7",4,1
921,0.75,1,"item8",2,0
921,0.75,1,"item9",3,0
921,0.75,1,"item10",3,0
921,0.75,1,"item11",2,0
921,0.75,1,"item12",2,0
921,0.75,1,"item13",3,0
921,0.75,1,"item14",3,0
921,0.75,1,"item15",2,0
921,0.75,1,"item16",3,0
921,0.75,1,"item17",1,0
921,0.75,1,"item18",2,0
923,0.62,0.69,"item1",2,0
923,0.62,0.69,"item2",2,0
923,0.62,0.69,"item3",1,0
923,0.62,0.69,"item4",1,0
923,0.62,0.69,"item5",1,0
923,0.62,0.69,"item6",2,0
923,0.62,0.69,"item7",1,0
923,0.62,0.69,"item8",1,0
923,0.62,0.69,"item9",1,0
923,0.62,0.69,"item10",1,0
923,0.62,0.69,"item11",1,0
923,0.62,0.69,"item12",1,0
923,0.62,0.69,"item13",1,0
923,0.62,0.69,"item14",1,0
923,0.62,0.69,"item15",2,0
923,0.62,0.69,"item16",1,0
923,0.62,0.69,"item17",1,0
923,0.62,0.69,"item18",1,0
925,0.52,2.59,"item1",3,0
925,0.52,2.59,"item2",3,0
925,0.52,2.59,"item3",3,0
925,0.52,2.59,"item4",3,0
925,0.52,2.59,"item5",3,0
925,0.52,2.59,"item6",3,0
925,0.52,2.59,"item7",3,0
925,0.52,2.59,"item8",3,0
925,0.52,2.59,"item9",2,0
925,0.52,2.59,"item10",2,0
925,0.52,2.59,"item11",1,0
925,0.52,2.59,"item12",3,0
925,0.52,2.59,"item13",4,1
925,0.52,2.59,"item14",3,0
925,0.52,2.59,"item15",2,0
925,0.52,2.59,"item16",2,0
925,0.52,2.59,"item17",1,0
925,0.52,2.59,"item18",1,0
926,1.09,2.02,"item1",2,0
926,1.09,2.02,"item2",3,0
926,1.09,2.02,"item3",3,0
926,1.09,2.02,"item4",3,0
926,1.09,2.02,"item5",2,0
926,1.09,2.02,"item6",2,0
926,1.09,2.02,"item7",2,0
926,1.09,2.02,"item8",2,0
926,1.09,2.02,"item9",2,0
926,1.09,2.02,"item10",3,0
926,1.09,2.02,"item11",1,0
926,1.09,2.02,"item12",2,0
926,1.09,2.02,"item13",1,0
926,1.09,2.02,"item14",1,0
926,1.09,2.02,"item15",1,0
926,1.09,2.02,"item16",1,0
926,1.09,2.02,"item17",1,0
926,1.09,2.02,"item18",2,0
927,1.64,1.07,"item1",2,0
927,1.64,1.07,"item2",2,0
927,1.64,1.07,"item3",2,0
927,1.64,1.07,"item4",3,0
927,1.64,1.07,"item5",2,0
927,1.64,1.07,"item6",2,0
927,1.64,1.07,"item7",2,0
927,1.64,1.07,"item8",3,0
927,1.64,1.07,"item9",2,0
927,1.64,1.07,"item10",3,0
927,1.64,1.07,"item11",2,0
927,1.64,1.07,"item12",3,0
927,1.64,1.07,"item13",2,0
927,1.64,1.07,"item14",2,0
927,1.64,1.07,"item15",2,0
927,1.64,1.07,"item16",2,0
927,1.64,1.07,"item17",2,0
927,1.64,1.07,"item18",1,0
928,0.98,8.05,"item1",2,0
928,0.98,8.05,"item2",2,0
928,0.98,8.05,"item3",2,0
928,0.98,8.05,"item4",3,0
928,0.98,8.05,"item5",3,0
928,0.98,8.05,"item6",3,0
928,0.98,8.05,"item7",3,0
928,0.98,8.05,"item8",2,0
928,0.98,8.05,"item9",2,0
928,0.98,8.05,"item10",1,0
928,0.98,8.05,"item11",1,0
928,0.98,8.05,"item12",1,0
928,0.98,8.05,"item13",1,0
928,0.98,8.05,"item14",1,0
928,0.98,8.05,"item15",1,0
928,0.98,8.05,"item16",1,0
928,0.98,8.05,"item17",1,0
928,0.98,8.05,"item18",1,0
929,1.15,2.62,"item1",2,0
929,1.15,2.62,"item2",2,0
929,1.15,2.62,"item3",2,0
929,1.15,2.62,"item4",2,0
929,1.15,2.62,"item5",1,0
929,1.15,2.62,"item6",2,0
929,1.15,2.62,"item7",2,0
929,1.15,2.62,"item8",1,0
929,1.15,2.62,"item9",2,0
929,1.15,2.62,"item10",1,0
929,1.15,2.62,"item11",2,0
929,1.15,2.62,"item12",1,0
929,1.15,2.62,"item13",1,0
929,1.15,2.62,"item14",1,0
929,1.15,2.62,"item15",1,0
929,1.15,2.62,"item16",2,0
929,1.15,2.62,"item17",1,0
929,1.15,2.62,"item18",1,0
931,0.45,0.43,"item1",3,0
931,0.45,0.43,"item2",3,0
931,0.45,0.43,"item3",3,0
931,0.45,0.43,"item4",1,0
931,0.45,0.43,"item5",1,0
931,0.45,0.43,"item6",2,0
931,0.45,0.43,"item7",2,0
931,0.45,0.43,"item8",2,0
931,0.45,0.43,"item9",2,0
931,0.45,0.43,"item10",1,0
931,0.45,0.43,"item11",2,0
931,0.45,0.43,"item12",1,0
931,0.45,0.43,"item13",1,0
931,0.45,0.43,"item14",2,0
931,0.45,0.43,"item15",1,0
931,0.45,0.43,"item16",1,0
931,0.45,0.43,"item17",1,0
931,0.45,0.43,"item18",1,0
932,0.43,3.05,"item1",2,0
932,0.43,3.05,"item2",1,0
932,0.43,3.05,"item3",1,0
932,0.43,3.05,"item4",2,0
932,0.43,3.05,"item5",1,0
932,0.43,3.05,"item6",1,0
932,0.43,3.05,"item7",2,0
932,0.43,3.05,"item8",1,0
932,0.43,3.05,"item9",1,0
932,0.43,3.05,"item10",2,0
932,0.43,3.05,"item11",2,0
932,0.43,3.05,"item12",2,0
932,0.43,3.05,"item13",2,0
932,0.43,3.05,"item14",1,0
932,0.43,3.05,"item15",2,0
932,0.43,3.05,"item16",1,0
932,0.43,3.05,"item17",1,0
932,0.43,3.05,"item18",1,0
936,1.23,2.74,"item1",1,0
936,1.23,2.74,"item2",2,0
936,1.23,2.74,"item3",2,0
936,1.23,2.74,"item4",1,0
936,1.23,2.74,"item5",1,0
936,1.23,2.74,"item6",2,0
936,1.23,2.74,"item7",2,0
936,1.23,2.74,"item8",1,0
936,1.23,2.74,"item9",3,0
936,1.23,2.74,"item10",1,0
936,1.23,2.74,"item11",1,0
936,1.23,2.74,"item12",1,0
936,1.23,2.74,"item13",1,0
936,1.23,2.74,"item14",1,0
936,1.23,2.74,"item15",1,0
936,1.23,2.74,"item16",1,0
936,1.23,2.74,"item17",1,0
936,1.23,2.74,"item18",1,0
937,1.06,2.5,"item1",2,0
937,1.06,2.5,"item2",2,0
937,1.06,2.5,"item3",2,0
937,1.06,2.5,"item4",1,0
937,1.06,2.5,"item5",1,0
937,1.06,2.5,"item6",1,0
937,1.06,2.5,"item7",2,0
937,1.06,2.5,"item8",2,0
937,1.06,2.5,"item9",2,0
937,1.06,2.5,"item10",2,0
937,1.06,2.5,"item11",2,0
937,1.06,2.5,"item12",2,0
937,1.06,2.5,"item13",2,0
937,1.06,2.5,"item14",2,0
937,1.06,2.5,"item15",2,0
937,1.06,2.5,"item16",2,0
937,1.06,2.5,"item17",2,0
937,1.06,2.5,"item18",2,0
938,0.59,1.38,"item1",3,0
938,0.59,1.38,"item2",3,0
938,0.59,1.38,"item3",2,0
938,0.59,1.38,"item4",2,0
938,0.59,1.38,"item5",3,0
938,0.59,1.38,"item6",3,0
938,0.59,1.38,"item7",3,0
938,0.59,1.38,"item8",1,0
938,0.59,1.38,"item9",1,0
938,0.59,1.38,"item10",1,0
938,0.59,1.38,"item11",1,0
938,0.59,1.38,"item12",1,0
938,0.59,1.38,"item13",2,0
938,0.59,1.38,"item14",1,0
938,0.59,1.38,"item15",1,0
938,0.59,1.38,"item16",1,0
938,0.59,1.38,"item17",1,0
938,0.59,1.38,"item18",1,0
944,0.47,1.33,"item1",2,0
944,0.47,1.33,"item2",2,0
944,0.47,1.33,"item3",2,0
944,0.47,1.33,"item4",2,0
944,0.47,1.33,"item5",2,0
944,0.47,1.33,"item6",2,0
944,0.47,1.33,"item7",2,0
944,0.47,1.33,"item8",2,0
944,0.47,1.33,"item9",2,0
944,0.47,1.33,"item10",2,0
944,0.47,1.33,"item11",2,0
944,0.47,1.33,"item12",1,0
944,0.47,1.33,"item13",1,0
944,0.47,1.33,"item14",1,0
944,0.47,1.33,"item15",2,0
944,0.47,1.33,"item16",2,0
944,0.47,1.33,"item17",1,0
944,0.47,1.33,"item18",2,0
945,0.24,2.98,"item1",2,0
945,0.24,2.98,"item2",2,0
945,0.24,2.98,"item3",2,0
945,0.24,2.98,"item4",2,0
945,0.24,2.98,"item5",2,0
945,0.24,2.98,"item6",2,0
945,0.24,2.98,"item7",2,0
945,0.24,2.98,"item8",1,0
945,0.24,2.98,"item9",2,0
945,0.24,2.98,"item10",1,0
945,0.24,2.98,"item11",2,0
945,0.24,2.98,"item12",1,0
945,0.24,2.98,"item13",1,0
945,0.24,2.98,"item14",2,0
945,0.24,2.98,"item15",1,0
945,0.24,2.98,"item16",1,0
945,0.24,2.98,"item17",1,0
945,0.24,2.98,"item18",1,0
947,0.53,1.44,"item1",3,0
947,0.53,1.44,"item2",3,0
947,0.53,1.44,"item3",3,0
947,0.53,1.44,"item4",2,0
947,0.53,1.44,"item5",2,0
947,0.53,1.44,"item6",2,0
947,0.53,1.44,"item7",2,0
947,0.53,1.44,"item8",2,0
947,0.53,1.44,"item9",1,0
947,0.53,1.44,"item10",1,0
947,0.53,1.44,"item11",2,0
947,0.53,1.44,"item12",1,0
947,0.53,1.44,"item13",1,0
947,0.53,1.44,"item14",1,0
947,0.53,1.44,"item15",1,0
947,0.53,1.44,"item16",1,0
947,0.53,1.44,"item17",1,0
947,0.53,1.44,"item18",2,0
953,1,1.38,"item1",3,0
953,1,1.38,"item2",3,0
953,1,1.38,"item3",2,0
953,1,1.38,"item4",2,0
953,1,1.38,"item5",2,0
953,1,1.38,"item6",2,0
953,1,1.38,"item7",3,0
953,1,1.38,"item8",2,0
953,1,1.38,"item9",1,0
953,1,1.38,"item10",1,0
953,1,1.38,"item11",1,0
953,1,1.38,"item12",1,0
953,1,1.38,"item13",1,0
953,1,1.38,"item14",1,0
953,1,1.38,"item15",1,0
953,1,1.38,"item16",1,0
953,1,1.38,"item17",1,0
953,1,1.38,"item18",1,0
956,0.61,0.4,"item1",1,0
956,0.61,0.4,"item2",1,0
956,0.61,0.4,"item3",1,0
956,0.61,0.4,"item4",2,0
956,0.61,0.4,"item5",2,0
956,0.61,0.4,"item6",3,0
956,0.61,0.4,"item7",3,0
956,0.61,0.4,"item8",3,0
956,0.61,0.4,"item9",1,0
956,0.61,0.4,"item10",3,0
956,0.61,0.4,"item11",1,0
956,0.61,0.4,"item12",3,0
956,0.61,0.4,"item13",1,0
956,0.61,0.4,"item14",2,0
956,0.61,0.4,"item15",2,0
956,0.61,0.4,"item16",2,0
956,0.61,0.4,"item17",1,0
956,0.61,0.4,"item18",1,0
957,0.73,0.55,"item1",2,0
957,0.73,0.55,"item2",2,0
957,0.73,0.55,"item3",2,0
957,0.73,0.55,"item4",2,0
957,0.73,0.55,"item5",1,0
957,0.73,0.55,"item6",1,0
957,0.73,0.55,"item7",1,0
957,0.73,0.55,"item8",1,0
957,0.73,0.55,"item9",1,0
957,0.73,0.55,"item10",1,0
957,0.73,0.55,"item11",2,0
957,0.73,0.55,"item12",1,0
957,0.73,0.55,"item13",1,0
957,0.73,0.55,"item14",2,0
957,0.73,0.55,"item15",1,0
957,0.73,0.55,"item16",1,0
957,0.73,0.55,"item17",1,0
957,0.73,0.55,"item18",1,0
959,0.41,3.43,"item1",2,0
959,0.41,3.43,"item2",3,0
959,0.41,3.43,"item3",3,0
959,0.41,3.43,"item4",3,0
959,0.41,3.43,"item5",3,0
959,0.41,3.43,"item6",3,0
959,0.41,3.43,"item7",4,1
959,0.41,3.43,"item8",3,0
959,0.41,3.43,"item9",3,0
959,0.41,3.43,"item10",2,0
959,0.41,3.43,"item11",3,0
959,0.41,3.43,"item12",2,0
959,0.41,3.43,"item13",2,0
959,0.41,3.43,"item14",1,0
959,0.41,3.43,"item15",2,0
959,0.41,3.43,"item16",3,0
959,0.41,3.43,"item17",1,0
959,0.41,3.43,"item18",2,0
960,0.46,1.81,"item1",4,1
960,0.46,1.81,"item2",3,0
960,0.46,1.81,"item3",3,0
960,0.46,1.81,"item4",1,0
960,0.46,1.81,"item5",1,0
960,0.46,1.81,"item6",1,0
960,0.46,1.81,"item7",1,0
960,0.46,1.81,"item8",1,0
960,0.46,1.81,"item9",1,0
960,0.46,1.81,"item10",2,0
960,0.46,1.81,"item11",3,0
960,0.46,1.81,"item12",3,0
960,0.46,1.81,"item13",3,0
960,0.46,1.81,"item14",1,0
960,0.46,1.81,"item15",1,0
960,0.46,1.81,"item16",2,0
960,0.46,1.81,"item17",1,0
960,0.46,1.81,"item18",1,0
961,0.5,2.32,"item1",4,1
961,0.5,2.32,"item2",4,1
961,0.5,2.32,"item3",4,1
961,0.5,2.32,"item4",2,0
961,0.5,2.32,"item5",2,0
961,0.5,2.32,"item6",1,0
961,0.5,2.32,"item7",1,0
961,0.5,2.32,"item8",1,0
961,0.5,2.32,"item9",1,0
961,0.5,2.32,"item10",2,0
961,0.5,2.32,"item11",1,0
961,0.5,2.32,"item12",1,0
961,0.5,2.32,"item13",1,0
961,0.5,2.32,"item14",1,0
961,0.5,2.32,"item15",1,0
961,0.5,2.32,"item16",1,0
961,0.5,2.32,"item17",1,0
961,0.5,2.32,"item18",1,0
962,0.3,1.62,"item1",3,0
962,0.3,1.62,"item2",4,1
962,0.3,1.62,"item3",3,0
962,0.3,1.62,"item4",2,0
962,0.3,1.62,"item5",1,0
962,0.3,1.62,"item6",1,0
962,0.3,1.62,"item7",1,0
962,0.3,1.62,"item8",1,0
962,0.3,1.62,"item9",2,0
962,0.3,1.62,"item10",1,0
962,0.3,1.62,"item11",2,0
962,0.3,1.62,"item12",1,0
962,0.3,1.62,"item13",1,0
962,0.3,1.62,"item14",1,0
962,0.3,1.62,"item15",1,0
962,0.3,1.62,"item16",1,0
962,0.3,1.62,"item17",1,0
962,0.3,1.62,"item18",1,0
967,0.39,2.81,"item1",1,0
967,0.39,2.81,"item2",1,0
967,0.39,2.81,"item3",1,0
967,0.39,2.81,"item4",1,0
967,0.39,2.81,"item5",1,0
967,0.39,2.81,"item6",1,0
967,0.39,2.81,"item7",2,0
967,0.39,2.81,"item8",1,0
967,0.39,2.81,"item9",2,0
967,0.39,2.81,"item10",1,0
967,0.39,2.81,"item11",1,0
967,0.39,2.81,"item12",1,0
967,0.39,2.81,"item13",1,0
967,0.39,2.81,"item14",1,0
967,0.39,2.81,"item15",1,0
967,0.39,2.81,"item16",1,0
967,0.39,2.81,"item17",1,0
967,0.39,2.81,"item18",1,0
970,0.36,2.97,"item1",3,0
970,0.36,2.97,"item2",3,0
970,0.36,2.97,"item3",3,0
970,0.36,2.97,"item4",2,0
970,0.36,2.97,"item5",2,0
970,0.36,2.97,"item6",1,0
970,0.36,2.97,"item7",2,0
970,0.36,2.97,"item8",2,0
970,0.36,2.97,"item9",2,0
970,0.36,2.97,"item10",2,0
970,0.36,2.97,"item11",1,0
970,0.36,2.97,"item12",2,0
970,0.36,2.97,"item13",1,0
970,0.36,2.97,"item14",1,0
970,0.36,2.97,"item15",2,0
970,0.36,2.97,"item16",2,0
970,0.36,2.97,"item17",1,0
970,0.36,2.97,"item18",1,0
971,0.96,1.24,"item1",2,0
971,0.96,1.24,"item2",1,0
971,0.96,1.24,"item3",2,0
971,0.96,1.24,"item4",2,0
971,0.96,1.24,"item5",2,0
971,0.96,1.24,"item6",2,0
971,0.96,1.24,"item7",3,0
971,0.96,1.24,"item8",3,0
971,0.96,1.24,"item9",3,0
971,0.96,1.24,"item10",3,0
971,0.96,1.24,"item11",3,0
971,0.96,1.24,"item12",3,0
971,0.96,1.24,"item13",3,0
971,0.96,1.24,"item14",3,0
971,0.96,1.24,"item15",2,0
971,0.96,1.24,"item16",2,0
971,0.96,1.24,"item17",2,0
971,0.96,1.24,"item18",2,0
972,0.82,8.6,"item1",3,0
972,0.82,8.6,"item2",3,0
972,0.82,8.6,"item3",3,0
972,0.82,8.6,"item4",2,0
972,0.82,8.6,"item5",2,0
972,0.82,8.6,"item6",2,0
972,0.82,8.6,"item7",2,0
972,0.82,8.6,"item8",2,0
972,0.82,8.6,"item9",2,0
972,0.82,8.6,"item10",1,0
972,0.82,8.6,"item11",1,0
972,0.82,8.6,"item12",1,0
972,0.82,8.6,"item13",2,0
972,0.82,8.6,"item14",1,0
972,0.82,8.6,"item15",1,0
972,0.82,8.6,"item16",1,0
972,0.82,8.6,"item17",1,0
972,0.82,8.6,"item18",1,0
976,1.15,0.93,"item1",3,0
976,1.15,0.93,"item2",3,0
976,1.15,0.93,"item3",3,0
976,1.15,0.93,"item4",2,0
976,1.15,0.93,"item5",2,0
976,1.15,0.93,"item6",2,0
976,1.15,0.93,"item7",3,0
976,1.15,0.93,"item8",1,0
976,1.15,0.93,"item9",1,0
976,1.15,0.93,"item10",3,0
976,1.15,0.93,"item11",1,0
976,1.15,0.93,"item12",1,0
976,1.15,0.93,"item13",1,0
976,1.15,0.93,"item14",1,0
976,1.15,0.93,"item15",1,0
976,1.15,0.93,"item16",1,0
976,1.15,0.93,"item17",1,0
976,1.15,0.93,"item18",1,0
978,0.72,0.82,"item1",2,0
978,0.72,0.82,"item2",3,0
978,0.72,0.82,"item3",2,0
978,0.72,0.82,"item4",1,0
978,0.72,0.82,"item5",1,0
978,0.72,0.82,"item6",3,0
978,0.72,0.82,"item7",3,0
978,0.72,0.82,"item8",2,0
978,0.72,0.82,"item9",2,0
978,0.72,0.82,"item10",2,0
978,0.72,0.82,"item11",1,0
978,0.72,0.82,"item12",1,0
978,0.72,0.82,"item13",1,0
978,0.72,0.82,"item14",1,0
978,0.72,0.82,"item15",1,0
978,0.72,0.82,"item16",2,0
978,0.72,0.82,"item17",1,0
978,0.72,0.82,"item18",1,0
980,0.45,3.07,"item1",3,0
980,0.45,3.07,"item2",3,0
980,0.45,3.07,"item3",3,0
980,0.45,3.07,"item4",2,0
980,0.45,3.07,"item5",2,0
980,0.45,3.07,"item6",1,0
980,0.45,3.07,"item7",1,0
980,0.45,3.07,"item8",1,0
980,0.45,3.07,"item9",1,0
980,0.45,3.07,"item10",2,0
980,0.45,3.07,"item11",2,0
980,0.45,3.07,"item12",2,0
980,0.45,3.07,"item13",2,0
980,0.45,3.07,"item14",1,0
980,0.45,3.07,"item15",1,0
980,0.45,3.07,"item16",2,0
980,0.45,3.07,"item17",2,0
980,0.45,3.07,"item18",2,0
982,0.58,4.59,"item1",2,0
982,0.58,4.59,"item2",3,0
982,0.58,4.59,"item3",2,0
982,0.58,4.59,"item4",1,0
982,0.58,4.59,"item5",1,0
982,0.58,4.59,"item6",2,0
982,0.58,4.59,"item7",2,0
982,0.58,4.59,"item8",2,0
982,0.58,4.59,"item9",2,0
982,0.58,4.59,"item10",1,0
982,0.58,4.59,"item11",1,0
982,0.58,4.59,"item12",1,0
982,0.58,4.59,"item13",1,0
982,0.58,4.59,"item14",1,0
982,0.58,4.59,"item15",1,0
982,0.58,4.59,"item16",1,0
982,0.58,4.59,"item17",1,0
982,0.58,4.59,"item18",1,0
984,1.1,1.88,"item1",3,0
984,1.1,1.88,"item2",4,1
984,1.1,1.88,"item3",4,1
984,1.1,1.88,"item4",1,0
984,1.1,1.88,"item5",1,0
984,1.1,1.88,"item6",1,0
984,1.1,1.88,"item7",2,0
984,1.1,1.88,"item8",2,0
984,1.1,1.88,"item9",1,0
984,1.1,1.88,"item10",1,0
984,1.1,1.88,"item11",2,0
984,1.1,1.88,"item12",1,0
984,1.1,1.88,"item13",1,0
984,1.1,1.88,"item14",1,0
984,1.1,1.88,"item15",1,0
984,1.1,1.88,"item16",1,0
984,1.1,1.88,"item17",1,0
984,1.1,1.88,"item18",1,0
991,0.69,1.16,"item1",3,0
991,0.69,1.16,"item2",2,0
991,0.69,1.16,"item3",3,0
991,0.69,1.16,"item4",2,0
991,0.69,1.16,"item5",1,0
991,0.69,1.16,"item6",1,0
991,0.69,1.16,"item7",2,0
991,0.69,1.16,"item8",1,0
991,0.69,1.16,"item9",2,0
991,0.69,1.16,"item10",2,0
991,0.69,1.16,"item11",2,0
991,0.69,1.16,"item12",1,0
991,0.69,1.16,"item13",1,0
991,0.69,1.16,"item14",1,0
991,0.69,1.16,"item15",1,0
991,0.69,1.16,"item16",1,0
991,0.69,1.16,"item17",1,0
991,0.69,1.16,"item18",1,0
992,1.06,0.69,"item1",1,0
992,1.06,0.69,"item2",1,0
992,1.06,0.69,"item3",1,0
992,1.06,0.69,"item4",1,0
992,1.06,0.69,"item5",1,0
992,1.06,0.69,"item6",1,0
992,1.06,0.69,"item7",1,0
992,1.06,0.69,"item8",1,0
992,1.06,0.69,"item9",1,0
992,1.06,0.69,"item10",1,0
992,1.06,0.69,"item11",1,0
992,1.06,0.69,"item12",1,0
992,1.06,0.69,"item13",1,0
992,1.06,0.69,"item14",1,0
992,1.06,0.69,"item15",1,0
992,1.06,0.69,"item16",1,0
992,1.06,0.69,"item17",1,0
992,1.06,0.69,"item18",1,0
994,1.1,1,"item1",3,0
994,1.1,1,"item2",3,0
994,1.1,1,"item3",3,0
994,1.1,1,"item4",2,0
994,1.1,1,"item5",2,0
994,1.1,1,"item6",2,0
994,1.1,1,"item7",2,0
994,1.1,1,"item8",2,0
994,1.1,1,"item9",2,0
994,1.1,1,"item10",2,0
994,1.1,1,"item11",2,0
994,1.1,1,"item12",2,0
994,1.1,1,"item13",2,0
994,1.1,1,"item14",2,0
994,1.1,1,"item15",2,0
994,1.1,1,"item16",2,0
994,1.1,1,"item17",1,0
994,1.1,1,"item18",1,0
997,1.16,1.53,"item1",2,0
997,1.16,1.53,"item2",2,0
997,1.16,1.53,"item3",2,0
997,1.16,1.53,"item4",2,0
997,1.16,1.53,"item5",2,0
997,1.16,1.53,"item6",1,0
997,1.16,1.53,"item7",2,0
997,1.16,1.53,"item8",1,0
997,1.16,1.53,"item9",1,0
997,1.16,1.53,"item10",1,0
997,1.16,1.53,"item11",1,0
997,1.16,1.53,"item12",1,0
997,1.16,1.53,"item13",1,0
997,1.16,1.53,"item14",1,0
997,1.16,1.53,"item15",1,0
997,1.16,1.53,"item16",1,0
997,1.16,1.53,"item17",1,0
997,1.16,1.53,"item18",1,0
998,0.47,0.75,"item1",1,0
998,0.47,0.75,"item2",2,0
998,0.47,0.75,"item3",2,0
998,0.47,0.75,"item4",4,1
998,0.47,0.75,"item5",3,0
998,0.47,0.75,"item6",3,0
998,0.47,0.75,"item7",1,0
998,0.47,0.75,"item8",1,0
998,0.47,0.75,"item9",1,0
998,0.47,0.75,"item10",2,0
998,0.47,0.75,"item11",2,0
998,0.47,0.75,"item12",1,0
998,0.47,0.75,"item13",1,0
998,0.47,0.75,"item14",2,0
998,0.47,0.75,"item15",1,0
998,0.47,0.75,"item16",2,0
998,0.47,0.75,"item17",1,0
998,0.47,0.75,"item18",1,0
1000,0.79,0.35,"item1",2,0
1000,0.79,0.35,"item2",2,0
1000,0.79,0.35,"item3",2,0
1000,0.79,0.35,"item4",2,0
1000,0.79,0.35,"item5",2,0
1000,0.79,0.35,"item6",2,0
1000,0.79,0.35,"item7",2,0
1000,0.79,0.35,"item8",2,0
1000,0.79,0.35,"item9",2,0
1000,0.79,0.35,"item10",3,0
1000,0.79,0.35,"item11",2,0
1000,0.79,0.35,"item12",2,0
1000,0.79,0.35,"item13",2,0
1000,0.79,0.35,"item14",2,0
1000,0.79,0.35,"item15",2,0
1000,0.79,0.35,"item16",2,0
1000,0.79,0.35,"item17",2,0
1000,0.79,0.35,"item18",2,0
1001,0.81,1.18,"item1",2,0
1001,0.81,1.18,"item2",2,0
1001,0.81,1.18,"item3",2,0
1001,0.81,1.18,"item4",2,0
1001,0.81,1.18,"item5",2,0
1001,0.81,1.18,"item6",2,0
1001,0.81,1.18,"item7",2,0
1001,0.81,1.18,"item8",2,0
1001,0.81,1.18,"item9",2,0
1001,0.81,1.18,"item10",2,0
1001,0.81,1.18,"item11",2,0
1001,0.81,1.18,"item12",2,0
1001,0.81,1.18,"item13",2,0
1001,0.81,1.18,"item14",2,0
1001,0.81,1.18,"item15",2,0
1001,0.81,1.18,"item16",2,0
1001,0.81,1.18,"item17",2,0
1001,0.81,1.18,"item18",2,0
1006,0.39,0.94,"item1",3,0
1006,0.39,0.94,"item2",3,0
1006,0.39,0.94,"item3",3,0
1006,0.39,0.94,"item4",2,0
1006,0.39,0.94,"item5",2,0
1006,0.39,0.94,"item6",1,0
1006,0.39,0.94,"item7",2,0
1006,0.39,0.94,"item8",2,0
1006,0.39,0.94,"item9",2,0
1006,0.39,0.94,"item10",1,0
1006,0.39,0.94,"item11",1,0
1006,0.39,0.94,"item12",1,0
1006,0.39,0.94,"item13",1,0
1006,0.39,0.94,"item14",2,0
1006,0.39,0.94,"item15",2,0
1006,0.39,0.94,"item16",1,0
1006,0.39,0.94,"item17",1,0
1006,0.39,0.94,"item18",1,0
1007,0.78,0.65,"item1",3,0
1007,0.78,0.65,"item2",3,0
1007,0.78,0.65,"item3",2,0
1007,0.78,0.65,"item4",1,0
1007,0.78,0.65,"item5",2,0
1007,0.78,0.65,"item6",1,0
1007,0.78,0.65,"item7",2,0
1007,0.78,0.65,"item8",1,0
1007,0.78,0.65,"item9",1,0
1007,0.78,0.65,"item10",2,0
1007,0.78,0.65,"item11",1,0
1007,0.78,0.65,"item12",1,0
1007,0.78,0.65,"item13",1,0
1007,0.78,0.65,"item14",1,0
1007,0.78,0.65,"item15",1,0
1007,0.78,0.65,"item16",1,0
1007,0.78,0.65,"item17",1,0
1007,0.78,0.65,"item18",1,0
1009,0.31,0.68,"item1",4,1
1009,0.31,0.68,"item2",4,1
1009,0.31,0.68,"item3",4,1
1009,0.31,0.68,"item4",3,0
1009,0.31,0.68,"item5",2,0
1009,0.31,0.68,"item6",2,0
1009,0.31,0.68,"item7",4,1
1009,0.31,0.68,"item8",4,1
1009,0.31,0.68,"item9",3,0
1009,0.31,0.68,"item10",4,1
1009,0.31,0.68,"item11",3,0
1009,0.31,0.68,"item12",1,0
1009,0.31,0.68,"item13",3,0
1009,0.31,0.68,"item14",4,1
1009,0.31,0.68,"item15",3,0
1009,0.31,0.68,"item16",1,0
1009,0.31,0.68,"item17",1,0
1009,0.31,0.68,"item18",1,0
1010,0.62,1.24,"item1",3,0
1010,0.62,1.24,"item2",4,1
1010,0.62,1.24,"item3",4,1
1010,0.62,1.24,"item4",2,0
1010,0.62,1.24,"item5",2,0
1010,0.62,1.24,"item6",1,0
1010,0.62,1.24,"item7",2,0
1010,0.62,1.24,"item8",1,0
1010,0.62,1.24,"item9",1,0
1010,0.62,1.24,"item10",1,0
1010,0.62,1.24,"item11",1,0
1010,0.62,1.24,"item12",1,0
1010,0.62,1.24,"item13",1,0
1010,0.62,1.24,"item14",1,0
1010,0.62,1.24,"item15",1,0
1010,0.62,1.24,"item16",1,0
1010,0.62,1.24,"item17",1,0
1010,0.62,1.24,"item18",1,0
1011,0.54,0.93,"item1",2,0
1011,0.54,0.93,"item2",2,0
1011,0.54,0.93,"item3",2,0
1011,0.54,0.93,"item4",3,0
1011,0.54,0.93,"item5",3,0
1011,0.54,0.93,"item6",3,0
1011,0.54,0.93,"item7",3,0
1011,0.54,0.93,"item8",3,0
1011,0.54,0.93,"item9",2,0
1011,0.54,0.93,"item10",3,0
1011,0.54,0.93,"item11",2,0
1011,0.54,0.93,"item12",1,0
1011,0.54,0.93,"item13",2,0
1011,0.54,0.93,"item14",1,0
1011,0.54,0.93,"item15",2,0
1011,0.54,0.93,"item16",2,0
1011,0.54,0.93,"item17",2,0
1011,0.54,0.93,"item18",1,0
1013,0.62,1.38,"item1",2,0
1013,0.62,1.38,"item2",2,0
1013,0.62,1.38,"item3",3,0
1013,0.62,1.38,"item4",2,0
1013,0.62,1.38,"item5",3,0
1013,0.62,1.38,"item6",2,0
1013,0.62,1.38,"item7",1,0
1013,0.62,1.38,"item8",1,0
1013,0.62,1.38,"item9",1,0
1013,0.62,1.38,"item10",1,0
1013,0.62,1.38,"item11",1,0
1013,0.62,1.38,"item12",1,0
1013,0.62,1.38,"item13",1,0
1013,0.62,1.38,"item14",2,0
1013,0.62,1.38,"item15",2,0
1013,0.62,1.38,"item16",2,0
1013,0.62,1.38,"item17",1,0
1013,0.62,1.38,"item18",1,0
1014,0.41,0.98,"item1",2,0
1014,0.41,0.98,"item2",2,0
1014,0.41,0.98,"item3",2,0
1014,0.41,0.98,"item4",1,0
1014,0.41,0.98,"item5",1,0
1014,0.41,0.98,"item6",1,0
1014,0.41,0.98,"item7",2,0
1014,0.41,0.98,"item8",1,0
1014,0.41,0.98,"item9",1,0
1014,0.41,0.98,"item10",2,0
1014,0.41,0.98,"item11",1,0
1014,0.41,0.98,"item12",1,0
1014,0.41,0.98,"item13",1,0
1014,0.41,0.98,"item14",1,0
1014,0.41,0.98,"item15",1,0
1014,0.41,0.98,"item16",1,0
1014,0.41,0.98,"item17",1,0
1014,0.41,0.98,"item18",1,0
1015,1.62,3.18,"item1",2,0
1015,1.62,3.18,"item2",1,0
1015,1.62,3.18,"item3",1,0
1015,1.62,3.18,"item4",1,0
1015,1.62,3.18,"item5",1,0
1015,1.62,3.18,"item6",1,0
1015,1.62,3.18,"item7",4,1
1015,1.62,3.18,"item8",4,1
1015,1.62,3.18,"item9",4,1
1015,1.62,3.18,"item10",3,0
1015,1.62,3.18,"item11",2,0
1015,1.62,3.18,"item12",1,0
1015,1.62,3.18,"item13",1,0
1015,1.62,3.18,"item14",4,1
1015,1.62,3.18,"item15",2,0
1015,1.62,3.18,"item16",1,0
1015,1.62,3.18,"item17",1,0
1015,1.62,3.18,"item18",1,0
1016,0.84,1.41,"item1",4,1
1016,0.84,1.41,"item2",4,1
1016,0.84,1.41,"item3",4,1
1016,0.84,1.41,"item4",2,0
1016,0.84,1.41,"item5",2,0
1016,0.84,1.41,"item6",2,0
1016,0.84,1.41,"item7",2,0
1016,0.84,1.41,"item8",1,0
1016,0.84,1.41,"item9",1,0
1016,0.84,1.41,"item10",1,0
1016,0.84,1.41,"item11",1,0
1016,0.84,1.41,"item12",1,0
1016,0.84,1.41,"item13",1,0
1016,0.84,1.41,"item14",1,0
1016,0.84,1.41,"item15",1,0
1016,0.84,1.41,"item16",1,0
1016,0.84,1.41,"item17",1,0
1016,0.84,1.41,"item18",1,0
1018,0.49,1.16,"item1",2,0
1018,0.49,1.16,"item2",2,0
1018,0.49,1.16,"item3",2,0
1018,0.49,1.16,"item4",2,0
1018,0.49,1.16,"item5",2,0
1018,0.49,1.16,"item6",2,0
1018,0.49,1.16,"item7",2,0
1018,0.49,1.16,"item8",1,0
1018,0.49,1.16,"item9",2,0
1018,0.49,1.16,"item10",2,0
1018,0.49,1.16,"item11",2,0
1018,0.49,1.16,"item12",1,0
1018,0.49,1.16,"item13",2,0
1018,0.49,1.16,"item14",1,0
1018,0.49,1.16,"item15",2,0
1018,0.49,1.16,"item16",2,0
1018,0.49,1.16,"item17",1,0
1018,0.49,1.16,"item18",1,0
1022,0.86,1.41,"item1",4,1
1022,0.86,1.41,"item2",4,1
1022,0.86,1.41,"item3",4,1
1022,0.86,1.41,"item4",1,0
1022,0.86,1.41,"item5",1,0
1022,0.86,1.41,"item6",1,0
1022,0.86,1.41,"item7",2,0
1022,0.86,1.41,"item8",2,0
1022,0.86,1.41,"item9",2,0
1022,0.86,1.41,"item10",1,0
1022,0.86,1.41,"item11",1,0
1022,0.86,1.41,"item12",1,0
1022,0.86,1.41,"item13",1,0
1022,0.86,1.41,"item14",1,0
1022,0.86,1.41,"item15",1,0
1022,0.86,1.41,"item16",1,0
1022,0.86,1.41,"item17",1,0
1022,0.86,1.41,"item18",1,0
1023,0.47,3.87,"item1",1,0
1023,0.47,3.87,"item2",2,0
1023,0.47,3.87,"item3",2,0
1023,0.47,3.87,"item4",2,0
1023,0.47,3.87,"item5",3,0
1023,0.47,3.87,"item6",3,0
1023,0.47,3.87,"item7",2,0
1023,0.47,3.87,"item8",2,0
1023,0.47,3.87,"item9",2,0
1023,0.47,3.87,"item10",2,0
1023,0.47,3.87,"item11",1,0
1023,0.47,3.87,"item12",3,0
1023,0.47,3.87,"item13",2,0
1023,0.47,3.87,"item14",2,0
1023,0.47,3.87,"item15",3,0
1023,0.47,3.87,"item16",2,0
1023,0.47,3.87,"item17",2,0
1023,0.47,3.87,"item18",3,0
1024,0.79,1.34,"item1",4,1
1024,0.79,1.34,"item2",4,1
1024,0.79,1.34,"item3",4,1
1024,0.79,1.34,"item4",1,0
1024,0.79,1.34,"item5",1,0
1024,0.79,1.34,"item6",1,0
1024,0.79,1.34,"item7",1,0
1024,0.79,1.34,"item8",1,0
1024,0.79,1.34,"item9",1,0
1024,0.79,1.34,"item10",1,0
1024,0.79,1.34,"item11",1,0
1024,0.79,1.34,"item12",1,0
1024,0.79,1.34,"item13",1,0
1024,0.79,1.34,"item14",1,0
1024,0.79,1.34,"item15",1,0
1024,0.79,1.34,"item16",1,0
1024,0.79,1.34,"item17",1,0
1024,0.79,1.34,"item18",1,0
1026,0.95,2.22,"item1",2,0
1026,0.95,2.22,"item2",2,0
1026,0.95,2.22,"item3",2,0
1026,0.95,2.22,"item4",3,0
1026,0.95,2.22,"item5",3,0
1026,0.95,2.22,"item6",3,0
1026,0.95,2.22,"item7",3,0
1026,0.95,2.22,"item8",3,0
1026,0.95,2.22,"item9",3,0
1026,0.95,2.22,"item10",3,0
1026,0.95,2.22,"item11",2,0
1026,0.95,2.22,"item12",2,0
1026,0.95,2.22,"item13",2,0
1026,0.95,2.22,"item14",2,0
1026,0.95,2.22,"item15",2,0
1026,0.95,2.22,"item16",2,0
1026,0.95,2.22,"item17",2,0
1026,0.95,2.22,"item18",2,0
1027,1.17,2.22,"item1",2,0
1027,1.17,2.22,"item2",2,0
1027,1.17,2.22,"item3",1,0
1027,1.17,2.22,"item4",1,0
1027,1.17,2.22,"item5",2,0
1027,1.17,2.22,"item6",1,0
1027,1.17,2.22,"item7",2,0
1027,1.17,2.22,"item8",1,0
1027,1.17,2.22,"item9",1,0
1027,1.17,2.22,"item10",1,0
1027,1.17,2.22,"item11",2,0
1027,1.17,2.22,"item12",1,0
1027,1.17,2.22,"item13",1,0
1027,1.17,2.22,"item14",1,0
1027,1.17,2.22,"item15",2,0
1027,1.17,2.22,"item16",1,0
1027,1.17,2.22,"item17",1,0
1027,1.17,2.22,"item18",1,0
1029,0.58,1.02,"item1",4,1
1029,0.58,1.02,"item2",3,0
1029,0.58,1.02,"item3",3,0
1029,0.58,1.02,"item4",3,0
1029,0.58,1.02,"item5",3,0
1029,0.58,1.02,"item6",2,0
1029,0.58,1.02,"item7",3,0
1029,0.58,1.02,"item8",3,0
1029,0.58,1.02,"item9",2,0
1029,0.58,1.02,"item10",2,0
1029,0.58,1.02,"item11",2,0
1029,0.58,1.02,"item12",2,0
1029,0.58,1.02,"item13",2,0
1029,0.58,1.02,"item14",2,0
1029,0.58,1.02,"item15",2,0
1029,0.58,1.02,"item16",2,0
1029,0.58,1.02,"item17",2,0
1029,0.58,1.02,"item18",1,0
1033,1.55,1.83,"item1",2,0
1033,1.55,1.83,"item2",2,0
1033,1.55,1.83,"item3",2,0
1033,1.55,1.83,"item4",3,0
1033,1.55,1.83,"item5",2,0
1033,1.55,1.83,"item6",2,0
1033,1.55,1.83,"item7",4,1
1033,1.55,1.83,"item8",4,1
1033,1.55,1.83,"item9",3,0
1033,1.55,1.83,"item10",3,0
1033,1.55,1.83,"item11",2,0
1033,1.55,1.83,"item12",1,0
1033,1.55,1.83,"item13",1,0
1033,1.55,1.83,"item14",1,0
1033,1.55,1.83,"item15",2,0
1033,1.55,1.83,"item16",2,0
1033,1.55,1.83,"item17",2,0
1033,1.55,1.83,"item18",1,0
1035,0.9,0.93,"item1",2,0
1035,0.9,0.93,"item2",2,0
1035,0.9,0.93,"item3",2,0
1035,0.9,0.93,"item4",2,0
1035,0.9,0.93,"item5",2,0
1035,0.9,0.93,"item6",2,0
1035,0.9,0.93,"item7",1,0
1035,0.9,0.93,"item8",1,0
1035,0.9,0.93,"item9",1,0
1035,0.9,0.93,"item10",1,0
1035,0.9,0.93,"item11",1,0
1035,0.9,0.93,"item12",1,0
1035,0.9,0.93,"item13",1,0
1035,0.9,0.93,"item14",1,0
1035,0.9,0.93,"item15",1,0
1035,0.9,0.93,"item16",1,0
1035,0.9,0.93,"item17",1,0
1035,0.9,0.93,"item18",1,0
1036,1.49,2.06,"item1",1,0
1036,1.49,2.06,"item2",1,0
1036,1.49,2.06,"item3",1,0
1036,1.49,2.06,"item4",3,0
1036,1.49,2.06,"item5",2,0
1036,1.49,2.06,"item6",2,0
1036,1.49,2.06,"item7",3,0
1036,1.49,2.06,"item8",1,0
1036,1.49,2.06,"item9",2,0
1036,1.49,2.06,"item10",2,0
1036,1.49,2.06,"item11",4,1
1036,1.49,2.06,"item12",2,0
1036,1.49,2.06,"item13",2,0
1036,1.49,2.06,"item14",2,0
1036,1.49,2.06,"item15",2,0
1036,1.49,2.06,"item16",2,0
1036,1.49,2.06,"item17",2,0
1036,1.49,2.06,"item18",4,1
1037,0.68,2.26,"item1",4,1
1037,0.68,2.26,"item2",4,1
1037,0.68,2.26,"item3",4,1
1037,0.68,2.26,"item4",1,0
1037,0.68,2.26,"item5",1,0
1037,0.68,2.26,"item6",1,0
1037,0.68,2.26,"item7",1,0
1037,0.68,2.26,"item8",1,0
1037,0.68,2.26,"item9",1,0
1037,0.68,2.26,"item10",1,0
1037,0.68,2.26,"item11",1,0
1037,0.68,2.26,"item12",1,0
1037,0.68,2.26,"item13",1,0
1037,0.68,2.26,"item14",1,0
1037,0.68,2.26,"item15",1,0
1037,0.68,2.26,"item16",1,0
1037,0.68,2.26,"item17",1,0
1037,0.68,2.26,"item18",1,0
1040,0.65,2.17,"item1",2,0
1040,0.65,2.17,"item2",2,0
1040,0.65,2.17,"item3",2,0
1040,0.65,2.17,"item4",2,0
1040,0.65,2.17,"item5",1,0
1040,0.65,2.17,"item6",2,0
1040,0.65,2.17,"item7",2,0
1040,0.65,2.17,"item8",1,0
1040,0.65,2.17,"item9",1,0
1040,0.65,2.17,"item10",2,0
1040,0.65,2.17,"item11",2,0
1040,0.65,2.17,"item12",1,0
1040,0.65,2.17,"item13",1,0
1040,0.65,2.17,"item14",1,0
1040,0.65,2.17,"item15",1,0
1040,0.65,2.17,"item16",2,0
1040,0.65,2.17,"item17",1,0
1040,0.65,2.17,"item18",1,0
1042,0.76,0.32,"item1",2,0
1042,0.76,0.32,"item2",2,0
1042,0.76,0.32,"item3",2,0
1042,0.76,0.32,"item4",3,0
1042,0.76,0.32,"item5",3,0
1042,0.76,0.32,"item6",1,0
1042,0.76,0.32,"item7",2,0
1042,0.76,0.32,"item8",1,0
1042,0.76,0.32,"item9",2,0
1042,0.76,0.32,"item10",1,0
1042,0.76,0.32,"item11",1,0
1042,0.76,0.32,"item12",1,0
1042,0.76,0.32,"item13",1,0
1042,0.76,0.32,"item14",1,0
1042,0.76,0.32,"item15",1,0
1042,0.76,0.32,"item16",1,0
1042,0.76,0.32,"item17",1,0
1042,0.76,0.32,"item18",1,0
1043,1.08,2.07,"item1",2,0
1043,1.08,2.07,"item2",2,0
1043,1.08,2.07,"item3",2,0
1043,1.08,2.07,"item4",3,0
1043,1.08,2.07,"item5",2,0
1043,1.08,2.07,"item6",2,0
1043,1.08,2.07,"item7",1,0
1043,1.08,2.07,"item8",1,0
1043,1.08,2.07,"item9",1,0
1043,1.08,2.07,"item10",2,0
1043,1.08,2.07,"item11",2,0
1043,1.08,2.07,"item12",2,0
1043,1.08,2.07,"item13",2,0
1043,1.08,2.07,"item14",2,0
1043,1.08,2.07,"item15",2,0
1043,1.08,2.07,"item16",2,0
1043,1.08,2.07,"item17",2,0
1043,1.08,2.07,"item18",1,0
1045,NA,NA,"item1",4,1
1045,NA,NA,"item2",4,1
1045,NA,NA,"item3",4,1
1045,NA,NA,"item4",2,0
1045,NA,NA,"item5",1,0
1045,NA,NA,"item6",1,0
1045,NA,NA,"item7",3,0
1045,NA,NA,"item8",2,0
1045,NA,NA,"item9",1,0
1045,NA,NA,"item10",4,1
1045,NA,NA,"item11",2,0
1045,NA,NA,"item12",1,0
1045,NA,NA,"item13",3,0
1045,NA,NA,"item14",1,0
1045,NA,NA,"item15",1,0
1045,NA,NA,"item16",1,0
1045,NA,NA,"item17",1,0
1045,NA,NA,"item18",2,0
1046,1.05,0.91,"item1",2,0
1046,1.05,0.91,"item2",2,0
1046,1.05,0.91,"item3",2,0
1046,1.05,0.91,"item4",2,0
1046,1.05,0.91,"item5",2,0
1046,1.05,0.91,"item6",2,0
1046,1.05,0.91,"item7",2,0
1046,1.05,0.91,"item8",2,0
1046,1.05,0.91,"item9",2,0
1046,1.05,0.91,"item10",1,0
1046,1.05,0.91,"item11",2,0
1046,1.05,0.91,"item12",1,0
1046,1.05,0.91,"item13",2,0
1046,1.05,0.91,"item14",1,0
1046,1.05,0.91,"item15",1,0
1046,1.05,0.91,"item16",2,0
1046,1.05,0.91,"item17",1,0
1046,1.05,0.91,"item18",2,0
1049,0.37,1.24,"item1",1,0
1049,0.37,1.24,"item2",2,0
1049,0.37,1.24,"item3",3,0
1049,0.37,1.24,"item4",2,0
1049,0.37,1.24,"item5",2,0
1049,0.37,1.24,"item6",2,0
1049,0.37,1.24,"item7",2,0
1049,0.37,1.24,"item8",2,0
1049,0.37,1.24,"item9",2,0
1049,0.37,1.24,"item10",2,0
1049,0.37,1.24,"item11",2,0
1049,0.37,1.24,"item12",2,0
1049,0.37,1.24,"item13",2,0
1049,0.37,1.24,"item14",2,0
1049,0.37,1.24,"item15",2,0
1049,0.37,1.24,"item16",2,0
1049,0.37,1.24,"item17",2,0
1049,0.37,1.24,"item18",2,0
1055,1.07,1.34,"item1",4,1
1055,1.07,1.34,"item2",4,1
1055,1.07,1.34,"item3",4,1
1055,1.07,1.34,"item4",1,0
1055,1.07,1.34,"item5",1,0
1055,1.07,1.34,"item6",1,0
1055,1.07,1.34,"item7",1,0
1055,1.07,1.34,"item8",1,0
1055,1.07,1.34,"item9",1,0
1055,1.07,1.34,"item10",1,0
1055,1.07,1.34,"item11",1,0
1055,1.07,1.34,"item12",1,0
1055,1.07,1.34,"item13",1,0
1055,1.07,1.34,"item14",1,0
1055,1.07,1.34,"item15",1,0
1055,1.07,1.34,"item16",1,0
1055,1.07,1.34,"item17",1,0
1055,1.07,1.34,"item18",1,0
1056,1,0.76,"item1",3,0
1056,1,0.76,"item2",3,0
1056,1,0.76,"item3",3,0
1056,1,0.76,"item4",2,0
1056,1,0.76,"item5",1,0
1056,1,0.76,"item6",1,0
1056,1,0.76,"item7",1,0
1056,1,0.76,"item8",1,0
1056,1,0.76,"item9",1,0
1056,1,0.76,"item10",1,0
1056,1,0.76,"item11",1,0
1056,1,0.76,"item12",1,0
1056,1,0.76,"item13",1,0
1056,1,0.76,"item14",1,0
1056,1,0.76,"item15",1,0
1056,1,0.76,"item16",1,0
1056,1,0.76,"item17",1,0
1056,1,0.76,"item18",1,0
1058,0.87,0.24,"item1",4,1
1058,0.87,0.24,"item2",4,1
1058,0.87,0.24,"item3",3,0
1058,0.87,0.24,"item4",3,0
1058,0.87,0.24,"item5",3,0
1058,0.87,0.24,"item6",3,0
1058,0.87,0.24,"item7",2,0
1058,0.87,0.24,"item8",1,0
1058,0.87,0.24,"item9",1,0
1058,0.87,0.24,"item10",3,0
1058,0.87,0.24,"item11",2,0
1058,0.87,0.24,"item12",1,0
1058,0.87,0.24,"item13",1,0
1058,0.87,0.24,"item14",1,0
1058,0.87,0.24,"item15",1,0
1058,0.87,0.24,"item16",2,0
1058,0.87,0.24,"item17",1,0
1058,0.87,0.24,"item18",1,0
1060,0.98,8.16,"item1",2,0
1060,0.98,8.16,"item2",2,0
1060,0.98,8.16,"item3",2,0
1060,0.98,8.16,"item4",2,0
1060,0.98,8.16,"item5",2,0
1060,0.98,8.16,"item6",2,0
1060,0.98,8.16,"item7",2,0
1060,0.98,8.16,"item8",1,0
1060,0.98,8.16,"item9",1,0
1060,0.98,8.16,"item10",1,0
1060,0.98,8.16,"item11",1,0
1060,0.98,8.16,"item12",1,0
1060,0.98,8.16,"item13",1,0
1060,0.98,8.16,"item14",1,0
1060,0.98,8.16,"item15",1,0
1060,0.98,8.16,"item16",1,0
1060,0.98,8.16,"item17",1,0
1060,0.98,8.16,"item18",1,0
1061,1.05,3.74,"item1",2,0
1061,1.05,3.74,"item2",2,0
1061,1.05,3.74,"item3",2,0
1061,1.05,3.74,"item4",2,0
1061,1.05,3.74,"item5",2,0
1061,1.05,3.74,"item6",2,0
1061,1.05,3.74,"item7",2,0
1061,1.05,3.74,"item8",1,0
1061,1.05,3.74,"item9",2,0
1061,1.05,3.74,"item10",1,0
1061,1.05,3.74,"item11",2,0
1061,1.05,3.74,"item12",1,0
1061,1.05,3.74,"item13",2,0
1061,1.05,3.74,"item14",2,0
1061,1.05,3.74,"item15",2,0
1061,1.05,3.74,"item16",2,0
1061,1.05,3.74,"item17",1,0
1061,1.05,3.74,"item18",1,0
1064,1.79,2.61,"item1",3,0
1064,1.79,2.61,"item2",2,0
1064,1.79,2.61,"item3",3,0
1064,1.79,2.61,"item4",1,0
1064,1.79,2.61,"item5",1,0
1064,1.79,2.61,"item6",1,0
1064,1.79,2.61,"item7",2,0
1064,1.79,2.61,"item8",1,0
1064,1.79,2.61,"item9",1,0
1064,1.79,2.61,"item10",1,0
1064,1.79,2.61,"item11",1,0
1064,1.79,2.61,"item12",1,0
1064,1.79,2.61,"item13",1,0
1064,1.79,2.61,"item14",1,0
1064,1.79,2.61,"item15",1,0
1064,1.79,2.61,"item16",1,0
1064,1.79,2.61,"item17",1,0
1064,1.79,2.61,"item18",1,0
1066,0.85,1.46,"item1",4,1
1066,0.85,1.46,"item2",4,1
1066,0.85,1.46,"item3",4,1
1066,0.85,1.46,"item4",3,0
1066,0.85,1.46,"item5",3,0
1066,0.85,1.46,"item6",3,0
1066,0.85,1.46,"item7",3,0
1066,0.85,1.46,"item8",3,0
1066,0.85,1.46,"item9",1,0
1066,0.85,1.46,"item10",4,1
1066,0.85,1.46,"item11",4,1
1066,0.85,1.46,"item12",3,0
1066,0.85,1.46,"item13",3,0
1066,0.85,1.46,"item14",1,0
1066,0.85,1.46,"item15",1,0
1066,0.85,1.46,"item16",1,0
1066,0.85,1.46,"item17",1,0
1066,0.85,1.46,"item18",3,0
1068,0.82,4.97,"item1",2,0
1068,0.82,4.97,"item2",2,0
1068,0.82,4.97,"item3",2,0
1068,0.82,4.97,"item4",1,0
1068,0.82,4.97,"item5",1,0
1068,0.82,4.97,"item6",1,0
1068,0.82,4.97,"item7",2,0
1068,0.82,4.97,"item8",1,0
1068,0.82,4.97,"item9",1,0
1068,0.82,4.97,"item10",2,0
1068,0.82,4.97,"item11",2,0
1068,0.82,4.97,"item12",1,0
1068,0.82,4.97,"item13",2,0
1068,0.82,4.97,"item14",1,0
1068,0.82,4.97,"item15",1,0
1068,0.82,4.97,"item16",1,0
1068,0.82,4.97,"item17",1,0
1068,0.82,4.97,"item18",1,0
1072,0.34,2.05,"item1",2,0
1072,0.34,2.05,"item2",2,0
1072,0.34,2.05,"item3",2,0
1072,0.34,2.05,"item4",1,0
1072,0.34,2.05,"item5",1,0
1072,0.34,2.05,"item6",1,0
1072,0.34,2.05,"item7",1,0
1072,0.34,2.05,"item8",1,0
1072,0.34,2.05,"item9",1,0
1072,0.34,2.05,"item10",1,0
1072,0.34,2.05,"item11",1,0
1072,0.34,2.05,"item12",1,0
1072,0.34,2.05,"item13",1,0
1072,0.34,2.05,"item14",2,0
1072,0.34,2.05,"item15",1,0
1072,0.34,2.05,"item16",1,0
1072,0.34,2.05,"item17",1,0
1072,0.34,2.05,"item18",1,0
1073,0.91,7.51,"item1",1,0
1073,0.91,7.51,"item2",1,0
1073,0.91,7.51,"item3",1,0
1073,0.91,7.51,"item4",1,0
1073,0.91,7.51,"item5",1,0
1073,0.91,7.51,"item6",1,0
1073,0.91,7.51,"item7",1,0
1073,0.91,7.51,"item8",1,0
1073,0.91,7.51,"item9",1,0
1073,0.91,7.51,"item10",1,0
1073,0.91,7.51,"item11",1,0
1073,0.91,7.51,"item12",1,0
1073,0.91,7.51,"item13",1,0
1073,0.91,7.51,"item14",1,0
1073,0.91,7.51,"item15",1,0
1073,0.91,7.51,"item16",1,0
1073,0.91,7.51,"item17",1,0
1073,0.91,7.51,"item18",1,0
1074,1.06,1.98,"item1",3,0
1074,1.06,1.98,"item2",2,0
1074,1.06,1.98,"item3",3,0
1074,1.06,1.98,"item4",2,0
1074,1.06,1.98,"item5",2,0
1074,1.06,1.98,"item6",3,0
1074,1.06,1.98,"item7",2,0
1074,1.06,1.98,"item8",1,0
1074,1.06,1.98,"item9",2,0
1074,1.06,1.98,"item10",2,0
1074,1.06,1.98,"item11",2,0
1074,1.06,1.98,"item12",2,0
1074,1.06,1.98,"item13",2,0
1074,1.06,1.98,"item14",2,0
1074,1.06,1.98,"item15",2,0
1074,1.06,1.98,"item16",2,0
1074,1.06,1.98,"item17",1,0
1074,1.06,1.98,"item18",1,0
1075,0.73,0.38,"item1",1,0
1075,0.73,0.38,"item2",1,0
1075,0.73,0.38,"item3",1,0
1075,0.73,0.38,"item4",2,0
1075,0.73,0.38,"item5",2,0
1075,0.73,0.38,"item6",2,0
1075,0.73,0.38,"item7",3,0
1075,0.73,0.38,"item8",3,0
1075,0.73,0.38,"item9",3,0
1075,0.73,0.38,"item10",3,0
1075,0.73,0.38,"item11",2,0
1075,0.73,0.38,"item12",1,0
1075,0.73,0.38,"item13",2,0
1075,0.73,0.38,"item14",2,0
1075,0.73,0.38,"item15",1,0
1075,0.73,0.38,"item16",2,0
1075,0.73,0.38,"item17",1,0
1075,0.73,0.38,"item18",2,0
1079,1.01,0.59,"item1",3,0
1079,1.01,0.59,"item2",4,1
1079,1.01,0.59,"item3",3,0
1079,1.01,0.59,"item4",2,0
1079,1.01,0.59,"item5",2,0
1079,1.01,0.59,"item6",2,0
1079,1.01,0.59,"item7",1,0
1079,1.01,0.59,"item8",1,0
1079,1.01,0.59,"item9",1,0
1079,1.01,0.59,"item10",2,0
1079,1.01,0.59,"item11",2,0
1079,1.01,0.59,"item12",2,0
1079,1.01,0.59,"item13",2,0
1079,1.01,0.59,"item14",1,0
1079,1.01,0.59,"item15",1,0
1079,1.01,0.59,"item16",2,0
1079,1.01,0.59,"item17",1,0
1079,1.01,0.59,"item18",1,0
1080,0.79,1.21,"item1",4,1
1080,0.79,1.21,"item2",4,1
1080,0.79,1.21,"item3",4,1
1080,0.79,1.21,"item4",1,0
1080,0.79,1.21,"item5",1,0
1080,0.79,1.21,"item6",2,0
1080,0.79,1.21,"item7",2,0
1080,0.79,1.21,"item8",1,0
1080,0.79,1.21,"item9",1,0
1080,0.79,1.21,"item10",2,0
1080,0.79,1.21,"item11",1,0
1080,0.79,1.21,"item12",1,0
1080,0.79,1.21,"item13",1,0
1080,0.79,1.21,"item14",1,0
1080,0.79,1.21,"item15",1,0
1080,0.79,1.21,"item16",1,0
1080,0.79,1.21,"item17",1,0
1080,0.79,1.21,"item18",1,0
1083,0.8,0.82,"item1",3,0
1083,0.8,0.82,"item2",3,0
1083,0.8,0.82,"item3",2,0
1083,0.8,0.82,"item4",3,0
1083,0.8,0.82,"item5",4,1
1083,0.8,0.82,"item6",2,0
1083,0.8,0.82,"item7",2,0
1083,0.8,0.82,"item8",1,0
1083,0.8,0.82,"item9",1,0
1083,0.8,0.82,"item10",1,0
1083,0.8,0.82,"item11",1,0
1083,0.8,0.82,"item12",1,0
1083,0.8,0.82,"item13",2,0
1083,0.8,0.82,"item14",1,0
1083,0.8,0.82,"item15",1,0
1083,0.8,0.82,"item16",2,0
1083,0.8,0.82,"item17",1,0
1083,0.8,0.82,"item18",1,0
1084,0.77,2.3,"item1",3,0
1084,0.77,2.3,"item2",3,0
1084,0.77,2.3,"item3",3,0
1084,0.77,2.3,"item4",2,0
1084,0.77,2.3,"item5",2,0
1084,0.77,2.3,"item6",1,0
1084,0.77,2.3,"item7",2,0
1084,0.77,2.3,"item8",2,0
1084,0.77,2.3,"item9",1,0
1084,0.77,2.3,"item10",1,0
1084,0.77,2.3,"item11",2,0
1084,0.77,2.3,"item12",1,0
1084,0.77,2.3,"item13",1,0
1084,0.77,2.3,"item14",2,0
1084,0.77,2.3,"item15",1,0
1084,0.77,2.3,"item16",2,0
1084,0.77,2.3,"item17",1,0
1084,0.77,2.3,"item18",1,0
1088,0.84,3.3,"item1",3,0
1088,0.84,3.3,"item2",4,1
1088,0.84,3.3,"item3",3,0
1088,0.84,3.3,"item4",1,0
1088,0.84,3.3,"item5",1,0
1088,0.84,3.3,"item6",1,0
1088,0.84,3.3,"item7",1,0
1088,0.84,3.3,"item8",1,0
1088,0.84,3.3,"item9",1,0
1088,0.84,3.3,"item10",1,0
1088,0.84,3.3,"item11",1,0
1088,0.84,3.3,"item12",1,0
1088,0.84,3.3,"item13",1,0
1088,0.84,3.3,"item14",1,0
1088,0.84,3.3,"item15",1,0
1088,0.84,3.3,"item16",1,0
1088,0.84,3.3,"item17",1,0
1088,0.84,3.3,"item18",1,0
1089,0.74,1,"item1",2,0
1089,0.74,1,"item2",2,0
1089,0.74,1,"item3",3,0
1089,0.74,1,"item4",1,0
1089,0.74,1,"item5",1,0
1089,0.74,1,"item6",1,0
1089,0.74,1,"item7",2,0
1089,0.74,1,"item8",1,0
1089,0.74,1,"item9",1,0
1089,0.74,1,"item10",1,0
1089,0.74,1,"item11",1,0
1089,0.74,1,"item12",1,0
1089,0.74,1,"item13",1,0
1089,0.74,1,"item14",2,0
1089,0.74,1,"item15",2,0
1089,0.74,1,"item16",1,0
1089,0.74,1,"item17",2,0
1089,0.74,1,"item18",1,0
1090,0.99,6.63,"item1",2,0
1090,0.99,6.63,"item2",2,0
1090,0.99,6.63,"item3",2,0
1090,0.99,6.63,"item4",2,0
1090,0.99,6.63,"item5",1,0
1090,0.99,6.63,"item6",2,0
1090,0.99,6.63,"item7",1,0
1090,0.99,6.63,"item8",2,0
1090,0.99,6.63,"item9",1,0
1090,0.99,6.63,"item10",3,0
1090,0.99,6.63,"item11",1,0
1090,0.99,6.63,"item12",1,0
1090,0.99,6.63,"item13",1,0
1090,0.99,6.63,"item14",1,0
1090,0.99,6.63,"item15",1,0
1090,0.99,6.63,"item16",1,0
1090,0.99,6.63,"item17",1,0
1090,0.99,6.63,"item18",1,0
1094,0.69,1.47,"item1",2,0
1094,0.69,1.47,"item2",1,0
1094,0.69,1.47,"item3",2,0
1094,0.69,1.47,"item4",1,0
1094,0.69,1.47,"item5",2,0
1094,0.69,1.47,"item6",2,0
1094,0.69,1.47,"item7",2,0
1094,0.69,1.47,"item8",1,0
1094,0.69,1.47,"item9",2,0
1094,0.69,1.47,"item10",3,0
1094,0.69,1.47,"item11",3,0
1094,0.69,1.47,"item12",2,0
1094,0.69,1.47,"item13",2,0
1094,0.69,1.47,"item14",2,0
1094,0.69,1.47,"item15",2,0
1094,0.69,1.47,"item16",2,0
1094,0.69,1.47,"item17",1,0
1094,0.69,1.47,"item18",1,0
1100,0.6,1.25,"item1",4,1
1100,0.6,1.25,"item2",4,1
1100,0.6,1.25,"item3",4,1
1100,0.6,1.25,"item4",2,0
1100,0.6,1.25,"item5",2,0
1100,0.6,1.25,"item6",2,0
1100,0.6,1.25,"item7",2,0
1100,0.6,1.25,"item8",1,0
1100,0.6,1.25,"item9",1,0
1100,0.6,1.25,"item10",1,0
1100,0.6,1.25,"item11",1,0
1100,0.6,1.25,"item12",1,0
1100,0.6,1.25,"item13",1,0
1100,0.6,1.25,"item14",2,0
1100,0.6,1.25,"item15",1,0
1100,0.6,1.25,"item16",1,0
1100,0.6,1.25,"item17",1,0
1100,0.6,1.25,"item18",1,0
1103,0.6,1.59,"item1",3,0
1103,0.6,1.59,"item2",3,0
1103,0.6,1.59,"item3",3,0
1103,0.6,1.59,"item4",2,0
1103,0.6,1.59,"item5",2,0
1103,0.6,1.59,"item6",2,0
1103,0.6,1.59,"item7",2,0
1103,0.6,1.59,"item8",1,0
1103,0.6,1.59,"item9",2,0
1103,0.6,1.59,"item10",2,0
1103,0.6,1.59,"item11",2,0
1103,0.6,1.59,"item12",2,0
1103,0.6,1.59,"item13",2,0
1103,0.6,1.59,"item14",2,0
1103,0.6,1.59,"item15",2,0
1103,0.6,1.59,"item16",2,0
1103,0.6,1.59,"item17",1,0
1103,0.6,1.59,"item18",2,0
1104,0.89,2.96,"item1",2,0
1104,0.89,2.96,"item2",3,0
1104,0.89,2.96,"item3",3,0
1104,0.89,2.96,"item4",1,0
1104,0.89,2.96,"item5",1,0
1104,0.89,2.96,"item6",1,0
1104,0.89,2.96,"item7",1,0
1104,0.89,2.96,"item8",1,0
1104,0.89,2.96,"item9",1,0
1104,0.89,2.96,"item10",1,0
1104,0.89,2.96,"item11",1,0
1104,0.89,2.96,"item12",1,0
1104,0.89,2.96,"item13",1,0
1104,0.89,2.96,"item14",1,0
1104,0.89,2.96,"item15",1,0
1104,0.89,2.96,"item16",1,0
1104,0.89,2.96,"item17",1,0
1104,0.89,2.96,"item18",1,0
1107,0.42,0.48,"item1",4,1
1107,0.42,0.48,"item2",4,1
1107,0.42,0.48,"item3",4,1
1107,0.42,0.48,"item4",2,0
1107,0.42,0.48,"item5",1,0
1107,0.42,0.48,"item6",2,0
1107,0.42,0.48,"item7",1,0
1107,0.42,0.48,"item8",1,0
1107,0.42,0.48,"item9",1,0
1107,0.42,0.48,"item10",1,0
1107,0.42,0.48,"item11",1,0
1107,0.42,0.48,"item12",1,0
1107,0.42,0.48,"item13",1,0
1107,0.42,0.48,"item14",1,0
1107,0.42,0.48,"item15",1,0
1107,0.42,0.48,"item16",1,0
1107,0.42,0.48,"item17",1,0
1107,0.42,0.48,"item18",1,0
1108,0.61,1.78,"item1",2,0
1108,0.61,1.78,"item2",2,0
1108,0.61,1.78,"item3",2,0
1108,0.61,1.78,"item4",4,1
1108,0.61,1.78,"item5",4,1
1108,0.61,1.78,"item6",4,1
1108,0.61,1.78,"item7",4,1
1108,0.61,1.78,"item8",4,1
1108,0.61,1.78,"item9",3,0
1108,0.61,1.78,"item10",3,0
1108,0.61,1.78,"item11",3,0
1108,0.61,1.78,"item12",3,0
1108,0.61,1.78,"item13",3,0
1108,0.61,1.78,"item14",1,0
1108,0.61,1.78,"item15",1,0
1108,0.61,1.78,"item16",3,0
1108,0.61,1.78,"item17",1,0
1108,0.61,1.78,"item18",1,0
1109,1.18,2.07,"item1",2,0
1109,1.18,2.07,"item2",2,0
1109,1.18,2.07,"item3",2,0
1109,1.18,2.07,"item4",2,0
1109,1.18,2.07,"item5",2,0
1109,1.18,2.07,"item6",2,0
1109,1.18,2.07,"item7",3,0
1109,1.18,2.07,"item8",2,0
1109,1.18,2.07,"item9",2,0
1109,1.18,2.07,"item10",2,0
1109,1.18,2.07,"item11",2,0
1109,1.18,2.07,"item12",1,0
1109,1.18,2.07,"item13",2,0
1109,1.18,2.07,"item14",1,0
1109,1.18,2.07,"item15",1,0
1109,1.18,2.07,"item16",2,0
1109,1.18,2.07,"item17",1,0
1109,1.18,2.07,"item18",1,0
1110,0.55,2.25,"item1",3,0
1110,0.55,2.25,"item2",3,0
1110,0.55,2.25,"item3",3,0
1110,0.55,2.25,"item4",1,0
1110,0.55,2.25,"item5",1,0
1110,0.55,2.25,"item6",1,0
1110,0.55,2.25,"item7",1,0
1110,0.55,2.25,"item8",1,0
1110,0.55,2.25,"item9",1,0
1110,0.55,2.25,"item10",1,0
1110,0.55,2.25,"item11",1,0
1110,0.55,2.25,"item12",1,0
1110,0.55,2.25,"item13",1,0
1110,0.55,2.25,"item14",1,0
1110,0.55,2.25,"item15",1,0
1110,0.55,2.25,"item16",1,0
1110,0.55,2.25,"item17",1,0
1110,0.55,2.25,"item18",1,0
1111,0.88,1.12,"item1",2,0
1111,0.88,1.12,"item2",3,0
1111,0.88,1.12,"item3",2,0
1111,0.88,1.12,"item4",2,0
1111,0.88,1.12,"item5",2,0
1111,0.88,1.12,"item6",2,0
1111,0.88,1.12,"item7",3,0
1111,0.88,1.12,"item8",2,0
1111,0.88,1.12,"item9",2,0
1111,0.88,1.12,"item10",2,0
1111,0.88,1.12,"item11",2,0
1111,0.88,1.12,"item12",1,0
1111,0.88,1.12,"item13",2,0
1111,0.88,1.12,"item14",2,0
1111,0.88,1.12,"item15",1,0
1111,0.88,1.12,"item16",2,0
1111,0.88,1.12,"item17",1,0
1111,0.88,1.12,"item18",1,0
1112,0.85,6.7,"item1",2,0
1112,0.85,6.7,"item2",3,0
1112,0.85,6.7,"item3",3,0
1112,0.85,6.7,"item4",2,0
1112,0.85,6.7,"item5",3,0
1112,0.85,6.7,"item6",2,0
1112,0.85,6.7,"item7",2,0
1112,0.85,6.7,"item8",1,0
1112,0.85,6.7,"item9",1,0
1112,0.85,6.7,"item10",1,0
1112,0.85,6.7,"item11",1,0
1112,0.85,6.7,"item12",1,0
1112,0.85,6.7,"item13",1,0
1112,0.85,6.7,"item14",1,0
1112,0.85,6.7,"item15",1,0
1112,0.85,6.7,"item16",1,0
1112,0.85,6.7,"item17",1,0
1112,0.85,6.7,"item18",1,0
1113,0.63,2.81,"item1",2,0
1113,0.63,2.81,"item2",3,0
1113,0.63,2.81,"item3",3,0
1113,0.63,2.81,"item4",2,0
1113,0.63,2.81,"item5",2,0
1113,0.63,2.81,"item6",2,0
1113,0.63,2.81,"item7",2,0
1113,0.63,2.81,"item8",1,0
1113,0.63,2.81,"item9",1,0
1113,0.63,2.81,"item10",3,0
1113,0.63,2.81,"item11",2,0
1113,0.63,2.81,"item12",1,0
1113,0.63,2.81,"item13",1,0
1113,0.63,2.81,"item14",2,0
1113,0.63,2.81,"item15",1,0
1113,0.63,2.81,"item16",1,0
1113,0.63,2.81,"item17",1,0
1113,0.63,2.81,"item18",1,0
1114,0.74,0.49,"item1",3,0
1114,0.74,0.49,"item2",2,0
1114,0.74,0.49,"item3",2,0
1114,0.74,0.49,"item4",1,0
1114,0.74,0.49,"item5",1,0
1114,0.74,0.49,"item6",2,0
1114,0.74,0.49,"item7",2,0
1114,0.74,0.49,"item8",1,0
1114,0.74,0.49,"item9",1,0
1114,0.74,0.49,"item10",1,0
1114,0.74,0.49,"item11",2,0
1114,0.74,0.49,"item12",1,0
1114,0.74,0.49,"item13",1,0
1114,0.74,0.49,"item14",1,0
1114,0.74,0.49,"item15",1,0
1114,0.74,0.49,"item16",1,0
1114,0.74,0.49,"item17",1,0
1114,0.74,0.49,"item18",1,0
1116,1.4,4.01,"item1",2,0
1116,1.4,4.01,"item2",2,0
1116,1.4,4.01,"item3",3,0
1116,1.4,4.01,"item4",2,0
1116,1.4,4.01,"item5",2,0
1116,1.4,4.01,"item6",2,0
1116,1.4,4.01,"item7",3,0
1116,1.4,4.01,"item8",2,0
1116,1.4,4.01,"item9",2,0
1116,1.4,4.01,"item10",2,0
1116,1.4,4.01,"item11",2,0
1116,1.4,4.01,"item12",2,0
1116,1.4,4.01,"item13",3,0
1116,1.4,4.01,"item14",3,0
1116,1.4,4.01,"item15",1,0
1116,1.4,4.01,"item16",2,0
1116,1.4,4.01,"item17",2,0
1116,1.4,4.01,"item18",2,0
1117,0.55,1.75,"item1",3,0
1117,0.55,1.75,"item2",4,1
1117,0.55,1.75,"item3",3,0
1117,0.55,1.75,"item4",2,0
1117,0.55,1.75,"item5",2,0
1117,0.55,1.75,"item6",1,0
1117,0.55,1.75,"item7",1,0
1117,0.55,1.75,"item8",1,0
1117,0.55,1.75,"item9",1,0
1117,0.55,1.75,"item10",2,0
1117,0.55,1.75,"item11",2,0
1117,0.55,1.75,"item12",1,0
1117,0.55,1.75,"item13",1,0
1117,0.55,1.75,"item14",1,0
1117,0.55,1.75,"item15",1,0
1117,0.55,1.75,"item16",1,0
1117,0.55,1.75,"item17",1,0
1117,0.55,1.75,"item18",1,0
1118,0.73,1.01,"item1",1,0
1118,0.73,1.01,"item2",2,0
1118,0.73,1.01,"item3",1,0
1118,0.73,1.01,"item4",4,1
1118,0.73,1.01,"item5",4,1
1118,0.73,1.01,"item6",4,1
1118,0.73,1.01,"item7",4,1
1118,0.73,1.01,"item8",2,0
1118,0.73,1.01,"item9",2,0
1118,0.73,1.01,"item10",2,0
1118,0.73,1.01,"item11",2,0
1118,0.73,1.01,"item12",2,0
1118,0.73,1.01,"item13",4,1
1118,0.73,1.01,"item14",4,1
1118,0.73,1.01,"item15",3,0
1118,0.73,1.01,"item16",3,0
1118,0.73,1.01,"item17",3,0
1118,0.73,1.01,"item18",2,0
1119,0.93,4.15,"item1",2,0
1119,0.93,4.15,"item2",2,0
1119,0.93,4.15,"item3",2,0
1119,0.93,4.15,"item4",2,0
1119,0.93,4.15,"item5",2,0
1119,0.93,4.15,"item6",2,0
1119,0.93,4.15,"item7",2,0
1119,0.93,4.15,"item8",3,0
1119,0.93,4.15,"item9",2,0
1119,0.93,4.15,"item10",2,0
1119,0.93,4.15,"item11",2,0
1119,0.93,4.15,"item12",2,0
1119,0.93,4.15,"item13",2,0
1119,0.93,4.15,"item14",2,0
1119,0.93,4.15,"item15",2,0
1119,0.93,4.15,"item16",2,0
1119,0.93,4.15,"item17",2,0
1119,0.93,4.15,"item18",2,0
1121,0.5,0.66,"item1",1,0
1121,0.5,0.66,"item2",1,0
1121,0.5,0.66,"item3",2,0
1121,0.5,0.66,"item4",2,0
1121,0.5,0.66,"item5",2,0
1121,0.5,0.66,"item6",2,0
1121,0.5,0.66,"item7",3,0
1121,0.5,0.66,"item8",1,0
1121,0.5,0.66,"item9",1,0
1121,0.5,0.66,"item10",1,0
1121,0.5,0.66,"item11",2,0
1121,0.5,0.66,"item12",1,0
1121,0.5,0.66,"item13",3,0
1121,0.5,0.66,"item14",1,0
1121,0.5,0.66,"item15",1,0
1121,0.5,0.66,"item16",3,0
1121,0.5,0.66,"item17",1,0
1121,0.5,0.66,"item18",2,0
1122,0.98,6.42,"item1",2,0
1122,0.98,6.42,"item2",2,0
1122,0.98,6.42,"item3",2,0
1122,0.98,6.42,"item4",2,0
1122,0.98,6.42,"item5",2,0
1122,0.98,6.42,"item6",2,0
1122,0.98,6.42,"item7",2,0
1122,0.98,6.42,"item8",1,0
1122,0.98,6.42,"item9",1,0
1122,0.98,6.42,"item10",1,0
1122,0.98,6.42,"item11",2,0
1122,0.98,6.42,"item12",1,0
1122,0.98,6.42,"item13",1,0
1122,0.98,6.42,"item14",1,0
1122,0.98,6.42,"item15",1,0
1122,0.98,6.42,"item16",2,0
1122,0.98,6.42,"item17",1,0
1122,0.98,6.42,"item18",2,0
1123,0.87,1.5,"item1",3,0
1123,0.87,1.5,"item2",3,0
1123,0.87,1.5,"item3",3,0
1123,0.87,1.5,"item4",3,0
1123,0.87,1.5,"item5",3,0
1123,0.87,1.5,"item6",3,0
1123,0.87,1.5,"item7",2,0
1123,0.87,1.5,"item8",2,0
1123,0.87,1.5,"item9",2,0
1123,0.87,1.5,"item10",3,0
1123,0.87,1.5,"item11",3,0
1123,0.87,1.5,"item12",4,1
1123,0.87,1.5,"item13",3,0
1123,0.87,1.5,"item14",2,0
1123,0.87,1.5,"item15",2,0
1123,0.87,1.5,"item16",2,0
1123,0.87,1.5,"item17",3,0
1123,0.87,1.5,"item18",3,0
1126,1.03,1.52,"item1",2,0
1126,1.03,1.52,"item2",2,0
1126,1.03,1.52,"item3",2,0
1126,1.03,1.52,"item4",2,0
1126,1.03,1.52,"item5",2,0
1126,1.03,1.52,"item6",2,0
1126,1.03,1.52,"item7",2,0
1126,1.03,1.52,"item8",1,0
1126,1.03,1.52,"item9",2,0
1126,1.03,1.52,"item10",2,0
1126,1.03,1.52,"item11",1,0
1126,1.03,1.52,"item12",1,0
1126,1.03,1.52,"item13",1,0
1126,1.03,1.52,"item14",2,0
1126,1.03,1.52,"item15",1,0
1126,1.03,1.52,"item16",1,0
1126,1.03,1.52,"item17",1,0
1126,1.03,1.52,"item18",1,0
1128,2.07,1.39,"item1",3,0
1128,2.07,1.39,"item2",3,0
1128,2.07,1.39,"item3",3,0
1128,2.07,1.39,"item4",1,0
1128,2.07,1.39,"item5",1,0
1128,2.07,1.39,"item6",1,0
1128,2.07,1.39,"item7",1,0
1128,2.07,1.39,"item8",1,0
1128,2.07,1.39,"item9",1,0
1128,2.07,1.39,"item10",3,0
1128,2.07,1.39,"item11",1,0
1128,2.07,1.39,"item12",1,0
1128,2.07,1.39,"item13",1,0
1128,2.07,1.39,"item14",1,0
1128,2.07,1.39,"item15",1,0
1128,2.07,1.39,"item16",1,0
1128,2.07,1.39,"item17",1,0
1128,2.07,1.39,"item18",1,0
1129,0.56,0.61,"item1",3,0
1129,0.56,0.61,"item2",3,0
1129,0.56,0.61,"item3",3,0
1129,0.56,0.61,"item4",2,0
1129,0.56,0.61,"item5",2,0
1129,0.56,0.61,"item6",3,0
1129,0.56,0.61,"item7",2,0
1129,0.56,0.61,"item8",2,0
1129,0.56,0.61,"item9",2,0
1129,0.56,0.61,"item10",2,0
1129,0.56,0.61,"item11",2,0
1129,0.56,0.61,"item12",2,0
1129,0.56,0.61,"item13",2,0
1129,0.56,0.61,"item14",3,0
1129,0.56,0.61,"item15",2,0
1129,0.56,0.61,"item16",2,0
1129,0.56,0.61,"item17",2,0
1129,0.56,0.61,"item18",1,0
1130,NA,NA,"item1",2,0
1130,NA,NA,"item2",2,0
1130,NA,NA,"item3",2,0
1130,NA,NA,"item4",2,0
1130,NA,NA,"item5",2,0
1130,NA,NA,"item6",2,0
1130,NA,NA,"item7",2,0
1130,NA,NA,"item8",2,0
1130,NA,NA,"item9",2,0
1130,NA,NA,"item10",2,0
1130,NA,NA,"item11",2,0
1130,NA,NA,"item12",2,0
1130,NA,NA,"item13",2,0
1130,NA,NA,"item14",2,0
1130,NA,NA,"item15",2,0
1130,NA,NA,"item16",2,0
1130,NA,NA,"item17",2,0
1130,NA,NA,"item18",2,0
1135,0.56,2.13,"item1",2,0
1135,0.56,2.13,"item2",2,0
1135,0.56,2.13,"item3",2,0
1135,0.56,2.13,"item4",2,0
1135,0.56,2.13,"item5",2,0
1135,0.56,2.13,"item6",2,0
1135,0.56,2.13,"item7",2,0
1135,0.56,2.13,"item8",2,0
1135,0.56,2.13,"item9",3,0
1135,0.56,2.13,"item10",2,0
1135,0.56,2.13,"item11",2,0
1135,0.56,2.13,"item12",2,0
1135,0.56,2.13,"item13",2,0
1135,0.56,2.13,"item14",3,0
1135,0.56,2.13,"item15",2,0
1135,0.56,2.13,"item16",2,0
1135,0.56,2.13,"item17",2,0
1135,0.56,2.13,"item18",1,0
1136,1.12,2.23,"item1",3,0
1136,1.12,2.23,"item2",3,0
1136,1.12,2.23,"item3",3,0
1136,1.12,2.23,"item4",1,0
1136,1.12,2.23,"item5",1,0
1136,1.12,2.23,"item6",1,0
1136,1.12,2.23,"item7",2,0
1136,1.12,2.23,"item8",2,0
1136,1.12,2.23,"item9",1,0
1136,1.12,2.23,"item10",1,0
1136,1.12,2.23,"item11",1,0
1136,1.12,2.23,"item12",1,0
1136,1.12,2.23,"item13",1,0
1136,1.12,2.23,"item14",2,0
1136,1.12,2.23,"item15",1,0
1136,1.12,2.23,"item16",1,0
1136,1.12,2.23,"item17",1,0
1136,1.12,2.23,"item18",1,0
1137,1.04,2.07,"item1",3,0
1137,1.04,2.07,"item2",3,0
1137,1.04,2.07,"item3",3,0
1137,1.04,2.07,"item4",2,0
1137,1.04,2.07,"item5",1,0
1137,1.04,2.07,"item6",2,0
1137,1.04,2.07,"item7",2,0
1137,1.04,2.07,"item8",2,0
1137,1.04,2.07,"item9",1,0
1137,1.04,2.07,"item10",1,0
1137,1.04,2.07,"item11",1,0
1137,1.04,2.07,"item12",1,0
1137,1.04,2.07,"item13",1,0
1137,1.04,2.07,"item14",2,0
1137,1.04,2.07,"item15",1,0
1137,1.04,2.07,"item16",1,0
1137,1.04,2.07,"item17",1,0
1137,1.04,2.07,"item18",1,0
1139,0.47,1.18,"item1",2,0
1139,0.47,1.18,"item2",3,0
1139,0.47,1.18,"item3",2,0
1139,0.47,1.18,"item4",2,0
1139,0.47,1.18,"item5",2,0
1139,0.47,1.18,"item6",2,0
1139,0.47,1.18,"item7",2,0
1139,0.47,1.18,"item8",1,0
1139,0.47,1.18,"item9",2,0
1139,0.47,1.18,"item10",1,0
1139,0.47,1.18,"item11",3,0
1139,0.47,1.18,"item12",1,0
1139,0.47,1.18,"item13",2,0
1139,0.47,1.18,"item14",2,0
1139,0.47,1.18,"item15",1,0
1139,0.47,1.18,"item16",2,0
1139,0.47,1.18,"item17",1,0
1139,0.47,1.18,"item18",2,0
1140,0.58,0.32,"item1",4,1
1140,0.58,0.32,"item2",4,1
1140,0.58,0.32,"item3",4,1
1140,0.58,0.32,"item4",1,0
1140,0.58,0.32,"item5",1,0
1140,0.58,0.32,"item6",1,0
1140,0.58,0.32,"item7",1,0
1140,0.58,0.32,"item8",1,0
1140,0.58,0.32,"item9",1,0
1140,0.58,0.32,"item10",1,0
1140,0.58,0.32,"item11",1,0
1140,0.58,0.32,"item12",1,0
1140,0.58,0.32,"item13",1,0
1140,0.58,0.32,"item14",1,0
1140,0.58,0.32,"item15",1,0
1140,0.58,0.32,"item16",1,0
1140,0.58,0.32,"item17",1,0
1140,0.58,0.32,"item18",1,0
1141,0.84,3.08,"item1",2,0
1141,0.84,3.08,"item2",2,0
1141,0.84,3.08,"item3",2,0
1141,0.84,3.08,"item4",2,0
1141,0.84,3.08,"item5",2,0
1141,0.84,3.08,"item6",2,0
1141,0.84,3.08,"item7",2,0
1141,0.84,3.08,"item8",2,0
1141,0.84,3.08,"item9",2,0
1141,0.84,3.08,"item10",2,0
1141,0.84,3.08,"item11",2,0
1141,0.84,3.08,"item12",2,0
1141,0.84,3.08,"item13",2,0
1141,0.84,3.08,"item14",2,0
1141,0.84,3.08,"item15",2,0
1141,0.84,3.08,"item16",2,0
1141,0.84,3.08,"item17",2,0
1141,0.84,3.08,"item18",2,0
1142,1.08,1.88,"item1",2,0
1142,1.08,1.88,"item2",2,0
1142,1.08,1.88,"item3",2,0
1142,1.08,1.88,"item4",3,0
1142,1.08,1.88,"item5",3,0
1142,1.08,1.88,"item6",3,0
1142,1.08,1.88,"item7",3,0
1142,1.08,1.88,"item8",3,0
1142,1.08,1.88,"item9",3,0
1142,1.08,1.88,"item10",2,0
1142,1.08,1.88,"item11",2,0
1142,1.08,1.88,"item12",2,0
1142,1.08,1.88,"item13",2,0
1142,1.08,1.88,"item14",4,1
1142,1.08,1.88,"item15",4,1
1142,1.08,1.88,"item16",3,0
1142,1.08,1.88,"item17",3,0
1142,1.08,1.88,"item18",2,0
1144,0.9,1.92,"item1",1,0
1144,0.9,1.92,"item2",1,0
1144,0.9,1.92,"item3",1,0
1144,0.9,1.92,"item4",3,0
1144,0.9,1.92,"item5",2,0
1144,0.9,1.92,"item6",4,1
1144,0.9,1.92,"item7",4,1
1144,0.9,1.92,"item8",3,0
1144,0.9,1.92,"item9",3,0
1144,0.9,1.92,"item10",3,0
1144,0.9,1.92,"item11",4,1
1144,0.9,1.92,"item12",4,1
1144,0.9,1.92,"item13",4,1
1144,0.9,1.92,"item14",4,1
1144,0.9,1.92,"item15",3,0
1144,0.9,1.92,"item16",3,0
1144,0.9,1.92,"item17",1,0
1144,0.9,1.92,"item18",1,0
1148,0.55,4.94,"item1",2,0
1148,0.55,4.94,"item2",2,0
1148,0.55,4.94,"item3",2,0
1148,0.55,4.94,"item4",1,0
1148,0.55,4.94,"item5",1,0
1148,0.55,4.94,"item6",2,0
1148,0.55,4.94,"item7",1,0
1148,0.55,4.94,"item8",1,0
1148,0.55,4.94,"item9",2,0
1148,0.55,4.94,"item10",1,0
1148,0.55,4.94,"item11",1,0
1148,0.55,4.94,"item12",1,0
1148,0.55,4.94,"item13",1,0
1148,0.55,4.94,"item14",1,0
1148,0.55,4.94,"item15",1,0
1148,0.55,4.94,"item16",1,0
1148,0.55,4.94,"item17",1,0
1148,0.55,4.94,"item18",1,0
1150,1.26,1.06,"item1",2,0
1150,1.26,1.06,"item2",4,1
1150,1.26,1.06,"item3",4,1
1150,1.26,1.06,"item4",2,0
1150,1.26,1.06,"item5",3,0
1150,1.26,1.06,"item6",2,0
1150,1.26,1.06,"item7",2,0
1150,1.26,1.06,"item8",1,0
1150,1.26,1.06,"item9",1,0
1150,1.26,1.06,"item10",2,0
1150,1.26,1.06,"item11",1,0
1150,1.26,1.06,"item12",1,0
1150,1.26,1.06,"item13",1,0
1150,1.26,1.06,"item14",3,0
1150,1.26,1.06,"item15",2,0
1150,1.26,1.06,"item16",1,0
1150,1.26,1.06,"item17",2,0
1150,1.26,1.06,"item18",1,0
1152,NA,NA,"item1",2,0
1152,NA,NA,"item2",2,0
1152,NA,NA,"item3",2,0
1152,NA,NA,"item4",1,0
1152,NA,NA,"item5",1,0
1152,NA,NA,"item6",2,0
1152,NA,NA,"item7",1,0
1152,NA,NA,"item8",1,0
1152,NA,NA,"item9",1,0
1152,NA,NA,"item10",2,0
1152,NA,NA,"item11",1,0
1152,NA,NA,"item12",1,0
1152,NA,NA,"item13",1,0
1152,NA,NA,"item14",2,0
1152,NA,NA,"item15",1,0
1152,NA,NA,"item16",1,0
1152,NA,NA,"item17",1,0
1152,NA,NA,"item18",1,0
1153,1.11,0.83,"item1",2,0
1153,1.11,0.83,"item2",3,0
1153,1.11,0.83,"item3",3,0
1153,1.11,0.83,"item4",1,0
1153,1.11,0.83,"item5",1,0
1153,1.11,0.83,"item6",2,0
1153,1.11,0.83,"item7",2,0
1153,1.11,0.83,"item8",1,0
1153,1.11,0.83,"item9",1,0
1153,1.11,0.83,"item10",1,0
1153,1.11,0.83,"item11",2,0
1153,1.11,0.83,"item12",1,0
1153,1.11,0.83,"item13",1,0
1153,1.11,0.83,"item14",2,0
1153,1.11,0.83,"item15",1,0
1153,1.11,0.83,"item16",1,0
1153,1.11,0.83,"item17",1,0
1153,1.11,0.83,"item18",1,0
1154,0.55,2.25,"item1",1,0
1154,0.55,2.25,"item2",1,0
1154,0.55,2.25,"item3",1,0
1154,0.55,2.25,"item4",1,0
1154,0.55,2.25,"item5",1,0
1154,0.55,2.25,"item6",1,0
1154,0.55,2.25,"item7",1,0
1154,0.55,2.25,"item8",1,0
1154,0.55,2.25,"item9",1,0
1154,0.55,2.25,"item10",1,0
1154,0.55,2.25,"item11",1,0
1154,0.55,2.25,"item12",1,0
1154,0.55,2.25,"item13",1,0
1154,0.55,2.25,"item14",1,0
1154,0.55,2.25,"item15",1,0
1154,0.55,2.25,"item16",1,0
1154,0.55,2.25,"item17",1,0
1154,0.55,2.25,"item18",1,0
1155,0.62,2,"item1",2,0
1155,0.62,2,"item2",2,0
1155,0.62,2,"item3",2,0
1155,0.62,2,"item4",3,0
1155,0.62,2,"item5",2,0
1155,0.62,2,"item6",3,0
1155,0.62,2,"item7",3,0
1155,0.62,2,"item8",2,0
1155,0.62,2,"item9",2,0
1155,0.62,2,"item10",1,0
1155,0.62,2,"item11",2,0
1155,0.62,2,"item12",2,0
1155,0.62,2,"item13",2,0
1155,0.62,2,"item14",2,0
1155,0.62,2,"item15",2,0
1155,0.62,2,"item16",2,0
1155,0.62,2,"item17",2,0
1155,0.62,2,"item18",1,0
1157,1.4,2.06,"item1",2,0
1157,1.4,2.06,"item2",2,0
1157,1.4,2.06,"item3",2,0
1157,1.4,2.06,"item4",3,0
1157,1.4,2.06,"item5",3,0
1157,1.4,2.06,"item6",3,0
1157,1.4,2.06,"item7",3,0
1157,1.4,2.06,"item8",2,0
1157,1.4,2.06,"item9",3,0
1157,1.4,2.06,"item10",2,0
1157,1.4,2.06,"item11",3,0
1157,1.4,2.06,"item12",2,0
1157,1.4,2.06,"item13",2,0
1157,1.4,2.06,"item14",3,0
1157,1.4,2.06,"item15",2,0
1157,1.4,2.06,"item16",2,0
1157,1.4,2.06,"item17",2,0
1157,1.4,2.06,"item18",2,0
1160,0.57,3.99,"item1",4,1
1160,0.57,3.99,"item2",3,0
1160,0.57,3.99,"item3",4,1
1160,0.57,3.99,"item4",2,0
1160,0.57,3.99,"item5",2,0
1160,0.57,3.99,"item6",2,0
1160,0.57,3.99,"item7",2,0
1160,0.57,3.99,"item8",2,0
1160,0.57,3.99,"item9",1,0
1160,0.57,3.99,"item10",2,0
1160,0.57,3.99,"item11",1,0
1160,0.57,3.99,"item12",2,0
1160,0.57,3.99,"item13",1,0
1160,0.57,3.99,"item14",1,0
1160,0.57,3.99,"item15",2,0
1160,0.57,3.99,"item16",1,0
1160,0.57,3.99,"item17",1,0
1160,0.57,3.99,"item18",1,0
1162,0.58,2.13,"item1",3,0
1162,0.58,2.13,"item2",3,0
1162,0.58,2.13,"item3",3,0
1162,0.58,2.13,"item4",2,0
1162,0.58,2.13,"item5",1,0
1162,0.58,2.13,"item6",1,0
1162,0.58,2.13,"item7",3,0
1162,0.58,2.13,"item8",3,0
1162,0.58,2.13,"item9",3,0
1162,0.58,2.13,"item10",2,0
1162,0.58,2.13,"item11",2,0
1162,0.58,2.13,"item12",2,0
1162,0.58,2.13,"item13",1,0
1162,0.58,2.13,"item14",1,0
1162,0.58,2.13,"item15",1,0
1162,0.58,2.13,"item16",1,0
1162,0.58,2.13,"item17",1,0
1162,0.58,2.13,"item18",1,0
